sample.ID	sex	Population	Population.Description	Super.Population	PC1	PC2	PC3	PC4	PC5	PC6	PC7	PC8	PC9	PC10	PC11	PC12	PC13	PC14	PC15	PC16	PC17	PC18	PC19	PC20
HG00096	1	GBR	British in England and Scotland	EUR	96.9522322135522	141.946377094813	-27.6989005504709	-46.2295444052058	-14.9773202799844	-0.629219150428175	-4.81108379694215	-3.64431103906129	-0.532542383309111	-14.2491554886779	28.3442930920979	-21.1422744903735	-10.4383205053278	20.9085777799949	5.37467962679421	7.29079953611133	-9.6894880448244	-2.11081798371165	0.928687739270462	1.25574410134746
HG00097	2	GBR	British in England and Scotland	EUR	95.3571359054741	142.282025420829	-26.0589201952121	-44.1323453244165	-12.4993409701376	1.39771216904579	-5.41674522875982	0.49939018382325	-2.59024242514345	-10.8396723854864	27.6246878719847	-20.1292321622354	-9.9923525634765	25.1474100259885	14.4231935556501	17.860732435441	-9.60577474256815	-4.50077207157816	0.0509352639649941	-1.82631340418469
HG00099	2	GBR	British in England and Scotland	EUR	97.0512882223201	140.86513331169	-28.6703141803325	-43.5089072110482	-17.5468411992903	0.173571838656809	-5.77973334566174	-2.39887608320273	-3.82221937997423	-14.2963836118162	27.9006826068783	-24.5541210709422	-14.5096229564527	24.6289830400242	8.9303350655688	4.82907469304456	-7.56661936413452	-0.00565000583989283	-7.4995536454755	-1.58101166630999
HG00100	2	GBR	British in England and Scotland	EUR	94.6576848936174	140.912020390945	-27.0806410674251	-43.9776605652386	-8.87539835796572	0.342245933189168	-2.6536030220265	-1.31958995221659	-4.97605223801618	-14.0059690197702	27.9351709303834	-20.9659050987433	-12.7180359518122	31.121383165536	2.53917884431985	13.5904657925607	-6.14903527675252	-0.879406771064511	-4.97467459053658	-0.486493177825456
HG00101	1	GBR	British in England and Scotland	EUR	96.2805661932024	139.427350437287	-28.622999942728	-46.0762527967458	-14.4365189805175	0.209308075288099	-7.76654327529849	0.512661970896776	-2.76213459697127	-14.009872832181	33.1756256676072	-26.7574693043216	-19.5954594558794	28.6103793577052	9.51364996723605	8.8970127375372	-2.46684957255193	0.0718452257181806	0.244554302422129	0.48996386931659
HG00102	2	GBR	British in England and Scotland	EUR	97.9530539134326	140.969839072731	-27.3304796211186	-44.522439559341	-17.9000063002494	0.700964868565667	-6.30972328972704	-1.30384382274593	-0.687183140826913	-11.5146272876944	34.7808102494613	-31.4833622074641	-10.0890003010248	27.4038949898977	7.066532655798	16.5393982667943	-8.85422425271153	-2.20414656773217	-1.09277304494506	0.73828104640634
HG00103	1	GBR	British in England and Scotland	EUR	95.7856822437828	141.061940973537	-28.6029682475387	-47.0994136272957	-10.1743802936409	0.901647249088195	-5.05547206045676	0.405349315481577	-10.5402713645034	-12.8537514224716	23.881509056126	-20.1085898222365	-9.40145987172611	24.0654493357504	4.63957969656899	12.2316167434512	-7.56732783518848	2.22600101542952	6.70784816445706	9.56913843261027
HG00105	1	GBR	British in England and Scotland	EUR	95.7691281677225	141.745936480051	-28.7759731728899	-45.8439825728903	-12.6358277809961	-0.167844372235291	-6.92209845430281	-3.09026268859631	-8.68889990205518	-8.75638142181778	19.6799820313244	-20.4612866750824	-11.2846173451752	26.4351889136484	6.43725646738228	17.7513199965757	-4.05856653481703	1.7211450314512	-1.76889977401861	0.665975874083096
HG00106	2	GBR	British in England and Scotland	EUR	97.8861202564322	141.350601243759	-25.1833245792332	-43.1467375207114	-8.90603932816854	-1.30596410819049	-5.29952762255362	-5.14210142296356	-8.43303154268043	-9.44941865880718	23.2743198442466	-22.6665109705092	-16.2424210209577	21.1029682137445	9.01494750543404	12.8624185522523	-11.0048487570612	1.48178744581246	-0.525182306028363	-1.59748576816481
HG00107	1	GBR	British in England and Scotland	EUR	97.5314398400114	138.948671618044	-29.7364658311165	-44.1921863890798	-15.541614003781	2.38043682108185	-7.06306307175853	-0.14748795436497	-4.79181192614053	-9.56818496710294	29.0102466680317	-24.2648061801573	-14.4938045340639	19.7092020968386	5.5673915031811	14.2161630417523	-6.98260402439727	4.16377025834814	-4.750537352397	-8.73443082528497
HG00108	1	GBR	British in England and Scotland	EUR	95.1927671531723	141.783004903231	-28.0485691444681	-47.4717000379471	-15.3974785434915	-0.310501291550296	-7.47099653047706	-1.839599329095	-1.38281823132537	-10.5754108565755	23.7210872984062	-30.282589598478	-9.23635636938453	22.245344424659	3.62325877968008	22.3727832978925	-6.14972297008335	1.44992966774309	-4.20612121940671	-2.67171896190913
HG00109	1	GBR	British in England and Scotland	EUR	96.5017218900401	141.024724218263	-28.2392559059444	-48.8356807735412	-7.72000575103204	0.67958028794029	-5.77808552834713	-0.619227155493632	-7.9916413194743	-10.8156728788353	28.1898351716567	-25.9807228024895	-3.75398940703377	26.9867167837812	5.48458651486617	5.59625565271376	-5.05258190648275	-2.97832563669894	-1.81676042283745	-6.58443414390963
HG00110	2	GBR	British in England and Scotland	EUR	97.6097850515926	140.130617289226	-26.539696423303	-46.0816652904621	-16.1310039433935	-0.0360864631015829	-7.42893417206568	-1.63033326372528	-8.0674738098202	-13.9108909756139	29.6719948892664	-23.9308389964721	-10.8610202765664	23.5019224689073	2.43200482928215	14.728306561308	-10.5878884693877	0.881922981813558	0.410938384027504	1.83485845021616
HG00111	2	GBR	British in England and Scotland	EUR	96.9650041553303	140.637993617258	-27.0384091331121	-43.8760191003081	-14.3807500500577	0.0901929767279605	-6.59664612041869	0.406780697413404	-1.48783891909494	-14.7010752879735	27.4213273224381	-14.7315447797819	-9.96867530601736	26.542089423527	8.31359323217619	15.8115229027202	-5.77296235338836	-1.44901673734666	-8.96352780604955	-2.46119094481822
HG00112	1	GBR	British in England and Scotland	EUR	96.1237700268521	139.889510523448	-25.3059559187996	-45.3049136418499	-16.4159516255652	0.647026599142221	-8.58105819467038	0.660641953762471	-4.7503484474541	-16.2409162580016	30.2042280974294	-24.1727546298389	-18.6044364420456	26.8211163547419	3.1001344880144	15.7138518589379	-6.85059926209534	8.24999713390015	-4.16699299852488	-7.01687380512467
HG00113	1	GBR	British in England and Scotland	EUR	96.4543715334653	140.943238079572	-27.0253675128035	-45.3374733016717	-11.2838672054651	0.89258173911325	-6.6501094050093	-3.24669788160957	-3.98055650777171	-15.8169944861304	29.8517078324043	-18.1486293706586	-16.2438393543556	25.1094463782973	5.49463517016615	7.59877190239567	-2.96196636997486	2.54444449714978	4.0115826378037	0.461332688773065
HG00114	1	GBR	British in England and Scotland	EUR	96.3243946687516	139.371117288771	-27.1230790498065	-47.3680111398698	-15.5570578951645	1.52381807273714	-4.33267863726755	-0.840004274698517	-1.83433013542094	-14.3266014104248	27.594293306456	-24.9321983870372	-8.37430690671431	23.731073861606	2.50240213117019	18.1984373959011	-6.02770177393937	-0.757406978389735	-6.11201755846912	-4.38635409366632
HG00115	1	GBR	British in England and Scotland	EUR	95.3715420020616	142.09732797246	-28.3165941651992	-46.019865992452	-11.0496354209447	1.11490887194242	-6.82350866725278	-1.15044365966326	-5.35259578775589	-8.47493902130245	25.6899649706957	-21.0905543005364	-3.87744015133927	22.251715068045	-0.158846700603531	10.9777301567192	-11.4201210071191	0.680349852139342	0.0230535900192025	3.58354065289184
HG00116	1	GBR	British in England and Scotland	EUR	98.0958562068429	143.244722735881	-27.8117977252202	-47.0167972660389	-14.1420525454672	0.937382392714913	-9.24900978250238	-3.05427949230346	-6.70349012564512	-12.5454973497802	31.5563892581843	-23.5915274230585	-9.33396450892405	22.3269314292539	1.62903992442216	11.1254763265373	-6.66471940272528	-0.484427383036233	0.636435128020462	4.67724068776459
HG00117	1	GBR	British in England and Scotland	EUR	97.1255943892503	140.241697289703	-27.3732776023904	-44.3348309852934	-16.1513901777885	-0.992208419772729	-5.55682716946301	-0.587637878331464	-2.48691987897832	-10.3982960384629	24.0953360258329	-23.6486160219345	-11.3711724724231	25.3775858909609	8.92628131809018	11.6173824432466	-13.1685139270433	-1.62486012666544	-7.92012716986989	-0.503971328024265
HG00118	2	GBR	British in England and Scotland	EUR	97.4897243245239	141.061136772079	-27.780374442217	-43.3783261064749	-12.8499300283467	0.565284427365264	-9.79494314766236	-0.275854039618649	-4.9342110320608	-12.388874819993	34.2538054219404	-18.925426963709	-6.98678181639277	28.3215463203391	7.41329750101145	16.1377220685909	-11.569673808954	-2.44447271121041	-2.03613579084679	1.30448801076587
HG00119	1	GBR	British in England and Scotland	EUR	95.4576699336045	141.162032946329	-29.8007140667298	-46.5038116761439	-14.8635153221625	0.708855475768728	-6.38475004301973	-0.368769624203903	-8.220567501667	-11.8955918114411	31.0559178137829	-17.256524877988	-7.60194057990731	35.7262010886914	17.8355954605096	17.0582299740143	-6.17417104034507	-0.790486834017387	1.20791835709643	-0.561748003191
HG00120	2	GBR	British in England and Scotland	EUR	96.8208756074068	143.830416663347	-28.7288897082511	-48.0369028929988	-14.9379470387444	0.148147787685501	-4.90890855323228	-3.03812421479922	-9.22989079068911	-13.2996848131646	30.832081691081	-25.9349600042929	-12.8061260675246	29.8836660194699	9.02474869742052	23.7448797500058	-11.2581751650938	-6.63474567345493	-5.56857461920421	-0.571905382820669
HG00121	2	GBR	British in England and Scotland	EUR	97.4507591643696	141.016315242999	-27.1780763837376	-44.7983271911708	-19.977703358129	1.33719505262605	-9.92094179142365	0.506332427377249	-4.18891571594282	-10.8179976197887	30.9780887185265	-22.5809882257292	-10.3680461908291	31.4877568277039	11.931632585686	9.34899364054303	-11.4643597908888	1.2230526377421	-4.1356766649265	-4.02054597454815
HG00122	2	GBR	British in England and Scotland	EUR	96.1214855027491	140.72960057188	-28.2493039880995	-46.2527749850945	-11.6111895353943	-0.0716557855279697	-6.91300176504633	0.262502137623874	-8.88709856219886	-12.8634237177775	26.9153687433355	-19.4981767757639	-8.52835107758641	23.5705517482762	10.0420285556098	6.73178079083356	-10.1228092717324	-5.57220943427875	4.17674193986759	-3.72285802901629
HG00123	2	GBR	British in England and Scotland	EUR	95.0219451485485	142.534625443174	-22.9093736965847	-43.2090440278342	-17.6339145348895	3.27547264137359	-7.07374669241525	1.85485128200633	-11.1565121863569	-11.1155026415505	29.8284842402175	-28.6973289315134	-15.81828382222	30.9865323232701	14.9251615308033	15.6011039499957	-6.54207401405467	8.14713821345937	-8.90109691573134	-4.61402280050346
HG00125	2	GBR	British in England and Scotland	EUR	95.8175356622724	139.081639907792	-28.3839958420128	-43.5894948781786	-15.6681748452641	1.89908505241204	-5.21042235386099	-0.0368790557629981	-6.5474618367308	-15.1773585764276	25.9329951995267	-24.6178445174225	-22.1650739840121	27.7787686479066	4.78858851405156	11.714439888889	-8.97602241626586	8.9119999548681	-5.73232715492613	-2.08114101859029
HG00126	1	GBR	British in England and Scotland	EUR	96.568801177715	144.123866893285	-26.4245414725237	-47.5109342582648	-10.2950991277492	-0.477211680983223	-2.98883849943665	-1.3032883950195	-1.61429694130146	-9.02093977791668	23.2744430400405	-13.0450121827259	-13.1745983685342	18.7813254541317	0.0509115975595975	7.08302457467118	-4.34022667201027	-9.60585300539951	-3.2498261046173	-0.502104595277351
HG00127	2	GBR	British in England and Scotland	EUR	97.1016709431092	143.376631936922	-27.0959655004801	-46.7593360158382	-7.56115445413376	-0.0418719722558273	-7.18805810811738	-1.50977066202788	-1.81013106883021	-10.3103058909028	26.2085438834944	-17.8525968430397	-11.5362028724267	22.1079430211078	7.79752104260095	7.0708019618155	-8.68329740590077	-9.19797699294201	-0.739463517829158	-2.1398255791529
HG00128	2	GBR	British in England and Scotland	EUR	95.5791565554246	143.439347102085	-25.2812807853755	-48.5589615428086	-8.53894252770415	0.226213782531828	-6.66678684085407	-1.73242518822573	-5.60633605744917	-12.8927975339897	23.2809297923315	-23.0833153891792	-4.32410146072339	22.0772058372429	3.004352549425	1.38793893839459	-2.91515089274368	-4.15199716111112	-6.30562752125372	-5.16988588444688
HG00129	1	GBR	British in England and Scotland	EUR	96.5105238821768	140.734739203621	-27.2341491669802	-45.3647838448445	-15.2721048446646	1.21645903695799	-5.1430255330912	0.15527031373833	1.77565781809223	-7.52754977515602	18.9218629982353	-21.2323649373312	-6.12526735598846	17.8963228950942	4.16593423221786	15.2293784424887	-2.64734156408304	-2.10184595951625	2.07215258242893	3.87391973659553
HG00130	2	GBR	British in England and Scotland	EUR	94.5831130108744	143.492954791223	-25.6210194602545	-50.1509838628476	-8.02854779624731	-0.449231992159905	-1.27306680305134	-0.308107645667461	1.61997449263773	-12.5675298603491	28.587933113577	-17.3307036415451	-1.66835946677618	23.1745085115225	9.27318729099236	9.77688154869081	-4.73150885588565	-0.711303882536285	4.15165349532515	0.00298937776785744
HG00131	1	GBR	British in England and Scotland	EUR	95.3544358942264	139.582837128005	-27.2270247470338	-47.1459096229058	-9.36349169974759	0.505393659558705	-3.85923870355739	-2.04029944459114	-2.21676053116904	-10.8033466954474	23.0990709628995	-10.2496292394758	-1.5719667428908	23.1736447068657	0.529182753743158	11.8571959594121	-1.40797010116082	4.50208099910583	-2.14203974722079	-0.302789506073723
HG00132	2	GBR	British in England and Scotland	EUR	95.4250582160677	142.329340525485	-24.9149061959022	-46.078965417448	-7.09149620502983	1.38136712566134	-2.65253274129958	-2.55187392937885	-4.62374899883521	-12.6163821953827	24.4257615372176	-18.7259564724319	-10.7951939413047	20.1674725842002	6.45019610851992	6.02735042550988	-5.47626716744961	-1.24552627970218	3.95674321615811	-0.520846085562496
HG00133	2	GBR	British in England and Scotland	EUR	95.9514033673449	142.552077108652	-26.4565068978756	-45.9545628140534	-6.65937559196314	-0.265680699225015	-5.60291351181641	-1.92444704319219	-4.2817991412092	-10.1238245314187	23.5718065900912	-14.0151767346882	-3.21007165913719	24.8137392667646	-0.288212742861878	5.02701035589103	-5.55521691246555	-2.11593394334961	-0.505236276503137	4.22408608274941
HG00136	1	GBR	British in England and Scotland	EUR	96.8605467843099	139.756248730677	-27.6143922228137	-45.9739823295408	-11.7932917405795	2.06391842389632	-5.11451129828877	-0.595526226114606	-4.09935764294635	-7.55595408952791	21.5382509959155	-18.8657029426236	-14.4227954058949	20.897051267888	1.28640996165247	13.0969108512546	-4.36225292126583	3.68648626698229	-4.79917967373661	-9.37920108504349
HG00137	2	GBR	British in England and Scotland	EUR	96.4579873312779	140.865186778978	-27.1669076128725	-47.4181414725213	-10.5438836231025	1.69939725522111	-5.881121671515	0.889761480791238	-6.8443230367299	-12.3852168057671	24.1225398370006	-16.5489592367439	-3.27188954929443	27.7220178003183	8.69733369704447	9.1727483994583	-6.4343250344677	-1.19029394039264	-3.80027509372425	1.06299601985706
HG00138	1	GBR	British in England and Scotland	EUR	95.0152236554859	142.093881984423	-28.3746147288918	-47.2138777516287	-11.7487962101025	0.858114719871106	-4.22784810292647	-1.49931042749464	-3.42987371368492	-9.32227521603305	21.6770430364281	-15.3608448118768	-8.33460485965961	18.0378684480905	9.15687027742073	7.76005969082904	-0.923193355922505	-2.41774945845856	4.19828263040386	-0.554930708105298
HG00139	1	GBR	British in England and Scotland	EUR	96.4045177806395	143.859704246056	-27.8858410144599	-49.3778471603158	-9.3073797109275	0.992857390948054	-1.97403066762473	-0.150131898494786	-4.60595479259293	-9.34326286133827	19.0809808453433	-15.8358978934386	-5.84112370060073	19.323761794538	2.50604753912543	10.5442608220311	-4.59445860520515	1.93714729201509	-4.96384653413375	0.833982725875594
HG00140	1	GBR	British in England and Scotland	EUR	97.0941761540268	139.921241975991	-25.8367980884961	-46.436891606775	-14.0321285223637	0.800176432050205	-4.32336473315531	-0.612727256259322	-1.79936879098259	-9.12455547625212	25.2520960799102	-22.0120821015634	-4.6419499069555	20.0365869590026	12.6870124720434	7.11307852534349	-2.86255102177368	2.58980601370503	-8.0292597136118	0.965820307248857
HG00141	1	GBR	British in England and Scotland	EUR	98.2341612606043	141.540665955317	-28.4176046307069	-46.3499049787397	-13.2083459366577	0.978114379585072	-7.59162380437926	-0.910483441250152	-6.35464552861013	-7.85492086685668	24.7018248312673	-19.0171077336282	-4.17760931235306	20.8179401256818	8.87717043886941	8.97262589660914	-3.58911627743161	0.279551777495247	-0.176956127585589	-9.257162162819
HG00142	1	GBR	British in England and Scotland	EUR	95.7107966185422	143.149474901171	-25.9893180916348	-49.6504736243071	-9.91685042234403	-0.492895723181441	-5.89463656095584	-0.402597307117695	-4.58393794298152	-8.40929581668517	19.9706859902423	-10.8188671401631	-9.32278089547952	14.3046009278666	1.76167278642913	5.42007749403088	-0.953274501196026	0.294417630189748	-1.50391752711237	3.75870208595922
HG00143	1	GBR	British in England and Scotland	EUR	94.8306785068033	142.215672270843	-26.5259319376822	-45.8640123786309	-11.0358776261907	1.20700314389056	-4.39162673910157	-0.840876385332653	-5.55361914544433	-7.29781894839715	20.2659864049304	-13.2147008910007	-1.88507385406918	12.5739379981497	1.19586623708797	7.28296993624666	-2.03062400169041	2.04670536857873	-4.96024184760861	0.913267197884497
HG00145	1	GBR	British in England and Scotland	EUR	97.1169354934606	139.65913680151	-26.3745636658129	-46.3110085912044	-9.13358248464234	0.896334103080067	-3.83445953992503	-1.66544551575939	-3.9298548311783	-10.9390557046545	25.2526051885526	-18.6499000380334	-7.85852596242319	10.3495011816598	5.50509286578202	5.79764880748258	1.11786914366101	-1.58974302590435	-11.8980791814001	-7.37546044135473
HG00146	2	GBR	British in England and Scotland	EUR	96.6609250468585	140.966912582472	-29.1913963254959	-48.6901444363616	-7.51082114479193	1.17577736803512	-9.37031081831149	0.179733772394409	-1.34509243174945	-10.358292651276	22.2139091136559	-13.7048354355373	-1.8207619198123	20.7064939116806	4.68387793809986	6.25117074719198	0.39682004624563	5.76228667681729	-7.53777086473998	0.00969148923053525
HG00148	1	GBR	British in England and Scotland	EUR	95.7300441406622	141.813861151966	-27.3977239030807	-45.9875904037669	-10.6687972019296	1.82655557265559	-8.06716846445906	-2.83869902475019	-1.47556137696785	-14.9829941831561	28.4342316102233	-19.6093050181668	-9.683032671804	22.5881012909929	5.88183993283011	9.35116374530075	-2.65656502695702	3.27316097479079	-2.54865557734478	-0.810869667008288
HG00149	1	GBR	British in England and Scotland	EUR	94.90695774096	144.217335548229	-30.5378423993117	-49.4578705030652	-14.8526248699397	0.272601507567355	-7.48824244639741	-2.40956855320057	-8.39708052983675	-7.92572968680273	20.2272665508741	-16.1027412423582	-6.08484282915745	21.0760219824108	0.876370531572612	6.53777642517599	-5.48617947371944	-10.5563717704081	-5.9302215356507	1.3347558553729
HG00150	2	GBR	British in England and Scotland	EUR	96.2760259751425	140.325601261994	-28.3108233616427	-47.3603647352028	-10.2045562933595	1.7111911751711	-4.81548277878174	-2.80662142606283	0.813653551104544	-11.2957323660543	25.775296161117	-15.8973995587016	-10.0987878605805	21.1893166656359	8.67334130002616	7.19587476236196	-1.26790082210443	-6.94234038260922	3.57219697264872	0.578520677823962
HG00151	1	GBR	British in England and Scotland	EUR	96.3643169116414	138.632597593602	-26.6349739677353	-44.1076895933725	-11.3351038201884	1.17701659746785	-5.8435056200618	1.73902552475548	-2.11439420852093	-11.3035202549293	25.9223580312695	-13.1515273802592	-4.449375644412	19.4480161687502	5.5266678847799	11.3690049587837	-4.65631261915243	-3.49292484457572	-2.28321571541447	1.30556897771149
HG00154	2	GBR	British in England and Scotland	EUR	96.4647185561987	144.63539405047	-27.6189445099171	-47.8999023979092	-9.53534523647023	0.608883402470529	-1.93585021347882	-1.21251368852665	-7.85438471908795	-7.62825175691527	20.6015501148684	-15.4432522335976	-1.26457649930842	13.3162798145404	5.5067988700135	6.31076466100275	-5.09730614608839	-0.491595668801588	0.754020179223917	-0.82681909217664
HG00155	1	GBR	British in England and Scotland	EUR	99.3160445270755	140.710055779506	-28.8468728488098	-44.8812934090837	-12.0750740070688	-0.353610822477154	-8.06521506191905	-1.60017257143832	-8.45655363565854	-11.8654993913212	25.9388218556074	-22.4270514175038	-7.29806138363837	21.3420050271896	10.6558484566409	10.0074697323478	-2.81974425905411	2.99290979015158	-1.16791438272393	0.330478850514116
HG00157	1	GBR	British in England and Scotland	EUR	95.4367921715063	142.064380968842	-28.1083686708311	-50.5599249036687	-10.9147785637455	1.09375512470825	-4.39604823148735	-3.09557620418821	-2.24176042642914	-10.2072743182329	19.0398983877605	-22.2924523107573	-12.423146602462	18.5144417636271	3.62862015520886	15.5203086912154	-6.03211112460436	-0.404704952227721	-2.0229974520396	1.19853709266777
HG00158	2	GBR	British in England and Scotland	EUR	94.6092121035869	139.018788522137	-30.8287156509354	-42.954192432615	-10.5679004205409	0.0848088043440066	-6.27551047334733	-2.3468558327574	-5.38102973492833	-9.09826592843988	28.4229912099882	-20.6257563335348	-7.40991611921346	19.982007652528	1.52702284515399	7.11725092646741	-2.45465814666606	14.1539181927138	-7.56877178716288	-2.83677850709829
HG00159	1	GBR	British in England and Scotland	EUR	94.5980793885869	141.372860192139	-27.1387337669626	-47.6077923241685	-8.53362388792117	3.00407690423949	-4.81219412170663	-0.872215613538306	-5.29155798496572	-11.9371075294733	28.1405841360038	-17.876582541035	-6.30077573439824	25.5515194986865	1.02880105387979	0.485104533584394	-5.87396507719259	1.00368674543068	-7.19479138791532	2.1247646828764
HG00160	1	GBR	British in England and Scotland	EUR	97.5302445738125	143.783652683599	-28.4746470348115	-49.0984304318097	-11.8806356144308	0.903024709393261	-4.7311131012651	-2.29535216074287	-6.00618375747027	-10.1400878077318	25.1939102476839	-19.5803548528324	-12.9298865549077	21.6582732989958	9.44980352800995	7.27975666087082	-5.58783440972908	4.70055421555113	-5.82248128840399	0.172003413730689
HG00171	2	FIN	Finnish in Finland	EUR	103.562457687762	115.08377873677	-33.4738272783721	-38.5055942697051	-96.9450213474078	1.98935630356621	-27.2357134814844	12.5924448345627	5.40144445617291	14.6524561632297	-26.9387244776134	17.6880422341173	12.3226728979197	-20.8284603123006	-2.19379981882507	-9.77117782145616	5.06588332832219	-6.51680638537545	1.53811660567605	1.74049862227727
HG00173	2	FIN	Finnish in Finland	EUR	101.613753633202	118.194127869728	-33.2839068456447	-41.1681885509771	-89.3779263321942	4.23191942914575	-27.2361952881031	14.3254184178811	3.50350071484529	11.0610643452847	-23.2849005664898	20.409886113187	4.63140135982298	-12.7400089722317	-2.81338782828568	-8.31391131385135	3.43950123713153	-1.20259303820082	-0.0186626909241268	-3.89161688414696
HG00174	2	FIN	Finnish in Finland	EUR	100.045888101858	125.92678127318	-33.6893247431615	-43.4611654526248	-69.8901529863413	4.08194550106406	-21.574012924712	9.50912847509595	3.1267678686327	9.39599097876904	-11.7746529624152	1.83846531443424	0.841218475290022	-4.06438414073463	0.299611637071488	-2.84584316653756	-3.46666080600819	-0.806784655283532	-1.70920701075699	-1.271304758171
HG00176	2	FIN	Finnish in Finland	EUR	100.432428558034	117.260757560142	-32.3699832088541	-42.9976271826093	-88.1883496613481	4.07584245717582	-26.8307267907871	13.8826045149616	7.85973877454845	9.44426421778971	-18.6153377902897	20.1753466832599	8.33236072527709	-24.565717804081	-5.85597958155231	-12.5689522240574	2.3261699944591	5.30076200748692	7.16218771787316	5.60808987475558
HG00177	2	FIN	Finnish in Finland	EUR	100.878657743337	112.88841594231	-30.5376205652902	-38.9885936678074	-90.5188720509548	4.66659367081232	-24.214016237291	12.449827374929	4.86593269470085	11.4905444713315	-20.4659504403397	18.9379976180377	12.9394090291481	-11.4702513937904	-5.8526072656292	-2.51369850996328	-5.26945606784609	7.37363620583423	-3.38975680938116	0.300359409047508
HG00178	2	FIN	Finnish in Finland	EUR	102.037305638695	119.037963608172	-30.536012987514	-44.0031366333326	-83.9803675997066	2.36117365192601	-23.0394391225732	11.4810921797351	5.09294214253423	7.72499673638319	-18.5234643250821	12.0656025134128	7.52761107699343	-4.42087235875166	-1.47644978486579	-9.81827547953202	2.53855433527718	2.8790472279896	1.570023605012	-3.08176041385924
HG00179	2	FIN	Finnish in Finland	EUR	99.0473160695046	117.53690920977	-30.8820368284154	-40.3979282149854	-83.5203462988266	3.20768299671077	-25.0340841924793	13.4081613316499	7.22301727347787	7.59534983693034	-12.5337920122518	6.50979659818783	4.5087517667292	-7.52061332300842	-0.268835117762954	-6.77386405551525	1.8715301623645	-6.2468445789743	0.711963373181231	4.70707349361097
HG00180	2	FIN	Finnish in Finland	EUR	101.365606029171	117.453891856691	-30.3605185649279	-41.442571631271	-82.1661644978485	2.25121199527415	-25.2405783952879	13.2464537068996	2.72494424706369	6.96249358749913	-15.5564308508656	5.1413276143888	1.36060189098607	-8.92807361291272	-1.83562394644512	1.49431482684752	-0.852866563923229	4.54919502612406	4.25402033858314	-2.91253522872565
HG00181	1	FIN	Finnish in Finland	EUR	93.6663375803128	121.633899074008	-24.4725780632017	-41.3359899342381	-53.8480510823947	1.05016554234863	-13.5760372973875	8.93676539591515	2.07192981719354	10.4767913088623	-15.7112798825544	11.3256312729123	15.2260448440275	-22.5147767607961	-13.9975291560115	-10.0933062793552	0.292297685264029	1.425343696858	3.80386451396785	1.6109765489998
HG00182	1	FIN	Finnish in Finland	EUR	98.3224237109294	114.228952266182	-32.9046471285957	-38.5017608838135	-89.4470912558738	3.18992107495977	-25.5770133140841	11.9523422730723	4.98086953745688	14.1413792253611	-20.581811185339	13.9676394884584	3.43838360176131	-15.1421560701535	-4.17772899329907	-10.7422203456613	1.70726387654786	-0.344454181114276	1.77436099776702	-3.51042241525968
HG00183	1	FIN	Finnish in Finland	EUR	100.726355943802	117.291035723922	-29.5266842207812	-40.5229143477345	-92.0566922359817	4.55682445379282	-26.7321126152692	12.9602458180087	5.43676119891672	10.0703200019241	-23.9166476032935	18.5597256499809	4.87047661428039	-14.3028489897109	-11.0429559989824	-6.5700573084836	1.32324020920415	-2.96299919418978	3.06559237389101	-2.48264857005166
HG00185	1	FIN	Finnish in Finland	EUR	101.508550774195	115.446393740922	-31.1897370017726	-42.5730617601771	-91.4601786899528	0.9896672771017	-29.2089297188152	14.4644424661422	5.65139542111656	11.255025777655	-21.4806026278797	8.66054971174006	10.2018190811674	-14.7728572103979	-3.45964890469678	-6.63336785949865	5.18524194564056	-7.25620023659257	0.427762836737804	-2.34105166541381
HG00186	1	FIN	Finnish in Finland	EUR	100.44803852175	118.57652340574	-33.0887122156309	-41.1890633661558	-95.4065612527987	3.08729172464451	-29.9577488932853	13.2360945629186	10.2610679363465	14.5838092068638	-26.9372357493297	18.9379465877428	6.80825932365323	-11.1904920131083	-5.64110033353585	-12.4923123843028	1.06174162818663	1.55782756589397	-1.8082481350944	-1.00739001371254
HG00187	1	FIN	Finnish in Finland	EUR	100.06373058403	114.000368561757	-35.5805983766066	-41.4975148573209	-97.697387707261	2.67306837718617	-26.7442120952749	16.4264592078683	9.47796087182087	15.1062681470808	-30.1885518161411	28.2764623272111	13.6409111121786	-24.6098694798311	-9.64893570920424	-6.25167132082397	7.62306526685573	-8.81032564336942	0.694761956694847	2.5004685869792
HG00188	1	FIN	Finnish in Finland	EUR	101.19651929187	123.254609181227	-32.1340754209725	-42.175616583354	-85.7374970843626	4.25807058767136	-24.0917214440145	10.2858400033568	7.78981302266767	9.36861864863807	-18.4934137769319	14.159101331928	2.96567294943855	-16.0706007813857	-8.33069622710483	-6.51400984823938	5.96464144769334	-0.97627931457801	5.69423868452651	-2.46646839141698
HG00189	1	FIN	Finnish in Finland	EUR	99.956822808639	118.288549129697	-31.2940183994784	-43.1512615317993	-77.7901191991472	3.66953260295342	-23.3437102153579	9.50886386000436	1.48072076579741	11.9230172617157	-17.8178367248454	5.49213440259363	11.1958964237976	-10.36904551137	-6.86116642009149	-1.9988686711238	-1.33692799478538	2.46076855144363	3.11170159579002	2.66529673438045
HG00190	1	FIN	Finnish in Finland	EUR	99.9891342730876	123.393491641478	-28.3044557014087	-42.491623672722	-72.3044287547073	4.04956984946614	-24.6932399446293	8.69954995292088	2.80702504310401	4.64041255464564	-7.90037933864657	2.43142874089018	-1.96688752269337	-2.84949599843356	-4.41245113695891	-1.11478438753068	1.60218367420529	4.31827140769759	-4.8265867444804	3.76035827298163
HG00231	2	GBR	British in England and Scotland	EUR	95.2124825662639	139.977524965486	-27.9565674312221	-44.0421487526215	-3.98246559119006	0.0597976173113986	-4.22345566990282	-2.94169558705898	-4.27869414554192	-10.5430058806771	26.6787272576058	-14.469749889164	-7.91031833786629	22.9437694172714	8.99958971216809	11.2096222095799	-6.09419340546351	-0.432531058131515	-8.30022730452486	-3.41395557595234
HG00232	2	GBR	British in England and Scotland	EUR	95.666978964733	143.531030020615	-25.8038298954476	-43.5891848531713	-10.6720446837529	1.67879846437682	-4.05882667088425	-0.812498616144596	-5.201197809805	-11.7307023157202	26.9877647700354	-10.7899566382156	-12.357127493068	26.3578674902771	4.35632808612853	9.65175152684753	-6.05150964459704	-0.470209666724754	-1.81324347204056	-5.44727453275373
HG00233	2	GBR	British in England and Scotland	EUR	94.4337691978151	142.528165822644	-26.7153624792805	-47.658345369889	-4.07109157003239	0.543949985797367	-2.62595020657293	-2.4577781579494	-3.08953795697233	-12.8703031949145	25.7256900837152	-15.2883027108974	-0.325697260449441	17.7195499049675	5.93502514478943	11.3328042509882	-4.88348782046123	3.76545155200708	-3.16293650466723	-5.76325771059328
HG00234	1	GBR	British in England and Scotland	EUR	96.7011249900658	141.361352135325	-27.3880983034367	-47.3458224234844	-8.66424873153286	1.44216190388346	-3.86037581789837	-1.10540622763678	-5.23844043513158	-12.7675408311065	25.51350507065	-10.6941804446007	-5.65082001237019	19.0854547876317	-0.945321506254592	9.15864238217196	-9.18091995736608	-0.792626057005542	3.04477306767176	-2.35441712305764
HG00235	2	GBR	British in England and Scotland	EUR	94.7539521324238	142.41290939724	-27.3917700255432	-48.8858704657163	-9.00241646516605	0.752454579727403	-4.96356697347313	-0.626645221296553	-5.65104407196632	-9.39770059348444	26.0479652802779	-16.7465098322505	-5.67486625438221	22.0978312622182	2.45362020857051	5.93170492568739	-3.93485363006435	-1.1679774373895	0.275728055586983	2.74453436803932
HG00236	2	GBR	British in England and Scotland	EUR	94.4099231820203	143.330366026695	-27.2364491707861	-46.8393974957212	-8.11460078233861	0.573030920067601	-2.44702952099098	-0.813429305676677	-5.65751169597169	-8.95741047383222	28.0990655166657	-18.1157028805365	-8.24813759761496	26.5846948365172	4.3404802763178	10.5413833429981	-2.53892065162552	0.0491384019470287	-0.482039515555432	2.38137800063824
HG00237	2	GBR	British in England and Scotland	EUR	94.9431877420463	141.761219097289	-25.8477100289094	-47.8138703758526	-6.55367591497926	0.625202237023787	-6.84209108260209	-3.08425708708582	-3.39264244870175	-7.28494288043997	24.013650416246	-15.9559411701521	-5.83535418031306	17.0183392650559	2.75562445274043	11.4250661498454	-6.0839419390209	-0.519292543691319	-3.01256648572538	6.29211305177878
HG00238	2	GBR	British in England and Scotland	EUR	96.1983615521157	140.070083744041	-26.5197445445624	-45.4324491529743	-7.60712125573771	0.308593040778044	-4.6596923248338	-2.65529810263264	-5.44722194268457	-12.2023691689876	27.966992074141	-15.4772106288989	-8.12255445522177	28.377510284964	7.67920007405421	10.6746749802909	-7.55101447454704	1.91064835373292	-4.53410924980434	0.0601531179879916
HG00239	2	GBR	British in England and Scotland	EUR	94.3886622162224	142.380834421049	-26.7219110759147	-47.3590552710573	-14.4250660074991	1.05744023064559	-4.93612376001433	-1.78094308542222	-3.83911975620142	-10.4861427505263	23.04258776278	-15.5210186072983	-10.298212859898	24.9817974765415	2.99250007904937	15.9265528140668	-6.7724961613106	0.360225282437296	-3.75258716416445	-1.22764123692531
HG00240	2	GBR	British in England and Scotland	EUR	97.0156465908305	142.871108742822	-25.6709136839336	-45.0883275198821	-9.19314757142486	0.0415680687120369	-6.53622031534382	-1.64127355805031	-4.47096652442826	-14.1707094934158	24.7113526948361	-18.0861471959876	-12.2908377624729	26.2418303802731	5.04277853340275	10.45552091181	-7.69992120872498	1.59581494456513	-5.77194128504223	-0.133807837870906
HG00242	1	GBR	British in England and Scotland	EUR	95.4579603113285	141.247564567347	-28.6625516577753	-43.6394327217725	-10.1055521650542	3.56822508684996	-6.21065321017502	1.18370530741219	1.02887212238958	-12.1129914724953	23.8987519493488	-16.2327254858299	-7.42354776044313	20.0317908872212	11.7415201544704	12.9525638987641	-4.76357873258917	10.7820443927711	-0.777764725633404	-1.33522871091797
HG00243	1	GBR	British in England and Scotland	EUR	96.1216940396822	142.099283062575	-25.5589902705361	-44.3542167591734	-8.4178556967556	0.106860501730084	-1.27868409841643	-2.34502138827758	-4.85806405593406	-11.4253106363985	21.637205219508	-19.5142847086842	-10.6813239672283	22.9523559833614	10.4552697930191	12.2400180423281	-4.78252246564132	7.69749693478558	-9.3731002937496	-1.58758216652418
HG00244	1	GBR	British in England and Scotland	EUR	95.8431939941837	140.818524144885	-26.9760914291095	-45.4108687137605	-6.74789681427682	0.380691684269743	-4.62057461150078	-3.54307420637458	-0.0387033493893187	-11.932634924867	24.5967232983869	-16.1633684757168	-9.06047160828837	25.0307598548069	6.87588588805183	8.77954314299455	-1.03937098172729	-1.00270763092713	0.76036541898627	0.829413277220392
HG00245	2	GBR	British in England and Scotland	EUR	94.509984908647	140.419005089341	-25.8737765206936	-46.8644210317892	-8.88901988276816	0.413867533880594	-3.40979627488875	-2.00824115136395	-2.1982103748732	-4.84083424849757	19.678987060518	-11.629938886508	-7.64401291414504	14.3159248634436	2.30566967652063	10.7167990218576	-5.9699294047413	-8.41975235156354	-0.0408488882001139	1.45083753107233
HG00246	1	GBR	British in England and Scotland	EUR	95.9144313144444	140.295258655404	-26.5006724005291	-43.9974980910887	-6.27678146701462	-0.145852756347337	-5.10694300146129	-2.98758397028818	-1.10408892290638	-13.3370132253037	22.0570564750441	-18.4417893770466	-10.9140729537442	19.5703598078015	4.87800125051877	9.563804533022	-5.33380605088056	1.23231640879484	1.15117376901904	0.39156946028947
HG00250	2	GBR	British in England and Scotland	EUR	96.3289409046765	140.709227630979	-26.5121684247345	-45.0946725323827	-10.429743622447	1.83127441951428	-4.51728952489405	-1.73225771737764	-6.52621039799568	-12.6662604359567	28.0326094416514	-21.4317030356942	-6.81410592383405	11.9048538798033	0.368938542377591	2.47019428340787	-9.3613235689553	-0.747133859801743	5.41808340231403	2.36334446073198
HG00251	1	GBR	British in England and Scotland	EUR	96.3831335310226	141.163894016042	-26.8843310182888	-43.3523212219801	-4.62291917694053	-0.140796868317739	-2.49117568773438	-2.57823439858528	-5.81185700314839	-14.5214458757305	26.2945555827016	-16.7190916625918	-14.5675261451508	20.6085620128958	8.49688088222407	16.9240400453057	-4.10389506954444	5.75147064965461	-6.15427503346406	0.892917098480849
HG00252	1	GBR	British in England and Scotland	EUR	96.1581396365425	139.414804563814	-27.2623080781352	-47.0246972486724	-11.2708602561133	0.824725147300746	-5.20194249612194	-2.52475868471303	-4.60313371429904	-9.5110668133392	20.5380804698665	-15.0315215367074	-11.7324433462007	21.8437805801545	4.41123366713839	10.9328215672662	-4.2704524752465	-6.89740024204059	-13.4542525915656	-1.84583279768222
HG00253	2	GBR	British in England and Scotland	EUR	95.4534656558478	142.760808308146	-27.9106403416879	-47.2648320749169	-6.39583215920316	-1.43376992048572	-5.87319889944661	-3.11161731525544	-4.18037536296991	-11.28605012111	26.7566896434116	-15.7101127668965	-10.3656574262257	19.4829232350422	0.844922579693236	9.59463979076342	-6.26382506497681	-4.78726055991201	7.14434423507091	1.62414726682493
HG00254	2	GBR	British in England and Scotland	EUR	95.0406885677278	141.745973148179	-24.9676583784769	-44.9955134673682	-7.03613430620346	-1.29130589312424	-7.17751363886881	-0.0442962456097007	-3.97479972948271	-11.3026224230009	25.7311013207358	-9.57316838038507	-15.0678921348796	25.6906331209225	3.71901402725685	10.3914919628578	-8.09740365716684	-2.10599358935536	-4.56239278269467	-3.61215273768013
HG00255	2	GBR	British in England and Scotland	EUR	94.9040663229124	140.074030777462	-27.2528478441586	-45.794803140006	-8.94624295237227	0.647108908199904	-6.94030789911734	-1.38681362939189	-2.61980777997255	-11.6973504677483	24.9563109085436	-14.0957075545409	-8.70134133822285	16.8145521407939	3.64883802972276	12.1032513461103	-2.39128584152451	2.39563549441031	-0.84908965680483	-4.10455288477906
HG00256	1	GBR	British in England and Scotland	EUR	97.6390087082992	143.090708870082	-27.3102767208995	-48.568427471906	-10.4970763002935	-2.42344988442216	-3.44478246223416	-2.01165369145057	-4.28203566515686	-12.0879248892342	23.6693070154848	-16.6381924841002	-11.4350234119012	20.5506187213371	10.2903270649123	12.3045740397606	-7.29818357966806	-3.05510803528185	2.23210919763815	-1.54548585879032
HG00257	2	GBR	British in England and Scotland	EUR	95.6004083016602	142.733693243398	-26.7012933525679	-44.6863497273744	-10.2183971432567	-1.02667874185162	-1.69241687380579	-1.84283574610115	-5.24420629088433	-9.04619340338645	21.5403652550702	-19.3409468288171	-8.8454784993972	19.7336252777954	4.70452019120492	6.03859319835324	-1.9040575816709	4.15689876771351	-5.03678911602748	-4.60454753637629
HG00258	2	GBR	British in England and Scotland	EUR	96.5207647628803	142.574889694997	-30.8060756027368	-50.7812581538741	-8.70650154460871	2.04070234934182	-4.82929064518829	-2.66411980991651	-5.5528411979578	-9.03529243501614	19.4201200645472	-16.6217062751918	-9.46882510172347	19.9373534323449	6.37971427467818	11.5860169959686	-6.3128188337041	-2.18666382040315	-2.656362203686	2.00603735032614
HG00259	2	GBR	British in England and Scotland	EUR	96.0548430030105	142.391905211904	-25.3263104361493	-49.167045714234	-6.6465076665946	2.82498708296769	-3.46165009667657	-2.10778009110314	-4.57602015725236	-12.4305819367078	25.864044040863	-14.1800208290631	-4.89677143101412	13.9645655753761	0.0446922105574333	11.1398171354092	-2.98451883050741	5.5552600144833	3.33604673947278	-3.18139912731568
HG00260	1	GBR	British in England and Scotland	EUR	95.5020206438163	141.959875253254	-28.2937564130701	-46.564242216829	-10.7299270249571	1.32881236112469	-5.77580771429271	-0.363028146428706	-4.64219829375956	-8.24702314282358	18.0416585649171	-14.0418049110966	-11.7920944030918	22.2237186221888	2.4767559070432	8.04153684137913	-2.19632480580981	8.8893198994021	-4.98645790374262	-2.76161203649633
HG00261	2	GBR	British in England and Scotland	EUR	96.360039237729	140.754779858897	-26.9554784602575	-49.0519766421279	-5.53860765958114	1.99153855717615	-4.45468917729099	-1.20938701783717	-3.10993585876885	-10.1535963777135	23.6803137333437	-13.2935814283896	-14.1489860563134	26.9892497866755	6.26571712974046	9.41878927767123	-5.48649172732511	-2.70566556560503	1.15606457291416	1.05748229248152
HG00262	2	GBR	British in England and Scotland	EUR	97.3302030206932	142.996266074513	-26.421297760687	-46.0135916009986	-11.3838425406536	3.41189143421614	-6.33769600897367	-1.94675379653325	-8.40020591075308	-10.1869592882091	28.577760233003	-17.2273890118496	-4.88947019885074	18.5124454852359	-0.487333206028121	8.69669395739237	-3.49147183719362	-2.5053703119126	-8.0533975855392	-1.23717660718498
HG00263	2	GBR	British in England and Scotland	EUR	96.6220548983889	141.40795611159	-25.1810961119408	-44.8714147662569	-4.97522295383629	0.23911543700105	-3.2989108863058	-3.70958200039986	-0.194478018123376	-12.0770261579393	28.5045348653769	-22.9460906774327	-6.50357502138586	19.7147410105559	5.6026248058197	3.73500028398872	-3.42742272545469	-1.83645998059768	0.211664289536417	-0.876608350558815
HG00264	1	GBR	British in England and Scotland	EUR	95.3903257554561	141.267774653078	-28.9536443261444	-45.0771205688055	-7.18533767799316	-1.61951523245861	-3.35582074770278	-3.55740408511268	0.610460247970203	-11.2567301488585	28.3801310602613	-19.8691979204601	-12.250293590504	29.509256305161	3.67904043596085	10.0320921757734	-4.34227523326678	0.630973397821745	0.383718797658489	0.523232589254896
HG00265	1	GBR	British in England and Scotland	EUR	98.7736236846083	144.203311243082	-25.9987758447665	-46.5037062685555	-10.5482562690898	1.34746937295941	-6.42005031446964	-1.88807289420446	-8.4839888657942	-10.4074331814678	19.00085669553	-16.9362835492921	-9.98113347728187	30.3394597340903	6.24326717833461	13.4718560170154	-7.98278496772353	-5.56181499902506	2.0288836638222	-1.0989030320049
HG00266	2	FIN	Finnish in Finland	EUR	98.9882101482024	118.893299578601	-30.9330840373532	-41.8172544341427	-88.757949424914	3.02362799759914	-27.4989025446364	15.4156697802639	5.13259949142672	11.3349677200142	-23.1780586986822	19.7144152534807	10.3941912253393	-22.1262470912658	-2.88158556039737	-13.193571691526	4.77391917440688	-2.34114709822675	3.32370635227241	3.25878905588057
HG00267	1	FIN	Finnish in Finland	EUR	100.712664259406	115.891607697582	-29.4451635790189	-44.0621083597872	-92.6281940316433	3.08682143136727	-26.9791135247051	14.1355535141401	9.84339129217193	12.979192035714	-20.6578000741444	6.00485876102737	11.0828194801759	-16.1242085633182	-8.21703261512267	-5.70978016255107	4.44973999644157	9.41461579773547	4.90834152633856	7.17490591884354
HG00268	2	FIN	Finnish in Finland	EUR	100.224241840027	123.178845695634	-30.9744815039907	-43.7990133153549	-79.4086124574297	5.54481745419805	-28.0775491156534	10.088679429471	-0.156083435497232	4.78583297106542	-12.7434486282953	10.0364085930157	4.7900437212959	-10.2350631252643	0.839842745714395	-2.18511391685147	-2.38866884211935	-6.47769587421034	2.46485486065629	0.870237936498605
HG00269	2	FIN	Finnish in Finland	EUR	99.9376995496635	118.281076373333	-30.6906680694946	-40.1131980701058	-95.5776690783669	4.26851802822792	-31.4014874954894	13.7621652973736	2.57151497012274	15.7003918297188	-30.5017347646976	15.0571915695895	5.8960578535243	-15.1509177664898	-5.0037206323008	-5.95218602484799	1.79367843841298	0.159346531123256	-3.86064512442292	1.1929626703662
HG00271	1	FIN	Finnish in Finland	EUR	101.24407325959	113.964114227112	-30.5121804454498	-41.9147837018084	-107.11389941366	4.5301434660193	-32.7334089994278	16.4761316121652	13.4322679927986	16.0314717967001	-31.9740373895839	26.5553405212713	7.05892232001952	-22.9948468340941	-2.59801719907464	-5.08164923857777	4.04480088063305	-8.34047464807189	4.47324671355876	-0.710892730884294
HG00272	2	FIN	Finnish in Finland	EUR	99.6282611186291	110.420902861007	-29.9100121483608	-39.2186360570333	-99.1536557862608	4.21033748999302	-31.6924668016906	13.7783014300592	9.93259925459745	16.8073438239259	-27.8847880821354	18.6699772255545	12.0013482173376	-22.8278351024253	-2.52287219789838	-9.99846572662485	5.04651774924402	0.111266277360555	-0.377299476868282	0.766544662570323
HG00273	1	FIN	Finnish in Finland	EUR	99.52251331683	122.032325755238	-32.2382567996361	-45.898475868573	-79.7989582409218	2.63955903505747	-23.7723773992772	9.7206642793658	1.34099555669313	5.51710048351507	-10.1429526975514	13.5625451543191	5.57739987079157	-9.49801744689594	1.30817610240919	-5.39049696618438	1.66900211782002	-5.9925164606376	6.92554136765681	5.07906528268108
HG00274	2	FIN	Finnish in Finland	EUR	101.633823615564	123.137676613336	-35.031217636038	-43.72646311164	-84.0890984977802	4.35806530764247	-25.2509439144654	11.5365670686434	3.33823268935126	6.44339097428513	-12.2328067081856	13.2915906686827	4.6383380369709	-16.5784091256306	-3.95806756309818	-12.4232255592057	5.89533307640464	-6.11522965930075	0.742226029181877	2.46179426895261
HG00275	2	FIN	Finnish in Finland	EUR	99.9538993250078	124.886555091864	-31.4403624812935	-44.4740488317162	-76.1951656188351	3.0619401224731	-24.2016068574932	8.69053449575431	8.48295504906579	6.93096448449366	-13.564203126294	8.80277675398279	3.58184665386472	-6.999317869627	-6.03881843644675	-4.77844807654391	2.66662695544804	4.91696969013445	-0.52175410178669	2.30644686856401
HG00276	2	FIN	Finnish in Finland	EUR	98.2469808139782	119.064325213331	-33.3238336381976	-40.5725533753039	-88.587990622797	3.17924900581046	-26.0008460997122	13.0140458685553	8.54211424448119	10.5228707802875	-20.2463319692632	12.2532936763542	4.55759220559384	-22.0379833556078	-3.7613231605201	-6.48453187010547	2.9165841608632	0.172893540144868	0.424141497140717	-7.02800240672384
HG00277	1	FIN	Finnish in Finland	EUR	99.8951261845233	126.928943331002	-28.8857585690303	-41.5593684596303	-64.0316713752495	2.62443782112909	-21.7952723425493	6.91549753661204	1.98666639890499	1.77458829356269	0.960082889452103	4.9454170764977	3.04458246271364	3.68868471919817	-2.89675105288428	7.3621139261366	2.67773785568286	3.20384202447264	-1.05350705913334	3.60018758350617
HG00278	1	FIN	Finnish in Finland	EUR	100.505177761723	117.925544918734	-28.6580103286695	-39.9302610666791	-91.6523834750435	4.64521085296229	-30.1016718538305	13.6631480132733	5.6229319687625	10.8703691631749	-26.2918211771352	21.243972595326	8.74490896556425	-11.6882102367776	-9.16163417398828	-13.8186890819896	6.26410563628051	-6.92022968872482	-4.6149617161451	-3.82436799442502
HG00280	1	FIN	Finnish in Finland	EUR	100.84882422952	120.390586194307	-31.4062405311938	-44.5965457183362	-88.2122346919352	3.31317576536761	-26.1767198196861	12.7307134156633	7.60468097563165	9.10817401665282	-21.10980774872	17.4005992174953	4.50735372051878	-10.6172784746549	-1.437410740946	2.18902409638766	4.88444860541516	0.349493514230074	-5.30562340160351	3.88213530558018
HG00281	2	FIN	Finnish in Finland	EUR	101.862887210664	120.052244175458	-31.6231108875401	-39.3958581854726	-85.2799711187794	2.74509485995514	-27.1484230436801	11.6935799236741	4.7322141443675	10.3429664001695	-20.1449758157321	17.4447222817393	3.26898020998087	-12.410616325305	2.16141000523835	-2.21414249827636	1.99300588826783	13.6522340089744	0.625576643261979	-0.305285204793878
HG00282	2	FIN	Finnish in Finland	EUR	101.159528922547	118.486890491858	-29.945535087535	-43.1981055125221	-91.8266187270266	3.41905624692585	-25.7855403537164	12.9357909041215	7.10555660806358	9.12773145712828	-22.23098834969	10.101399856207	7.11512837221198	-13.1706944372702	-6.81730025409008	-11.4384284132787	0.943875012138832	-6.11189134172776	3.29550341552161	-0.990227891404949
HG00284	1	FIN	Finnish in Finland	EUR	101.187089099668	119.319436407736	-30.9510801559207	-41.8256931637698	-84.9492578715429	2.63718653292085	-25.09497408832	11.3393958911207	2.84291034168261	10.8746025109386	-20.4752546191805	11.8542152311915	11.5640380361513	-22.4197967366011	-6.54420198729028	-8.34246996571594	2.87229721518169	3.38688679019216	3.02597846100785	-1.24085488314625
HG00285	2	FIN	Finnish in Finland	EUR	100.128045268221	115.022667382522	-31.2960448019728	-41.9156121299474	-98.5822261524493	3.90371051258081	-31.8723597187848	13.9905519493371	8.61748482288856	12.3489607169871	-24.6228658460564	19.8651973542966	3.13655397775074	-21.0608277717465	-4.87342043288326	-11.7691334613905	5.40835800758097	1.36675469442138	-1.16976274562621	-4.29149701673737
HG00288	2	FIN	Finnish in Finland	EUR	102.674021709084	120.201197522615	-30.4835305761321	-39.226121601648	-101.568209773524	3.57120569826473	-29.7505882444294	16.487930199432	5.03083738530205	11.9074475887933	-27.9247359156493	16.4492986893619	10.9019879263008	-17.2482646486839	-7.75370094887511	-11.0756319437274	2.48420672470065	-0.0646361017081529	4.12628198343535	-0.23989238640875
HG00290	1	FIN	Finnish in Finland	EUR	101.835508628194	114.959534846512	-29.8216471656645	-40.0586208882654	-103.47009730951	4.30707856984408	-29.6851397793504	16.0561119016232	4.88919975673165	13.675839250224	-28.1449628123883	15.6691024155794	10.3559348363348	-17.7241490927056	-3.29230997143211	-4.14475804698901	8.4558931327546	-2.31020997005887	1.88471303269412	1.30457079580201
HG00304	2	FIN	Finnish in Finland	EUR	99.3274270868932	119.445979961705	-31.1699190788394	-41.7971029372507	-98.2263582420108	3.16330351409766	-31.1084883185027	14.4484700812649	9.00353443395953	14.7294349400486	-29.862832800499	18.0207087242364	10.3121351493466	-23.4259117553147	-7.58354808982661	-10.5400785601804	1.11192560135805	-2.97831460561181	3.23801446451339	-1.78311952249636
HG00306	2	FIN	Finnish in Finland	EUR	101.376914147048	125.210545226399	-28.4771432649247	-40.2630005326836	-71.9061185813058	3.8449352506349	-23.3233284716126	6.7031653967815	2.64697752410888	4.85828624102137	-4.24720793953978	1.40122297034739	-1.98720457956696	-1.41711484391348	-3.44193737995749	6.21341066576849	-0.252033997760355	3.06807658587375	-1.47150746247412	4.69715085197419
HG00308	1	FIN	Finnish in Finland	EUR	99.0081686744249	116.750964688757	-33.1847720847291	-43.9887143780206	-81.9793653648438	3.27721169134674	-26.9141005941494	10.473998146948	4.73002267712748	11.4778903475981	-22.1174115123081	17.0440327090048	7.29243487841462	-8.21606915689747	-7.29338641531726	-1.62084314553663	1.31631039824859	-0.388861293390483	0.566590174899481	-1.00463735565523
HG00309	2	FIN	Finnish in Finland	EUR	98.9310677271223	118.48562810562	-33.118327682215	-41.426159040763	-83.2072452616299	4.50381189504038	-24.6175924257591	13.2451364102265	3.67015986086263	10.2674320557816	-21.5435369488723	14.672407098223	8.23435822860277	-15.2232326656947	-1.48793831323722	-0.813745663046062	3.74437842277923	-1.0404996385199	6.00157371020574	-0.347455949154944
HG00310	1	FIN	Finnish in Finland	EUR	101.020154700675	124.688230513112	-31.3662087032322	-43.3167332960142	-77.4435387062498	3.94210023377603	-24.3879050330813	9.42993849956538	4.66108952949132	5.26270759256169	-4.86676958172915	6.8789011390495	-0.949517281444956	-2.52354139696243	-4.79507816775923	-2.30680810799775	-0.88383610933824	-7.28093573215809	1.11626954737096	3.71773160172747
HG00311	1	FIN	Finnish in Finland	EUR	100.398055630583	128.517642028269	-31.2449452837312	-44.4131967416522	-63.9539580613827	2.2210778682835	-19.0906026720848	9.02706292503891	0.703856430508952	-0.0643854444785353	-3.94279731748364	2.4655990102121	2.68424882970675	-5.12089162044514	-4.67213415314765	-7.03794993139338	-0.809707675112474	-3.68166606611038	-1.05321758508561	3.1351439180862
HG00313	2	FIN	Finnish in Finland	EUR	101.251654809995	117.271469770028	-32.4306524754596	-41.7801149022017	-92.708468145008	2.90493465794389	-28.4867291167964	12.3738218501499	8.86240978343212	14.3695234789902	-25.6034806969977	13.125952524842	8.50379069495805	-18.2695171692805	-1.53444041524737	-8.50449511141378	1.20570288388063	-6.92100420048817	-7.44394553385465	-5.90386561614318
HG00315	2	FIN	Finnish in Finland	EUR	101.098010819252	117.95614964136	-34.0865169271808	-39.2353436669791	-84.838878463197	4.18099557170307	-25.6425594946907	11.740094001951	5.77718394239789	8.16895737485622	-18.8783409637477	15.590622981174	14.1917433339221	-8.19687041046147	-6.50324060643	-9.93877138161304	-0.627170890697069	8.33377252491391	2.14886935127286	-5.8233671080888
HG00318	2	FIN	Finnish in Finland	EUR	99.8377948677249	125.188462234846	-30.7103491010906	-43.2035626384625	-83.6877840170201	2.43586627096387	-25.1883000467962	9.89969290686409	2.2104736627001	6.47706193612338	-8.99586619415648	3.0700357147515	3.68919685342829	-7.55299801043128	-1.52204950818687	-3.25454612569759	-0.115295705118016	-3.59096896913652	0.684545285366545	3.32547290409407
HG00319	2	FIN	Finnish in Finland	EUR	100.954496438968	118.552886431725	-31.5920160490694	-43.0729229087217	-90.1258252671972	3.43087211025808	-28.616386649366	12.3867707398449	9.60898012998858	13.3968270155086	-18.0904396343441	10.1526655476597	2.25306495677078	-7.14138020966512	-3.01925188035675	-2.92763854487685	1.08608867276343	2.34139945581477	5.25193403825844	0.0986233863855705
HG00320	2	FIN	Finnish in Finland	EUR	100.138433875761	120.840709305337	-31.2967032701507	-39.8121961775055	-76.0809039703874	0.954602900178884	-25.8577479678019	10.3845875805796	4.00488207879298	7.09099003208956	-14.0834025758505	8.44493013265981	1.13724113995844	-9.1561635315357	-0.349181036806783	-6.56170651963352	-0.439963320697839	-2.38377268981905	0.0868805464767163	2.34395206903021
HG00321	1	FIN	Finnish in Finland	EUR	101.500535047307	117.16790854686	-32.4301722898352	-41.3483217213232	-86.4932251367929	1.95413061267337	-26.9103510317085	12.2233408632746	7.73966336152585	7.85395866208065	-22.8425651374911	16.3076681377396	10.8137954012726	-10.1362246773608	-4.61994862959117	-5.58101912749131	0.0859758074523448	1.74123966201731	1.83655132725523	1.77153365759018
HG00323	2	FIN	Finnish in Finland	EUR	100.562417681792	116.170303536008	-30.4979988202952	-44.171576151402	-101.444662819967	2.73019724062117	-33.1575754077277	14.9869549954148	7.83599941254534	12.5970961601337	-29.6851842143212	16.0838601172199	10.8131342293092	-24.1728889647242	-6.12621467083685	-5.8089015831427	5.73586988777999	-3.6116428608911	2.34986961394937	2.77864345415591
HG00324	2	FIN	Finnish in Finland	EUR	99.36585184362	118.171281573107	-35.4798100856166	-41.9962859444383	-101.435971249061	3.30736976431684	-31.1883544103899	14.2874207390574	7.43716272053253	12.0267496005952	-29.1752962154971	16.679307748138	10.5546324256892	-23.9497873858776	-6.24379503705361	-5.9251326653459	-1.2616142842707	-2.22454684057366	8.75112543835209	3.56317134521458
HG00325	1	FIN	Finnish in Finland	EUR	104.14165573114	113.480809603284	-34.0901509730654	-43.3680712762994	-102.858608407516	3.38064313918607	-32.3700660424778	14.0492737116145	4.79517116807888	13.9584759510515	-28.0671499182116	17.3502856356917	11.6703228290781	-21.4864357830965	-8.63866280264165	-9.55910001831945	5.74891704644806	-1.661331955082	-2.04316176336224	0.976831848233463
HG00326	2	FIN	Finnish in Finland	EUR	99.2145085114988	120.838087480516	-32.5781549346866	-43.6150518613674	-89.4334236028598	4.85628116241904	-25.4816666754602	13.7254421665547	-2.58757682065088	10.1866342008411	-17.7324639257754	12.134950367535	9.17555168599318	-10.6031413409489	-4.05823095371208	-1.23057612251572	5.26135716022167	-0.924719247821966	2.37952546590629	-2.2158686952402
HG00327	2	FIN	Finnish in Finland	EUR	99.5681143971814	118.380761634336	-30.6071648657464	-41.9570740412098	-86.978324639834	2.24230668892141	-26.2800917637814	13.6785203952372	6.25435183741016	10.3237602551645	-23.3052373434822	6.13631074893043	5.29074441247499	-14.5023352130364	-5.71169982273103	-3.90291509923358	6.23321086253092	4.67272316637217	1.49741905026083	-0.435816032238817
HG00328	2	FIN	Finnish in Finland	EUR	101.185383237345	121.651296025803	-33.8419194243073	-40.5893770464451	-87.0043861126348	3.41243016819238	-26.3342417667099	13.1449702394873	10.765042023757	12.0477705218014	-22.5498231519697	18.9554931267171	4.52401753247096	-14.9708202865191	-9.67396502334426	-5.09764527444106	1.13296648357801	0.099015178660635	1.91576724335648	-0.171289831415041
HG00329	1	FIN	Finnish in Finland	EUR	100.067431728314	124.025514770948	-28.8887729046431	-43.1606329572476	-75.8838606228951	2.94351115212671	-22.7550118468661	9.99160791440663	10.9210741712651	10.1324633714335	-15.7721391811219	7.80112301866981	7.15324057294417	-8.26069276003491	-0.15519547196836	-3.89552309191596	-1.09271178682101	-1.57358930622236	-1.50376162885759	3.89077102984373
HG00330	2	FIN	Finnish in Finland	EUR	98.5456850475663	121.308599375425	-33.0434176408904	-42.7646790137407	-81.2306500551048	3.65866816794177	-23.2444940916608	10.8159794072438	4.47201433244342	6.11923301993471	-17.1792799242716	9.65119953352315	-1.98371785833629	0.606559435165784	-4.6346279854601	8.80849218276001	-1.06695823311851	-11.8496990321119	2.65606457714121	-1.78115922068531
HG00331	2	FIN	Finnish in Finland	EUR	99.9773974092207	120.821715232991	-31.2376114277596	-41.1698882017939	-78.1907677102243	2.61234614339134	-19.3856958876274	10.5887392748296	5.93778775041393	6.83557784583795	-9.630896184999	3.36951266112637	7.96023262312041	-11.2267151012187	-5.34859249662891	-4.1323207474457	0.948706131240231	2.14998502016971	-2.7752992170563	-5.15609748862184
HG00332	2	FIN	Finnish in Finland	EUR	99.4667281361886	121.061869843442	-30.7581239583398	-40.7733110360662	-74.380245509868	5.4971308943267	-24.6958161364595	9.04185231390102	8.90110776250304	7.24713519024005	-11.8907122250523	5.9849199907102	8.43571271797476	-9.43905568489558	1.36585528131315	0.921491994391317	0.0697493498121015	-8.66683593318817	7.25849397959314	1.16065586191881
HG00334	2	FIN	Finnish in Finland	EUR	99.9585701457433	126.20753533424	-32.5649508704843	-43.4412568064553	-76.9564619594766	2.54477846266271	-24.78762363827	10.1907731196886	2.53590881916319	8.01657232229855	-12.9664797475108	6.05053151304387	2.86681276418901	-0.495759517919384	-4.35938502731306	-5.04626656057677	-1.44918186721873	-0.912220924591055	-0.521599737438812	0.18123304014065
HG00335	1	FIN	Finnish in Finland	EUR	100.326902947513	122.106463641583	-33.0666650375909	-44.3373340824292	-86.4180822858904	4.18900039263597	-24.4230322418629	13.0236809340343	6.19830780564332	9.33077065885618	-15.3578982669896	9.97501987163868	11.4664768815299	-15.498369853573	-8.74222324928348	-5.0692649884954	2.59882935380677	3.93891325115832	-3.11450074600085	1.80025627595317
HG00336	1	FIN	Finnish in Finland	EUR	101.203032598685	116.937962634058	-29.1735080941767	-44.4630714856738	-88.2889682423278	5.10732987874677	-22.4825557586921	13.6206719993887	7.07688388332131	12.2595640341631	-25.4452516599549	14.0870803377999	5.62417627178911	-13.8464943986518	-3.13080986590712	-9.99206709409883	2.70001803280045	4.66860847832955	2.70214299648357	7.5493666573098
HG00337	2	FIN	Finnish in Finland	EUR	100.445043580977	125.118653047108	-31.9151605793424	-42.6007091234505	-74.184779646435	3.17177334613215	-24.4965833867699	9.35021895799808	3.74213089815713	4.0520355364474	-7.30367411082832	4.16933000837611	3.57073688032149	-6.96347758862751	2.26367879024836	3.14153590549785	-0.559917285759204	5.97124904731378	-1.87362125893516	2.33055235714277
HG00338	1	FIN	Finnish in Finland	EUR	98.9035970622039	123.001952975629	-31.5812620701574	-42.363884238666	-88.6400248273011	2.64975871597844	-26.8925457027719	12.0670207412403	2.91970476578853	10.1186386474838	-18.9727390188839	9.81021353542613	2.95057365036825	-13.9618222499726	-0.869826062543519	-3.79797397691291	3.51571682088451	-4.37668566010732	1.14731493627419	-6.38527127144699
HG00339	2	FIN	Finnish in Finland	EUR	99.8470201157263	118.420036020298	-28.2853211191384	-43.1955110328383	-77.5784991286969	3.35534078013165	-23.9537695479242	10.163912898367	0.60626377073823	10.5982610198093	-18.6046386456695	8.97212802643783	3.13254650393441	-5.30027908820068	-2.71648533066553	-0.69898319822569	2.21845665280742	-2.9133197188296	0.286742005789102	3.59089202029699
HG00341	1	FIN	Finnish in Finland	EUR	94.8193932297338	121.688619234848	-25.9076985604231	-40.1854183674814	-53.6036805610376	3.52836642164501	-15.1155597921319	7.9951864320342	6.58930542187134	5.54011690015569	-13.674050058124	14.2025338540324	7.8100810283008	-14.5276014029709	-0.979342374429336	-9.82999395049703	0.848246662890069	5.76933172726258	2.06781752884522	-3.0415051926277
HG00342	1	FIN	Finnish in Finland	EUR	101.630271140771	117.271556585028	-32.9753769156567	-44.2997498350764	-95.5388604262693	3.24095833322844	-26.9190711575585	12.3261207844335	9.60872726471163	11.6602244033909	-27.7763329722416	19.4512638007018	8.74376917088687	-15.9034452700347	-2.52602333350544	-8.85821379546426	3.48928601234582	3.29416377366533	4.54611097690153	1.33222222101374
HG00343	2	FIN	Finnish in Finland	EUR	99.9023363774962	120.224405475996	-31.9778168284135	-42.7656651299998	-91.2465344494613	3.71574863830098	-27.6520402422184	15.0601578017531	6.05985645042565	11.2737237633305	-22.4894490219672	7.61066018924879	9.35748307099382	-17.3894373037582	-9.52954510870707	-6.27119505449064	4.37460049537846	-2.68803995736174	3.20230923104236	0.265008823568983
HG00344	2	FIN	Finnish in Finland	EUR	99.2096064755596	129.550612602249	-28.8337603696552	-43.3600366970969	-51.9067295968005	4.0070399615555	-17.4420150202768	6.67917101156752	-1.76901812400695	-0.182230470241928	0.691937914280267	-1.84404787782432	-3.15672615007016	-1.64725473317404	1.68251110035006	1.14407089936643	-2.11222327050502	7.78805826307286	2.66802619637577	3.52069092768082
HG00345	1	FIN	Finnish in Finland	EUR	100.503540054443	119.668326185857	-32.002542128579	-42.7238867542678	-87.1118233484512	1.7741528316453	-27.3743167337965	13.1444836884704	3.75180653582538	11.3057774845571	-18.9324183844742	13.635976228779	3.98275308355442	-13.5940199564831	-10.0383931078717	-10.6439178492715	2.37242545885221	-4.24844683664702	6.43957954134784	2.84874349712438
HG00346	2	FIN	Finnish in Finland	EUR	100.00133639582	124.373479951232	-34.2065817863059	-44.8095084315362	-77.8353648444477	4.51611078371857	-26.8182593484452	10.4105401061104	3.26214000388178	5.8733956228106	-17.4005924860588	17.9606078663047	6.23921770835822	-8.41694602050056	-9.69620609849199	-5.49524795648913	2.87720488399246	2.38191913316644	3.84701332632804	4.25436828444337
HG00349	2	FIN	Finnish in Finland	EUR	98.879551626911	117.034640874628	-30.1774122048461	-41.9286320344461	-93.1328641972343	2.4186847544096	-26.7344943762231	11.3395979460165	6.0188148743661	9.03863258997176	-24.6654286273486	12.6092161763521	5.73125125168751	-12.290972236195	-0.168937676501142	-12.0592505431301	3.04383033046491	-4.34320350504186	3.29843502916367	-0.147615553029341
HG00350	2	FIN	Finnish in Finland	EUR	97.2576076499743	129.461214248372	-29.0423679402194	-44.6983417350253	-54.4963076422293	1.36200858206986	-15.8161757804644	6.92311385835551	-2.69311236125923	-0.339512010320887	1.78074755847507	-4.24939476705822	0.219468417078891	7.62617573738185	1.68371014243095	6.07133957308789	-5.73839996538137	-8.3219900313355	3.04051618340454	-2.3551691772282
HG00351	1	FIN	Finnish in Finland	EUR	99.6224639727012	120.559729399044	-32.6655412904273	-44.9889867803628	-88.400674005577	4.36853596263988	-26.6471385464173	12.5591768685079	2.95334716952463	12.7937509037389	-21.9613843745674	19.7395514707934	7.89345024882271	-16.759276680531	-9.91519600176388	-5.92171468012643	3.55748017388392	-6.23434561781978	-0.282523513650321	3.81055005158952
HG00353	2	FIN	Finnish in Finland	EUR	102.082781998079	118.44722471621	-30.8843427269331	-45.055360895187	-86.0658348201037	3.36808276306009	-30.3436385281991	14.1564273449268	6.84739476970025	8.63671694122666	-17.3458157928392	10.5555355786658	3.09324512293045	-11.2975472654193	-7.37551064520335	-4.05238554415999	-0.00101510297380768	2.25557329456855	5.18653942196536	-0.629787921759242
HG00355	2	FIN	Finnish in Finland	EUR	101.877781136738	124.365544927711	-31.816496687316	-43.33646326497	-75.3501010140668	2.18160388849512	-21.6299874076564	8.86773626873892	-0.904674206807373	10.1281405367918	-15.0754754766489	4.68731093053601	3.30422781110999	-8.8582266328013	-1.49567759939761	-5.87183404220471	0.354210747120932	1.15454833460593	-4.51977331341491	-0.229725193915163
HG00356	2	FIN	Finnish in Finland	EUR	99.9926765485913	121.13762174059	-31.864568775758	-41.5725194924092	-84.1283945958173	3.07893346049807	-26.2250558771004	11.9628390990804	1.76834572662384	7.76878568672837	-18.1204620992293	6.07847614577691	2.233038461407	-12.563602603164	-1.80843790157316	-4.08060153123632	5.05971484083301	6.07284394864813	0.451495523042793	1.81624398808886
HG00357	2	FIN	Finnish in Finland	EUR	100.761797749802	121.44097120182	-32.7079605582693	-43.1180925784338	-79.989735598842	2.46144767946122	-21.8372814395162	10.2257007815442	8.45726805140713	10.4623147421514	-23.4020000841019	10.3918296055355	6.22980284304174	-12.4544128702218	-6.28842824016793	-5.46599931876552	5.97441049672801	-3.84938197500392	-0.802914333801732	-0.647021126351519
HG00358	1	FIN	Finnish in Finland	EUR	100.692135381971	115.273890585244	-35.4572689625696	-41.2043906834701	-108.043429465649	2.48646500414685	-31.9648345025992	17.5810243236064	7.16448308520633	17.3228732401297	-34.6967315987832	26.1882878088111	8.09185093106009	-25.7931996255705	-7.454085207377	-14.9878515163386	3.83500802422811	-14.0425274015729	3.52637581968161	-3.54642353295438
HG00360	1	FIN	Finnish in Finland	EUR	98.9786367784177	124.542770537212	-27.9532938672171	-43.6543301971616	-78.4360729303967	2.76612047054369	-24.8514185805552	9.9407748104837	4.08679544489649	8.24017168554822	-15.9477685636207	2.44684137641838	6.04937115887594	1.77438592254594	-6.46036664521976	-4.80111529957696	2.72340733624446	-7.07520803423557	4.85495231249831	0.879808870872869
HG00361	2	FIN	Finnish in Finland	EUR	100.948696611851	115.270454910073	-30.588872735631	-39.0899348572969	-107.398659895491	3.58428562261668	-31.3062665278347	15.8055528185048	5.93578270315111	16.1185804470893	-31.4905335075658	17.0876105619769	7.53540297021287	-22.8754712954529	-5.03554470130524	-1.53528900917271	1.88156492854386	0.716411229502944	-0.211384646272523	-5.05387960492158
HG00362	2	FIN	Finnish in Finland	EUR	100.206575184664	120.813171617446	-30.1302600841508	-40.2483665044891	-81.0720916254831	4.84360935277871	-26.7013593274494	11.0855340908037	4.50092720486589	3.48701768128059	-8.29146886801804	7.13413819568881	5.65109429702458	-2.47540561569106	-5.94683973110538	-4.54301903324646	-0.277465291270919	-13.6146099245592	0.543259670792962	3.6482513744999
HG00364	2	FIN	Finnish in Finland	EUR	99.3526036577361	120.149616803292	-33.0950441560235	-43.0191131481622	-82.5798035241392	3.13921572709301	-27.613258622342	9.59358162005267	4.71474666462392	8.46707590751691	-18.9453850225496	10.8720505152829	7.66187919926432	-10.4531315478505	-2.81341969643686	-6.067810417158	1.36558527992493	0.284031452846863	0.192776712320018	2.96103565886885
HG00365	2	FIN	Finnish in Finland	EUR	100.919162775101	119.172010991211	-32.6209963943306	-41.9630132080886	-100.913344719064	3.01030612090106	-29.9221207899877	16.4507193188635	7.19376670756743	13.7508015141249	-30.8271073191786	21.951084041745	11.2720704731814	-19.3961340510552	-7.08423213477322	-4.71823582647146	3.69579842649275	-11.3697103235843	-4.01395711936361	2.82857546557372
HG00366	1	FIN	Finnish in Finland	EUR	99.8718225790789	118.536901457332	-29.8934356880295	-39.2504003249981	-83.758391666578	4.24323534870158	-27.6056471741571	13.6709660891248	11.2040575153611	12.3138966118174	-22.0760327524641	12.1635461988469	4.34389103528096	-9.01702245210713	-5.69135386024154	-16.5826835415558	1.04893032885314	-1.10698155908849	-3.4790853184745	0.453679136193113
HG00367	2	FIN	Finnish in Finland	EUR	102.302000500294	117.05600451729	-33.1483456035213	-40.6562161405909	-80.0623008271063	2.39014847194389	-21.9259337168731	9.89928076932875	7.03762628049073	8.55400941789726	-17.5952913370776	9.83079647494715	2.33069646753684	-7.86160570868385	-1.44372293140979	2.32182663304883	4.7907376834954	1.73894414124842	-6.73462819896427	-2.50276906184306
HG00368	2	FIN	Finnish in Finland	EUR	101.785437361863	116.354672718348	-35.019082449706	-41.4565503216633	-110.77775574025	4.89968581719295	-32.9440819139514	19.6391665401697	7.31972410311664	17.4704431829322	-36.7240192681086	23.6350617240977	4.23152515068346	-28.7425881521415	-3.49032381239738	-14.2914802140356	3.19517345959945	-0.484663617562679	3.79802943476263	-1.18652852418249
HG00369	1	FIN	Finnish in Finland	EUR	101.681080734305	117.83904536625	-30.1158393493072	-40.8500975687122	-92.9250427453213	2.78669584513395	-30.9948972586918	13.2425444199915	6.06105969365695	13.307752024207	-26.157858358246	15.9093542452985	7.99269754714129	-15.3081364322506	1.72238237344598	-8.84920023052885	2.72830931723961	11.1290334187281	-0.097430066472013	-1.30150767727675
HG00371	1	FIN	Finnish in Finland	EUR	99.8066784560109	121.272838085803	-28.5688123035733	-41.1773779988988	-83.9218026193628	4.2397642058965	-27.3644292266848	13.0658520190183	5.65854722058451	9.29065544128815	-20.6187432450545	9.2986946570867	7.73232273438149	-14.7823369550064	-4.19217652157936	-11.4860265475651	0.70021546472249	1.95191501043127	3.76249650167977	2.4841011729399
HG00372	1	FIN	Finnish in Finland	EUR	102.401051838277	119.900799731893	-31.6373796230614	-42.6461506502125	-84.3102803613071	3.67186678105934	-26.2977313580925	11.0688772651553	8.02463241772552	6.55014087469244	-17.3123367079565	7.89629768458998	7.79739928445306	-7.14123929147297	-7.1016980775525	-11.529351981026	1.04439150601387	5.69602011643284	-3.59857472743009	-3.91243411832649
HG00373	2	FIN	Finnish in Finland	EUR	101.793358117611	113.43675392884	-33.7571957522976	-39.8169641194171	-95.9802501039793	2.07483127461673	-26.5542780743274	12.7138954286086	6.93971901998932	12.2434629682253	-29.5180826506545	14.4909949460778	9.75726172153105	-22.5434246707931	-8.95383918054505	-5.61774622154485	-1.48641812592661	-3.88412645961741	4.41637849728603	2.69317340972157
HG00375	1	FIN	Finnish in Finland	EUR	100.488319617279	120.897280258657	-30.6996846637775	-43.3690293472923	-89.4080378683272	4.57157729847686	-29.0612469359323	14.9025307541075	4.65889448301835	13.1326476811792	-30.0326341020102	14.7854493925197	2.16384103406352	-16.887486356456	-5.82593008841131	-12.7740651421129	6.6771997530573	-4.59518767508337	2.19855850597745	-4.07000663768863
HG00376	2	FIN	Finnish in Finland	EUR	100.146864341185	126.82538238793	-31.8626603930384	-43.9842240047113	-77.9850337744467	3.96046680461689	-22.071704932116	8.93468511639837	7.58772032373657	6.97999876689464	-11.0581763233281	10.4892745270834	-0.984680713740572	-4.47316923298979	-4.10174294827175	-7.80666715982027	1.99118877284098	-12.0906851486591	-0.128940222181839	3.08721599330617
HG00378	2	FIN	Finnish in Finland	EUR	99.9863636252128	119.058943034714	-31.364267353797	-42.8762488519189	-87.8350304196718	3.4395469356421	-28.3914164716487	13.6185802466266	5.13131854740888	14.0187297740618	-18.6713286856781	15.9748707402494	6.18006066814773	-9.70311805183468	-4.67684126410076	-4.92362025398135	-2.59837339892994	-1.73867575141533	1.49031249276619	-0.46588716920638
HG00379	2	FIN	Finnish in Finland	EUR	100.214181367906	123.355892722532	-28.6265028520073	-39.4693725350331	-82.2995125378933	1.70131633060333	-28.9698395023826	14.0242800904696	5.23199798037139	7.94702393829315	-15.0409747570598	5.16683276153989	1.25720896475065	-6.1069629304086	-4.09037302941647	-8.99859464694342	0.641527927687957	2.60226457024519	-4.61664455364759	-1.54592786096566
HG00380	2	FIN	Finnish in Finland	EUR	97.9256108361363	129.224109408701	-30.2670338937132	-45.235976814041	-62.3364123850296	4.69489377218787	-21.9743151579198	6.26224485799618	-2.86376410986668	1.03425651236119	-1.01316907968172	-4.22532052768382	5.78013828102525	0.758669674626967	3.04256342035514	4.54784593785316	-3.39600213042489	-6.73620900526147	-3.05384528740744	1.96720188899553
HG00381	2	FIN	Finnish in Finland	EUR	102.121592335907	121.458595754511	-31.3479438382643	-43.7488316206238	-89.0202936018944	2.68814366299692	-28.3889167966567	10.3844649400555	9.22675760797854	11.1163102422322	-24.1006242944698	21.079405797788	9.12101196434006	-15.8747566190333	-5.05972943647006	-9.16547329987926	2.0390733858847	-3.41735259404274	-0.182338628853925	-3.01953384368284
HG00382	1	FIN	Finnish in Finland	EUR	99.5414565132315	117.352504343212	-31.9614518161142	-40.8636401339565	-99.0261788757636	3.75359444598536	-27.8033033450911	12.6013402011065	4.26692483019053	15.9109602686977	-24.0199210005116	23.930931240801	10.8473818560556	-14.409300561585	-2.842967001226	-9.70867883332074	4.19912087416063	-2.89675244863597	-0.0159480718079219	4.5661796166453
HG00383	2	FIN	Finnish in Finland	EUR	100.38843284108	117.506229338267	-32.0432827680924	-44.8603479149386	-103.278554779198	4.35160376888752	-30.8740942134442	15.7567747095155	5.77934735688675	17.1919616614469	-31.1997281641643	21.1757782559783	5.90716375236204	-24.7177412145331	-4.96844771354964	-11.6806786945972	3.14158144178097	-0.71407585964553	0.623082159350327	5.40709023003777
HG00384	2	FIN	Finnish in Finland	EUR	100.940258380187	122.361200815695	-30.8228615238722	-44.1868526582842	-85.41188535252	5.47838506266169	-26.2494927797732	12.1806835049663	6.52217396768422	9.9462077166314	-19.8974680762363	10.9872157517145	1.42627838452185	-10.663356149916	-1.26119614122093	-5.87295821514091	5.51696007269697	-1.04631776454383	5.73034343396212	-1.59578159116404
HG00403	1	CHS	Southern Han Chinese, China	EAS	115.940475154355	-178.711689074707	-15.237526349811	-39.431432570082	1.36280296245985	-1.18307898233565	-1.65276072854812	-0.287875512481242	-0.930785250626669	-0.600210395634027	-1.46388796833377	-0.268370209670424	5.78977470690642	-6.35432941913658	25.5186275607007	2.93429202075645	-0.90367150205593	-0.572946557792667	2.28496017227456	0.96561323757505
HG00404	2	CHS	Southern Han Chinese, China	EAS	117.564891504304	-181.216764403662	-16.7919075922286	-39.0036352739974	1.05881042954647	-0.0568109441368006	-0.856329020304084	-0.919099772753367	-3.77529774079249	0.140892898111976	1.81923354029556	-2.02298412636145	3.71567397242248	-7.35572742663247	24.4473249826492	6.19438311329663	2.25951619252463	-5.16495097573252	-1.03125517525274	-0.0833600043698086
HG00406	1	CHS	Southern Han Chinese, China	EAS	116.72297041882	-181.892289271792	-12.2317625288994	-40.7422959983196	1.88270961091771	0.943639707303697	-3.97826747889861	0.511139403030999	-4.82840044707019	-0.255115233029668	2.75197564852158	1.28375552115626	4.38796680946431	-11.8467566002808	24.5416334899856	6.81756744973636	-0.532228688986866	-2.25872050043618	1.54954023795877	2.55136313063122
HG00407	2	CHS	Southern Han Chinese, China	EAS	117.125595454268	-180.391944193497	-12.9280298287922	-41.8593724191296	2.5683180917999	-0.76333752018978	-1.91392240831188	-1.70620682005539	-2.8408059261724	0.885622780618259	-0.169995257029323	-4.05193243631876	4.69951732025678	-6.53081130924257	18.8162972854288	4.23951809951195	-1.77156876624042	-5.2774268007809	-0.915248296744182	-1.24308820624586
HG00409	1	CHS	Southern Han Chinese, China	EAS	117.750441562517	-181.260183087513	-18.9313565642806	-38.163896058219	2.33709219718207	-0.524485891475267	-0.736356531359432	-0.341969873345955	-2.8804387241647	-0.654045582230021	1.4857408388574	-1.47815681945023	5.770415385703	-10.3501175256487	27.9083387131757	3.81513999531205	-0.0730981562890877	-2.09013671630655	0.375223953018585	0.242782074863994
HG00410	2	CHS	Southern Han Chinese, China	EAS	116.810727773601	-179.50556872877	-14.393392020902	-37.0089510425869	0.378119621618795	-0.433584929152123	1.00564267676338	-1.74670326212991	-3.71723513171803	1.73270825740629	-1.69151730311823	-0.967031296380997	8.8253298660432	-10.8877920835662	27.4822623188896	5.50346454767912	-1.40664299881162	-4.43045801595616	1.75364714092779	1.78072461055818
HG00419	2	CHS	Southern Han Chinese, China	EAS	117.551906257123	-180.359414469908	-15.6327127468497	-39.5606814039075	2.16021371469038	0.116999305420718	-3.74656199657211	-0.644333605312256	-4.75898260520128	0.137258432065731	0.287953487819891	0.307258737614161	6.79709163953979	-7.06327946607953	27.8173295440961	5.78872406818652	0.981981313212709	-3.36147396786511	3.54515392203122	1.82813981765732
HG00421	1	CHS	Southern Han Chinese, China	EAS	116.707116689986	-180.216110146846	-13.3554266293153	-39.9074640947333	-0.765941793969283	1.27050040134518	0.0234030524216362	-0.946205779200642	-4.43064831521391	1.40004204564511	-0.908023220377876	-2.14596215073883	6.33566902757925	-9.46675197166055	24.4512835070266	2.0583454435148	0.553044327203472	-4.23611292431445	3.16108171020625	1.98127162396249
HG00422	2	CHS	Southern Han Chinese, China	EAS	117.219591990955	-179.86748161597	-14.9724059694816	-40.6188217421968	0.42504842573282	0.116664241594472	-1.12218401866188	-0.748834430412513	-1.9765456242315	-0.951671225322798	0.404488723985784	-3.28562190614402	4.13807359146084	-8.78953600894974	25.3344627675755	7.44349177452633	0.566357258218522	-9.16827770131494	3.64231582763369	2.87188194653166
HG00428	2	CHS	Southern Han Chinese, China	EAS	117.933640014282	-179.644836910536	-15.0154506335655	-39.7659047422589	1.83014932708834	0.215080700236245	-0.415328139496829	1.11425654809404	-3.4188729773853	-0.0768961618031066	1.20490880571186	-0.356371341515773	1.89870668836998	-11.6604226509138	31.0156214631667	4.12489060254204	-2.09138883875035	-3.27266308403305	1.62894702601766	1.38039443486207
HG00436	1	CHS	Southern Han Chinese, China	EAS	116.975279572777	-181.510314446424	-15.9896173945841	-39.7445100168301	3.82543755999226	0.0995598604628019	-1.01475080487901	-0.604751412689993	-0.918501677866152	-0.943329492912439	-0.28773827114895	-3.96478306399696	2.32262931710309	-9.19137985187448	25.2860602139503	1.75181459461542	-0.823722702179996	0.174187137668545	2.23910897299019	0.0705371407111275
HG00437	2	CHS	Southern Han Chinese, China	EAS	117.365517826013	-179.775272181022	-16.231667796033	-40.6927807268977	0.863994367124186	0.975735896190009	-1.05640565177185	0.0840934692000869	-1.85952322297473	0.0668465402856588	3.45483035172691	-0.490075770373572	5.99109428758598	-6.63000450897431	24.6881628642324	4.95802881589757	-4.02579103033753	-1.1731737839536	3.9028999584974	1.97653119982461
HG00442	1	CHS	Southern Han Chinese, China	EAS	118.011526146298	-183.236812012537	-14.6218694181956	-41.242169556406	3.51392039365973	-0.476842870011934	-5.23391773778483	-1.89485209659629	-0.318398303604932	0.31928120843277	1.16427140023043	-3.16181910925056	1.85788741086461	-5.3887603739272	19.2667455779626	3.356954556942	0.665394708117021	-0.429516668957554	1.07173088826467	-2.39279954034032
HG00443	2	CHS	Southern Han Chinese, China	EAS	117.078939587181	-178.5026564607	-14.5946614045953	-41.4722555645916	1.21822691797998	0.528483019806386	-5.77346091331044	0.618681039575397	-0.52739088615278	0.398191307599022	-0.228152513572465	-0.685289143522463	4.79182652927995	-10.0043989200341	26.7429245411004	6.96759619386721	-2.08310376108275	-5.2556468934905	3.35245695480022	0.205524104914592
HG00445	1	CHS	Southern Han Chinese, China	EAS	117.306814363776	-179.111496526114	-13.4986140225891	-40.1057994315401	1.95460136336893	-2.14211482605323	-2.29202464539692	0.240913996939303	-0.314609452565253	-0.0859258375992461	4.66171642655449	1.66119580140305	7.28573209754064	-10.9985143559756	27.2246254841167	5.04149440093227	-3.3614533147848	-3.60231054146642	1.7204819905467	0.26944755878424
HG00446	2	CHS	Southern Han Chinese, China	EAS	118.73987979162	-179.7500047792	-14.4738959680349	-39.2401488772391	1.47676747752439	-2.68424550685891	0.707653879977752	-0.514127401131673	-4.34429672782758	1.96462955447093	-0.712145158720022	-2.18480674953537	4.00147210593384	-9.14346106987719	24.9040324608645	5.62948615465161	-1.98832994038901	-1.04286149923573	2.01708994019401	-1.47023654731518
HG00448	1	CHS	Southern Han Chinese, China	EAS	116.17297384211	-180.04862675245	-15.714136096449	-36.4815037945735	2.09349909576041	1.4821078040677	-1.50240943464866	-0.164316035898069	-1.83306293632007	0.00281338712982966	-0.0453137416354624	-2.78739430789136	2.39750633646971	-10.8672962223105	28.5658061355779	7.46090730301791	-0.391040892036225	-9.88991904907869	-2.21420274950437	1.09230233146776
HG00449	2	CHS	Southern Han Chinese, China	EAS	116.322860923217	-179.656958959936	-15.2491028114751	-39.4784438601936	0.507432491806919	-1.11416941960884	-0.693400640704094	1.0487464917413	-3.12652501071211	0.812329391520917	0.86567271504848	-3.12074775528286	3.18985253074106	-9.21475151718297	24.5945336086868	2.70547871371506	-1.64225937823677	-7.51772576168147	1.93486887727088	-0.580967145724866
HG00451	1	CHS	Southern Han Chinese, China	EAS	117.645311142752	-181.041727507892	-15.7650697790266	-42.0044362968443	0.143810838858889	0.374529674388789	2.05678786819893	-0.587940865620293	-4.12954478918948	-0.0571097093629027	1.02342355274107	-3.91220983020731	5.93910040848437	-12.1685472287056	33.9752503115996	4.73755602840368	-0.239896667395823	-1.54376708762257	-3.44394254262956	1.37208278438749
HG00452	2	CHS	Southern Han Chinese, China	EAS	116.445609004458	-179.056818552867	-16.3566251252358	-40.4322319817661	3.2318125194835	-1.61386360937789	-3.01159999643471	0.126355797967265	-0.693366311615166	0.828152604134789	-0.705927580972794	0.34960266385042	1.61733345949908	-10.3093648074438	24.389739804832	2.53248908374329	-1.31964914229338	-3.04508160148825	3.9468633826521	-0.626596121641078
HG00457	1	CHS	Southern Han Chinese, China	EAS	118.176799520512	-181.000421784678	-15.1689078147326	-41.5587703480968	2.65968039482372	0.402119893120011	-1.41866512420072	1.56736808202274	-5.14050410314914	-2.98824506089931	1.68998793655076	-2.38655844183399	4.19859239313269	-11.9180123865133	26.3211046753611	4.68692392963286	0.633084535418574	-6.19036342305967	-1.26176763925753	-3.12623638568045
HG00458	2	CHS	Southern Han Chinese, China	EAS	116.874247813696	-179.961788111827	-16.1294120493865	-39.8790314098625	0.591695915387345	1.26978196680174	0.137714788389447	0.962956348443277	-3.10644891175746	-0.307851210649599	2.98934102986623	-0.169482273129769	4.43801365125868	-15.143710352347	29.9140951117225	4.83029870759684	-2.70832016931545	-10.1225991789579	1.29976427878615	-3.12292200189831
HG00463	1	CHS	Southern Han Chinese, China	EAS	118.331930567871	-180.885510600423	-15.9913983702988	-41.5001046745878	-0.449844798478821	-1.32628418385214	-0.827160132105078	-2.19855870311218	-4.40816977102084	-2.10046293209826	1.80777506733123	0.0591013244528142	4.47519351421095	-8.5082596421774	22.4576490779887	3.50459678931682	-0.492344228007839	-3.63246790641975	2.41972577357558	0.527787454975578
HG00464	2	CHS	Southern Han Chinese, China	EAS	117.734599711082	-180.270203593557	-15.136747054422	-38.247456807909	0.456561806205378	-1.05898466435032	1.39709740781397	0.361681675236216	-0.426332074336785	-3.02525227210378	0.448647178183736	1.50733354493388	3.38201016713797	-8.57283823904845	26.6056287362162	8.10070991102477	-0.0862158085534454	-2.90810651781297	-1.41893297802723	1.45537119050959
HG00472	1	CHS	Southern Han Chinese, China	EAS	116.906747879248	-180.880680128912	-15.977893486185	-40.5501180032047	1.37430762927469	0.652547724234282	-2.33692139047585	-1.04895760024739	-1.29272454924824	-0.992238660050342	-1.54954625767617	1.31403948354624	4.31395907382493	-13.2114691568908	33.580314189562	7.90144748042955	-0.0863712905674515	-5.33565111530081	-0.0880675376846967	1.26388106599624
HG00473	2	CHS	Southern Han Chinese, China	EAS	115.947693021852	-181.578696488797	-12.5640765381205	-40.4348497699398	1.68841964956349	-0.0100373754793484	-1.37488419228609	-1.03218528292659	-1.03403523413382	0.3952483274284	3.01952554402054	-3.12744752847705	5.51465771061831	-9.42030941213732	23.3449089535244	6.17944890177828	-0.408320723127704	-3.0285303020377	2.2619079854983	-0.535570621476907
HG00475	1	CHS	Southern Han Chinese, China	EAS	117.329769418968	-180.103360384563	-14.914681848228	-40.4456193878493	0.759793505061057	-0.0134156727000634	3.83554637691418	1.08271774915392	-1.97118168902836	-0.292638825033007	1.12895995254765	-5.10762275879431	7.56206416211207	-11.334955908087	30.0876448333391	4.74358628773486	-1.83429455128211	-5.71679026474368	1.49785334961895	1.63737746766751
HG00476	2	CHS	Southern Han Chinese, China	EAS	118.08181628675	-180.464101557068	-12.7114031429927	-39.0903959179054	0.872034068120466	-0.213949586473314	-2.06662038508315	-0.111336784881099	-1.49984855655821	2.61692785660269	1.18625152587283	-1.33985346747439	5.26200473702141	-11.0927606083015	25.6553309128246	4.66294312374414	-1.4353265566802	-2.92382632989633	1.28845890418384	0.440265816368895
HG00478	1	CHS	Southern Han Chinese, China	EAS	116.807312277306	-182.285906585014	-17.2421873364146	-41.7483288332581	0.424624412416669	-0.0262872957772132	-2.09798288800427	-0.107626862508698	-4.15399960876776	-2.23285170980774	2.13293976116142	-4.4364683972988	7.42063119370303	-7.08416443968542	28.8342485603652	5.9101252686529	-1.92413363811536	-2.32674083896628	3.34028035989865	0.765718510044989
HG00479	2	CHS	Southern Han Chinese, China	EAS	118.793579674812	-179.491304337406	-13.8308451605854	-40.5777623429733	1.15613140166386	-0.0327477858876983	-0.462748004738479	-0.962617005788594	-1.32399770924311	-1.14744475028416	0.137441627026453	-0.46948819664271	2.72229622511323	-8.62975873772065	27.9656392895767	4.10631438743606	-1.78403502164399	-4.99676044540934	4.44419507512453	1.63403825374668
HG00500	1	CHS	Southern Han Chinese, China	EAS	117.941602246491	-180.284032589891	-16.7638369581556	-39.1523642843235	-1.74519217534799	1.29203839076191	4.37329325208571	-2.06473844322749	-5.19095077374828	-2.20150901712693	0.244704029980037	-3.32787303212535	6.37507900073997	-12.5073590987975	33.3485484529884	5.68110297895075	-1.41189169292171	-8.93243364239765	1.46028797445095	-3.07686615699912
HG00513	2	CHS	Southern Han Chinese, China	EAS	116.500636493868	-181.33683547178	-14.0964377026307	-42.5105098838192	1.87833934661732	-0.741870824941964	-2.92541674720975	2.12601241277925	-2.68172466817572	-1.16747821235745	2.01804373248412	1.7450875275517	5.65393821478248	-8.11975215166612	24.3385656042701	6.06908177154275	-1.84462454309496	-0.898967839564349	-0.931032932816138	-1.34283500525223
HG00524	1	CHS	Southern Han Chinese, China	EAS	118.499336550167	-180.032516840708	-17.2646551571481	-40.0768964492749	2.01443007356251	-0.875481286659822	-2.84602936080485	-1.84766916453195	-4.64946369942013	-2.76859591127379	3.3415326234313	-1.81802285682148	5.9977467428004	-10.2417779764871	24.7140792379435	4.72278600579475	-0.567089343292685	-9.08453274302384	0.944332988598731	-1.15248256496636
HG00525	2	CHS	Southern Han Chinese, China	EAS	117.199664682989	-178.025003210579	-16.0716202221463	-38.7180445464694	1.59820896967804	-0.518439807222608	3.95192212540722	-0.341953005808209	-3.69526585552257	1.7234080150382	-0.593767200105207	-0.68442847947047	5.0035613053785	-11.3365500078935	25.3813975618793	2.22802101344556	-0.638151237270872	-5.16463322406037	2.33114432760527	0.351559721264204
HG00530	1	CHS	Southern Han Chinese, China	EAS	116.462084950005	-181.34589807028	-14.5391915971675	-39.2558587186447	3.1996777833887	0.414066147188502	-1.31918843984768	-0.114946310495604	-2.85106294810903	-0.46870206260259	-0.578298303014925	-0.429114911940405	6.59403679436803	-8.8754947289937	29.3386494511679	7.80637623571904	-1.50405663499117	-5.51007787954338	3.36494429496115	-2.84456640056538
HG00531	2	CHS	Southern Han Chinese, China	EAS	117.178901751367	-179.059085313335	-14.5115368652067	-40.5913713879245	4.92108780401438	1.18520446460642	-5.14975216992544	-0.0602774553424836	-3.92812276988192	-0.747912184158361	3.51458013123461	0.92103454797415	8.61497125359797	-8.44369070721539	26.2182924696675	5.39045920503617	-2.97251980927684	-2.12472666364911	-0.410509754003388	1.78541186683727
HG00533	1	CHS	Southern Han Chinese, China	EAS	117.669672544727	-179.585490432856	-16.1088893423434	-40.7023481808883	-1.31634731583089	0.79269916816006	-1.17724023765766	0.798507561651535	-5.51657462226775	-0.938002611064881	-0.149910817682104	-0.519860764104975	8.0275511497709	-10.1508097500593	28.2704567132204	5.27874447287024	-0.549692391004502	-3.11649741381007	3.3210816184231	3.4423276628512
HG00534	2	CHS	Southern Han Chinese, China	EAS	117.356252095103	-178.532251120103	-15.4069632681541	-39.9635180989091	1.05051298414943	-0.446060959294894	-1.56470676649517	-0.553094514180795	-3.6796171186597	-0.219774385171178	0.592509211762627	1.62672966515577	3.11280553277397	-11.6661075568931	27.2553333250071	7.5863110628846	0.212836170987192	-5.55411403846708	2.89115369039035	1.25910001891669
HG00536	1	CHS	Southern Han Chinese, China	EAS	117.31911662002	-178.910460839307	-14.9195162734538	-38.7567202101588	2.92324953719267	-0.892093924948733	-3.81354524849582	-0.549277534967838	-4.1894041382712	0.779692477020699	1.38829445697242	1.41442424766415	4.97765727097628	-10.9032647725647	30.509574493143	5.83378930579082	-1.56228111909153	-7.38737439406734	-1.47463277222383	-1.20981261874321
HG00537	2	CHS	Southern Han Chinese, China	EAS	117.395953008837	-183.892572137187	-16.2063469978158	-41.7087634389716	-1.34785329039559	0.652295222479195	1.85158033161747	-1.13779698420351	-2.22631619840901	0.183796816453104	3.51148532294414	-3.19061610601423	1.88414260258365	-11.8624384237543	29.0517795233103	7.81552850106021	-2.82883064424576	-2.84878232327872	1.45492129925655	-0.905709485023738
HG00542	1	CHS	Southern Han Chinese, China	EAS	117.594574970919	-180.107843726561	-15.4802809120528	-40.0282994387342	0.0785025051831834	-1.14239806583091	0.517580728394183	-0.521445020821376	-1.49451232219148	-0.109216326836875	4.64907971399395	-4.0680638414213	5.92844404116642	-10.395371113915	25.7976636253665	2.93713568857778	-2.91018870876038	-4.39961746358065	1.99566698142365	-1.53667937188029
HG00543	2	CHS	Southern Han Chinese, China	EAS	117.861391164689	-182.429216813224	-14.1474574850087	-37.2079099910018	2.44953919088974	0.939700277791001	-7.32044900796596	0.0454647549163272	-3.2847096643057	-0.444778885292617	3.0965003969615	-5.03954287795329	5.31488058751988	-9.35989496983314	21.5163061405305	-0.233178530457895	0.80846387726977	-5.06685116834382	2.10600495282374	-0.0510158394622018
HG00551	2	PUR	Puerto Rican in Puerto Rico	AMR	62.7246163753057	95.6600690375666	-45.3746571480703	-7.12271758335901	30.6292195670922	-4.27494845783443	12.9021569750332	-2.96653776624681	3.24495451538932	19.4571378335966	-45.6453135490983	-16.8881277291129	-12.7421056657034	10.1941666511717	-0.207090305743297	7.25350453258892	-1.49499719699807	-3.24612687514094	-4.53084673996106	-3.39555988827465
HG00553	1	PUR	Puerto Rican in Puerto Rico	AMR	26.5931236403498	72.9516789444216	-46.2083050276532	12.6590492440768	30.2144309856933	-4.60787510218645	8.97161068245924	1.65102497248695	4.75845171398395	25.3774602977278	-59.8665728881383	-31.038393913847	-6.41173788421881	5.61928744644571	6.56604840742253	10.753752125594	1.36151939865883	6.86761812530026	-14.673876625534	-6.12691063207938
HG00554	2	PUR	Puerto Rican in Puerto Rico	AMR	64.48659029647	103.730986200143	-37.8333840020915	-9.99166381628863	30.1631925948414	-1.43848154732713	12.4048422732838	-0.712064361082608	0.404301634952361	13.599078656364	-37.0710728162353	-32.5790953730582	-3.31139205342385	-3.12350517478188	1.8750862066996	3.15659192624684	-2.17300634002132	1.08787082972422	-1.75714047267471	-8.38415113820309
HG00556	1	CHS	Southern Han Chinese, China	EAS	119.120941378176	-178.821688062295	-15.5291568471952	-39.2292559409623	1.55730803787872	1.6911150451463	2.81831605971124	1.21475129779538	-3.75836092280288	0.615854376405095	3.14441391378969	-0.152972781391914	3.1780219130697	-10.9706639682532	26.8655650952327	7.99860910609053	-0.556512905913615	-4.28845719953474	4.16125061497481	3.24209481895594
HG00557	2	CHS	Southern Han Chinese, China	EAS	116.967787384184	-183.388452852236	-18.5735017527783	-38.9696476784867	1.72350268670591	-1.27581631048534	3.03564647708077	-0.663417981705545	-1.61341875769455	0.926359850937477	2.83361142440684	-2.09488093078282	4.13652001690053	-11.6843652742269	29.0540977641349	4.33297797714785	-0.78392676257318	-4.50524242170609	1.29939876512712	-3.81219320769975
HG00559	1	CHS	Southern Han Chinese, China	EAS	117.362201342043	-178.01352247398	-17.2222341581994	-37.3217768538961	-1.57203530829375	-0.618839393269142	9.94375226408739	-0.22706364823909	-2.79167681467904	-0.832557605258426	3.70400600635798	0.572745714586654	5.56113787013033	-7.38688746316391	15.618176292273	1.89742495994691	0.987717284205552	1.64409025496345	2.81712619902896	-0.873205520747826
HG00560	2	CHS	Southern Han Chinese, China	EAS	116.274514223181	-183.385012499199	-14.3827467506324	-39.0656776632105	0.0487189412753821	0.796415995026867	1.89526398662243	-2.66292332533897	-2.90294291510562	-1.16587615020851	2.90298537574468	-4.0125950579817	4.22011599356641	-10.4250925192064	26.0348105583595	3.39253179022146	-0.663019296922908	-4.04944982442236	-0.209743894418303	-1.96556884225888
HG00565	1	CHS	Southern Han Chinese, China	EAS	118.778348426923	-182.540214128308	-16.5083048300009	-41.5297637160423	2.60166605195271	0.849608081949433	2.548061217385	-0.91940382585049	-6.82555489923046	-1.61939981920111	1.23485213075514	-0.377260336629471	1.45765672636606	-9.87249655081607	25.0713388917971	3.90318844975275	-0.777354809810425	-6.33632637489999	1.54095094661088	-2.40838508438907
HG00566	2	CHS	Southern Han Chinese, China	EAS	117.745508680874	-181.136298278971	-15.9398176372058	-39.9468692484389	1.06917046202279	0.871642857645913	2.05441512205188	0.143437518694061	-3.80961900713412	-0.0684576496465454	3.15160331682547	-3.82221340141526	2.50441872918212	-10.671372953943	32.3665166689439	2.7556725759992	-4.58993192468132	-5.10315476654623	2.11111934182227	-0.0528368082999856
HG00580	1	CHS	Southern Han Chinese, China	EAS	118.986440886573	-180.129086328194	-15.0157638891566	-37.4801461161552	0.0680372969955999	-1.28489426533941	3.63220026559821	-1.26111608920439	-0.96968264240698	0.687065637393118	1.16844738141352	-4.84143076683263	7.79641009896369	-13.368858586577	31.2360373950424	6.9943697002311	-0.248096223188385	-6.36628852403649	0.981221699546098	0.989769221334025
HG00581	2	CHS	Southern Han Chinese, China	EAS	117.940728320005	-180.420800305154	-13.9951396851916	-39.049727753933	-1.38071043112762	0.339933152117805	4.69762533862765	-0.632748159349021	-2.45095463388617	0.0880951755317701	1.04957796325945	-0.628950736274934	7.00680672932548	-10.7680084147889	31.8110518215678	7.64958434279762	-3.12343144469628	-3.57881159211613	1.51042972358332	0.84404118310107
HG00583	1	CHS	Southern Han Chinese, China	EAS	118.042712361949	-181.52627853062	-13.8480176281843	-43.2931200079629	6.57819863578054	0.264384480331948	-13.3704561293545	0.121436615831025	0.441904827897713	-0.94827775668361	0.506084311159417	-2.82031683713311	4.34955129367788	-5.44399312282504	12.4919820511136	3.92943865368992	-0.210971009431604	-5.22043261363527	2.27914148293285	-0.477946695895969
HG00584	2	CHS	Southern Han Chinese, China	EAS	115.686179848535	-179.733409828833	-15.0708143415968	-40.2134508354491	-1.60654699914119	-0.572062217866422	3.46727032185189	-0.374940115525273	-3.42372065348908	0.300305793656967	0.709610001588464	0.132397620448734	1.70684382424181	-12.016233687361	31.6066819486767	5.49504422465986	-0.945277273375322	-4.15342849762667	2.70532829945774	0.988430974998787
HG00589	1	CHS	Southern Han Chinese, China	EAS	116.933848701875	-179.079157296366	-15.2267515654218	-36.2618060053209	-1.17921920599677	0.0345079268723168	1.98024714914678	0.706908865057199	-3.03097007659707	-1.33769982453973	2.29610240704074	-1.9064307789656	2.77267431014418	-9.43940190677962	22.9737993188665	0.581157612591684	-1.53463568779639	-0.315754417491254	-3.40170204553549	0.645127961104211
HG00590	2	CHS	Southern Han Chinese, China	EAS	116.548695758599	-174.509976317436	-10.6616787141964	-37.5513900575812	2.87061472523375	-0.340087391984741	-5.22603893834072	-0.486323756017032	-4.20392521903522	-0.748833470848296	-1.63432249417831	-3.42940236923275	2.25488487681527	-5.37599850286593	22.6604538821091	4.25205546907663	0.516736636819054	-5.76200488894417	3.24129607655398	-1.18602723236182
HG00592	1	CHS	Southern Han Chinese, China	EAS	117.646559530478	-174.713768141951	-20.4555883140933	-34.9793872501128	-8.35885237567522	-0.460050667565888	27.4174978836866	-2.63235275038978	-3.74011589655247	-1.87455635508521	3.49443443732518	-1.96967213188564	8.0175899362702	-19.5267434506856	50.9909859498246	11.7643540885478	-1.93801254777158	-10.6794655762006	2.22556752651074	-0.49036667040247
HG00593	2	CHS	Southern Han Chinese, China	EAS	117.785417121396	-183.084354469742	-14.1948049336755	-40.8584484354487	-0.340243865845722	-1.22500129587987	2.93991574425023	-0.463840238623971	-6.25184126959503	-0.473033653249294	1.2565479132667	-2.35875054843673	4.32567539481175	-9.31451229731563	30.3363936099003	5.57231615892462	-0.480210109693317	-1.16710312283999	3.79508918814835	4.40526695564687
HG00595	1	CHS	Southern Han Chinese, China	EAS	118.909581100095	-179.832770935232	-12.7669133916645	-40.160997494258	1.97689034287482	1.06607052247035	5.93735490270459	-2.74549310614203	-2.35597020108624	-0.262336770836218	-0.0830512864892038	-1.14230196988863	3.97452534453662	-9.64718305699085	25.3821285579388	6.95348652328179	1.40813976326478	-5.35466362581145	-1.47652700056391	-0.499596167001653
HG00596	2	CHS	Southern Han Chinese, China	EAS	116.753201950363	-183.332735095335	-15.4996870812128	-38.931274878596	0.467402265233743	-1.0671264861675	1.843328469832	-1.57175099569717	-1.65838848354481	-1.09873412299282	-0.0923169739054594	-1.02975267771423	4.4800560486596	-11.8074075991807	24.049952312976	5.70132101402476	-0.424190866478927	-4.48722965379698	3.00044921989734	0.470283637053275
HG00598	1	CHS	Southern Han Chinese, China	EAS	117.8265678226	-182.49152520447	-14.9139309314186	-40.5691447798255	-0.0634881855188294	0.642722508857446	-0.705520261269883	2.9852266570599	-2.38199924835564	-0.871608144179662	4.30838830075014	0.166980754229477	6.33788475745006	-8.68714606393896	29.2668401734653	7.94412784387508	-0.785885950911725	-4.54366223092764	-1.53270783250562	1.13750479085363
HG00599	2	CHS	Southern Han Chinese, China	EAS	116.767555808058	-180.52539281091	-15.7410638856099	-39.2510978009118	-1.70171822710449	-0.147188905357665	11.5131117709194	-1.64441209011482	-4.66322858097108	-0.00253423354198759	-0.166875461609379	-1.19731587240804	3.48610592259475	-12.0450132069213	30.599390714354	8.38367536876865	0.154595606676416	-3.23519657717876	1.24529893174164	-1.65967686053641
HG00607	1	CHS	Southern Han Chinese, China	EAS	118.513779996376	-182.133797058469	-13.4520446937802	-41.5209026411201	0.871553273922142	-0.369320070989351	3.38104525219058	-0.165163100908408	-0.994028852624758	-1.62141978611985	0.0438802373647605	-3.11054590997676	6.7957278903222	-7.38993374223251	27.0697552093369	8.33350104814956	-0.574848076702687	-3.66315826118224	1.61822901483242	-0.785058457945915
HG00608	2	CHS	Southern Han Chinese, China	EAS	117.016679923736	-181.860599932523	-16.6296945394062	-42.3934368768181	-0.698701308661661	0.455647128595586	-0.0367348447601059	0.375540552477135	-4.21230289275966	1.3734087240981	-2.01621945053223	2.73984106287036	4.61694548799908	-8.58553282623947	27.4475407158164	3.75036515877565	1.14294882985871	-3.11976723035814	-1.15433618449988	1.77973458433841
HG00610	1	CHS	Southern Han Chinese, China	EAS	116.550249179461	-181.247284185847	-14.4104388282622	-41.1920899607666	-0.773081091520111	1.25683612305195	5.38292949316272	0.420678825981764	-2.54921672619368	0.731722493844871	0.926357846382943	-1.74359765530851	3.70725416655931	-9.27910054481115	27.4509769843498	4.21907346897662	0.111978560594545	-6.79347273650084	-0.387811472596247	0.886466950259221
HG00611	2	CHS	Southern Han Chinese, China	EAS	117.828340029176	-181.075011390079	-18.1752647800229	-39.5711188659783	1.44295995252543	-0.942812413590458	4.78035766440953	0.374772775665271	-6.28054427683986	-1.20507608720148	-0.877655870267423	-5.61973465099531	4.67227781148107	-11.0062931296739	23.9628721831322	7.03254574636526	-0.867850589900871	-5.95375718410252	1.88743808653679	0.125444957231802
HG00613	1	CHS	Southern Han Chinese, China	EAS	117.581974392747	-179.926232723902	-14.434002295331	-38.9013548666727	-0.292779621279999	0.891955431201094	-0.562106538926388	-2.30143837208208	-2.73379739591842	-0.00554131554150783	0.446177954724737	-3.2939508688291	4.94508490650194	-9.48526720572577	25.7412422682949	4.62477319281619	-0.526519977476864	-2.39085810692519	1.30425263676968	3.32937439279863
HG00614	2	CHS	Southern Han Chinese, China	EAS	116.029563569176	-179.215101106036	-13.2248038069676	-40.7249590274734	-1.18502593103059	0.95566439794499	3.40262278871559	1.97510018642376	-4.89824817760636	-1.40916395884224	3.25230571659035	-5.38765604144658	7.34605355560008	-11.7058390603596	31.6977420633197	9.71094724888627	1.04595415670125	-12.2834515500384	1.70692209394691	-1.05685315495644
HG00619	1	CHS	Southern Han Chinese, China	EAS	118.196265791567	-179.789055273747	-18.5169376123808	-41.1402532471002	2.00790831751992	0.155381963961557	0.892830421973833	-1.38734018155056	-3.31132398293261	1.59166852202409	1.84361599038002	-3.40712434755223	9.97698430826161	-15.5845899658556	29.6253042714482	5.30143555654374	-0.261401429297721	-5.05118625640947	1.84263477350076	0.0686332598225334
HG00620	2	CHS	Southern Han Chinese, China	EAS	118.67599210881	-180.835498863567	-15.2986608771036	-40.944669038857	-0.0276956125607111	-0.0160741008388672	-1.11236275161483	-1.53864415081898	-0.857021891211942	0.215682687057603	1.41217190050532	-3.2891834010389	6.23711782620251	-14.0816126406084	29.4015323105763	4.38767759443401	1.0264177069721	-1.7251638052988	-0.636502694341613	-4.08657335382891
HG00622	1	CHS	Southern Han Chinese, China	EAS	115.154423147683	-182.210443708713	-17.6679595825198	-41.2403739886171	0.82461944437637	-1.40623469071665	0.0680069821017838	1.02309110428305	-6.48205212996683	-1.8427959352237	1.07758676662167	-3.26841997981296	7.02860063880523	-12.0960959914304	27.1598865140483	1.78770989958012	-2.23777492809899	-3.711205556964	0.438544682298884	-1.36175317562214
HG00623	2	CHS	Southern Han Chinese, China	EAS	116.691936880379	-183.147605138981	-13.7573175131639	-39.5250457652615	-0.317983167661209	0.398127386861976	1.30842434749441	0.234462638384855	0.177629094724005	-0.0335719031548965	0.812797644423586	-4.20671995510033	7.20048139867073	-14.1443708855594	37.2321418234237	7.83833059700981	-2.66197808086617	-4.82382443730008	0.284140143343115	1.65185584652139
HG00625	1	CHS	Southern Han Chinese, China	EAS	116.586748892929	-177.704136159599	-10.3147885006077	-39.050490910396	2.23712277935052	-0.353256605267716	-9.74450820606486	-0.635437210432585	0.705176790234914	0.772299365370387	-2.24504802121864	-2.35045342071247	3.61449456468622	-7.97042075083485	16.6782330706037	0.297045834113898	-0.693026778305554	-6.57152381493682	0.14234785860055	0.806869091182666
HG00626	2	CHS	Southern Han Chinese, China	EAS	117.834357443062	-182.593494725493	-15.606523429465	-41.3514418097997	1.23125478544603	0.878633338957798	4.10805950205853	-2.40821118265767	-1.47617825662347	2.00334861427857	-2.23268329274695	-2.8281623501791	4.4536919368405	-11.3923568223977	32.5548562996192	8.35209501516072	1.06046418492907	-3.29600767897592	1.41531537116736	0.674510217181151
HG00628	1	CHS	Southern Han Chinese, China	EAS	116.307214992422	-177.88451153831	-17.6897553909139	-40.4367811188068	3.7636645044005	0.9238832327716	-2.80753248581541	-1.55021994211833	-4.2837016539462	1.7098585967723	2.6084986322873	-3.34210434163633	3.91793381296257	-12.2620369514272	24.4017887334158	3.78426407646002	-0.279520495262214	-4.20527103011522	-2.44541897541084	1.25870833460833
HG00629	2	CHS	Southern Han Chinese, China	EAS	116.713288576523	-180.729168723111	-18.7148031971499	-37.352941960606	-0.152354936230231	-1.20204599036663	-0.988364810992697	0.248796501097567	-1.2328536434908	-1.45594391607337	0.98851070156406	-2.01105090235435	2.55811381281468	-10.5503103663275	29.8584660042058	7.98125822900863	0.505849527323501	-1.68028694406644	3.0831641077756	-3.187417128388
HG00631	1	CHS	Southern Han Chinese, China	EAS	117.655375655611	-181.366928835424	-15.2367513482512	-40.3205984337293	0.00326267265620457	-0.727711363664037	-0.120822753191543	-0.850473890661614	-4.13475515123192	1.78877665998827	-1.86114958549011	-1.09095447697432	7.22249064970446	-11.5525035893547	33.3655842768504	4.36507963281096	-1.54170580834042	-3.99885674932267	-2.69398097093026	-1.96535932087874
HG00632	2	CHS	Southern Han Chinese, China	EAS	118.281018973294	-179.364553900735	-13.3740535353576	-40.624064764459	2.53963188952273	-0.988479570360129	4.50322607112511	0.0830203456184822	-1.1974122073024	-1.4965086092992	0.186401291329608	1.35515208655045	6.46649920318595	-9.32688172855662	26.3141326360389	7.25565092589567	1.56742849846714	-5.59155499759967	1.91162012520082	-0.913096483996775
HG00634	1	CHS	Southern Han Chinese, China	EAS	117.717740253742	-180.344301185504	-13.9937597072827	-41.1148948689481	-0.834373030725598	-0.41905326007664	5.05630721934332	-0.897287040235208	-3.424218195564	1.48305834736019	0.194366034299556	-1.50003990383878	2.26889562535361	-11.84237704064	28.7130847815788	6.64278744855413	1.98941503296452	-1.44869431067349	2.38990662514469	2.64707924051792
HG00637	1	PUR	Puerto Rican in Puerto Rico	AMR	37.4734702532578	87.0647485453828	-40.4445534860809	-7.1339675260515	25.0901433590752	-5.0141179355405	9.90523427890096	-1.13653622498124	6.52806663345848	13.8993584622607	-47.0593410619173	-25.3298505661529	-6.07054043810809	4.94386552510736	-1.06614104091463	13.4505091061531	-0.61630894784677	3.34050539554301	1.20887144998405	-3.63599108917452
HG00638	2	PUR	Puerto Rican in Puerto Rico	AMR	29.9474370132008	82.9686288844593	-42.6784938235763	-0.31877316377694	25.0242975670501	-5.18061118719287	9.46198128450867	-0.471328470060773	7.97307731054859	16.1482977337268	-43.3356419391157	-16.5177835903683	-6.47404209769342	2.77899559791653	-0.642234608572109	0.369807878921002	0.381215757288513	-2.5823749935198	1.5557130444523	2.4093397074436
HG00640	1	PUR	Puerto Rican in Puerto Rico	AMR	67.0641185973658	104.623639726545	-37.1012862421513	-17.0749577399055	33.3390521299688	-3.34283177206924	12.182344759833	-3.55957940015451	5.22471504695316	20.7679991635522	-55.4119402719976	-32.1070231033943	-11.0114948946402	5.03400742475011	7.65941908158455	9.24361117782403	-2.5534604902744	5.4376644456175	-7.65146771192046	-0.342831757993237
HG00641	2	PUR	Puerto Rican in Puerto Rico	AMR	64.23199330637	93.8603554591302	-46.0609500966383	-0.0981866304787324	29.0821621303688	-3.09850134983893	11.0856583799643	-1.11612878481139	4.88844427652362	28.6059028100049	-75.7884989464582	-49.8575892691295	-12.0337767960835	16.591328375977	-1.0004686664385	8.37342938132215	0.275766585969673	-2.99754780504944	-9.18603098268807	-9.73735364048857
HG00650	1	CHS	Southern Han Chinese, China	EAS	117.637053431922	-179.809488262289	-11.2382243944528	-42.0795493039152	8.27873398754052	-1.07624545706891	-21.3371929018508	-1.22117833157242	-3.06205617282017	1.51576875951063	-0.507271760303647	-2.19882342784014	3.58060345331472	-4.22790321639998	11.9206373321049	2.7890843448626	-0.717874931891385	-0.893519828313967	0.222705530125547	-0.10992370260757
HG00651	2	CHS	Southern Han Chinese, China	EAS	118.79975196662	-181.090629756288	-16.755876725627	-42.035449094522	7.03294789070875	-1.67189287487062	-14.0980062707426	-1.49746228757384	-3.23267546251398	-1.48658021736913	0.173604153831151	-3.24080562465375	2.92051305350432	-7.74929069549338	13.9228604940106	4.07366083592918	0.585186824301947	-2.7804070954566	-0.254065404676768	-2.57995381545414
HG00653	1	CHS	Southern Han Chinese, China	EAS	117.883125144851	-180.200596553018	-11.3768137911416	-43.4534581274875	7.99090371188165	-1.01513274289804	-18.1564026748514	-0.37891996486833	-2.36870747764416	-0.0160816976224559	1.48206338828386	1.72082599523826	2.4770812601554	-7.89826146846608	12.098700186789	3.2623527081216	-1.87850448804279	0.979485818319297	-3.83038457178384	-1.26614587807553
HG00654	2	CHS	Southern Han Chinese, China	EAS	117.367148905088	-179.087837112965	-11.6030059394284	-41.0043734948834	3.04200485042878	0.168799177515727	-11.9158688079015	-0.433597991077145	-1.72226211637657	0.829269101722078	4.0590518226963	-0.902911705802462	3.44404780342209	-9.28742654798147	19.398073861957	-0.12623338998519	0.0974808523305861	-4.43830181275032	-0.532309523526272	-0.12837133508796
HG00656	1	CHS	Southern Han Chinese, China	EAS	115.987430301696	-181.337952019594	-11.0990546484622	-42.6320813597589	5.9894635956366	-0.742221597980171	-16.5602952746104	1.09748868425152	-4.40224621254479	1.91988957574964	-1.12176110336441	-1.89693128148973	0.393543875554518	-3.49023305591228	12.8685331044357	1.89866203802059	-0.248690269917628	-0.667564880261329	0.712818984624294	1.28297213309735
HG00657	2	CHS	Southern Han Chinese, China	EAS	117.407873181951	-180.248689064243	-14.0140744931145	-41.8459545392439	4.69010360549577	-0.745136269796839	-13.519270278785	-0.887112167332059	-3.40454271545104	-1.5020966029539	1.51856623724729	-0.239711373841232	3.58893927023983	-4.18652614530451	16.6088898709331	4.47585763319888	-1.44123357108645	-2.12071406568314	0.182220824805464	1.14837372376615
HG00662	1	CHS	Southern Han Chinese, China	EAS	115.88380100227	-180.839338705297	-13.8535927176156	-40.5060082491088	6.56316794590796	0.119435229558601	-12.9175127617174	-1.10861517343083	-3.46544241363101	1.01026363405236	1.59471373690881	0.946861332782115	2.71302343206636	-4.39200521482801	16.4558179590663	2.53212286150885	0.764132719293038	-3.9878840797309	1.81474627024214	-1.96082719629601
HG00663	2	CHS	Southern Han Chinese, China	EAS	117.266300664775	-180.323439306362	-14.060371682192	-40.9104123123474	8.49136638690381	0.174809117348825	-20.2481237350713	1.89720044425328	-4.81912760055848	0.900830984644963	-0.955758954484449	1.7627399186365	3.53534338553683	-6.89016859814849	15.0232229996271	1.27418778872197	-1.81947301508934	-4.79054345413888	0.959223655150764	-2.52787855473825
HG00671	1	CHS	Southern Han Chinese, China	EAS	117.413857235837	-181.164190936974	-12.160376115569	-41.1016430946663	4.98812447635777	0.124586534339931	-17.8103567075588	0.847029996756185	-2.42833839575118	0.329686346095387	0.302183366306392	-0.306801490277461	2.46443291617467	-5.2621790116997	9.94456132998615	4.05557888750239	-1.52597818545993	-2.43530545625586	0.328035943810504	2.53088274169352
HG00672	2	CHS	Southern Han Chinese, China	EAS	116.166157071423	-181.38921721643	-14.0607843020328	-40.8366654764509	7.63091683814548	0.948100357400849	-14.531843024402	-0.227381892139906	-2.29983919916621	0.746087995351095	-0.307136706727267	-0.43561080504716	2.36952525946531	-6.07829301298391	10.5020097348904	6.44158259998999	-2.35954750138818	1.02835298486397	-0.91331280024884	2.48863629920916
HG00674	1	CHS	Southern Han Chinese, China	EAS	116.4781550733	-182.010093681022	-13.627210059347	-40.4328362622599	4.52626797413003	-1.18157831906216	-14.3493982242038	0.272537683723144	-3.87672435253009	1.54629637774451	-0.548190988776015	-0.828798981701746	2.70564527136034	-7.68588747947828	10.0034534012428	5.23837083686166	0.408942720541187	0.479271764396927	3.39174396809505	3.27121964722844
HG00675	2	CHS	Southern Han Chinese, China	EAS	117.02211685714	-181.116412799748	-11.8079602102758	-40.0081583021173	7.96343714769946	-0.299095683217253	-11.6202224959182	0.653809136913671	-2.29192091094619	0.0360238738077495	1.8940848709047	-3.5859504304533	5.5077297769318	-8.06463638446951	19.0655330315988	5.46357668011023	0.280333200827174	-1.29945798561667	1.94863613041937	0.239206476165571
HG00683	1	CHS	Southern Han Chinese, China	EAS	117.416827847506	-179.286406851512	-14.3818517564535	-38.445452818087	7.15134204343264	-0.0848805575925645	-12.6432387005221	1.49058825427121	0.894437429157475	-0.43903422494093	-0.0333246418315946	-2.61816155027929	-2.11893788973578	-8.32664821640659	13.2066556112912	6.8620607740368	-1.24771034457524	-3.74166823128922	1.1111325009702	0.634387146309443
HG00684	2	CHS	Southern Han Chinese, China	EAS	116.24859907958	-179.648321242974	-13.1375101271996	-39.575898999865	5.82734119082735	-0.860050517480249	-12.2007948732229	-1.46436267813057	-3.0317169598011	0.897285650122796	0.595589780050542	-1.32454938349074	2.3148832529994	-5.37251455059562	15.8520837906518	0.895081249479876	-1.24480454321163	-2.07652640832378	3.47518199073875	1.63308246345321
HG00689	1	CHS	Southern Han Chinese, China	EAS	118.010737644833	-182.01298900116	-14.1995853221058	-40.2441252483579	7.05223044833328	-1.09595624078848	-10.6770921213338	-1.24978388112649	-5.98639553561719	-1.33972896659165	0.644330763017124	-7.38332558091236	3.99430614509224	-5.13684315936278	17.1704966110888	0.416806859057561	-1.98203748230887	-1.25840521851993	4.79716467603417	2.16663316775434
HG00690	2	CHS	Southern Han Chinese, China	EAS	116.250849427684	-178.905849261231	-15.2262508347007	-41.375774482684	9.5238304222347	-0.075484318376464	-20.0153721434997	-0.311379777230142	-2.56603118267946	-1.11111327225277	0.499784953945082	-0.123596030087495	9.19275018921858	-3.99383861189049	11.1838644262799	1.86621113511353	-0.636334276383196	-1.81492577809919	2.90590664232999	-1.93781342297183
HG00692	1	CHS	Southern Han Chinese, China	EAS	117.717826526531	-179.420965519505	-13.393444459387	-39.787019057878	6.24022899202824	1.01576916801385	-17.0406842092932	-1.92430626908714	-5.56864145345502	1.66546413906339	1.39897656390901	0.0664619661496607	3.57081719381905	-4.96061549943573	15.8364655771375	2.49634389697348	-1.88065762264745	-7.11599678990776	0.279954871791179	-1.46385515276009
HG00693	2	CHS	Southern Han Chinese, China	EAS	117.900238125709	-180.168236513246	-13.2956088987347	-41.1513607040824	6.11890950668534	-0.465986635181692	-14.3805516796015	-1.4051630371862	-3.76400464880269	-0.353528456065848	-1.02253575265312	0.773447060394367	2.82974686022885	-9.66755407857776	11.21808111774	4.07358858288515	-2.06606689870423	-3.61133791450932	2.01146132106252	-0.0577741667431584
HG00698	1	CHS	Southern Han Chinese, China	EAS	116.115066183957	-180.582977836383	-15.4960963239855	-41.5372646359613	8.20182818021855	-0.548128289951111	-16.1341573646596	-0.0560166227957523	-3.62936876193322	-1.66297993535157	3.65195835427811	-0.148524011957165	3.49189700788378	-3.97078903497838	11.0650505250871	3.67629497748774	-2.07660723769393	2.96764188173099	-0.359367988038329	-0.830271882638711
HG00699	2	CHS	Southern Han Chinese, China	EAS	116.094551181159	-181.105587690014	-13.6702391310626	-41.7314019525109	4.33581431525809	-0.804688685714389	-10.4829397998173	-2.16650056490446	-6.2397462102109	0.762131537114347	-0.443334061668727	-1.06445213249171	3.91948756426592	-6.52535587276841	16.5050256151674	2.20779688502324	-2.06837213599209	-4.96226078667081	2.69907487075027	-1.70778123419849
HG00701	1	CHS	Southern Han Chinese, China	EAS	117.346594758865	-180.778942397649	-14.365518067933	-39.2494759618466	5.30235108084408	1.37275763146591	-11.1621130160452	0.372703990581983	-3.76881738344253	-0.693565639905818	0.342764515409848	-1.25108887834619	10.3331808833842	-5.00364128358426	22.037764061599	5.29525740869628	-1.91497693082952	-0.158495044094904	-1.10358728983727	0.481680487182046
HG00704	1	CHS	Southern Han Chinese, China	EAS	117.530985422949	-179.617381846127	-14.169487566306	-39.1669816298564	3.85943096414581	-0.264703624763861	-14.21282630674	-0.664419971497439	-5.89824436277617	1.09352926764053	0.90803168471558	0.2658806542351	1.21458530370324	-6.4811562468135	11.1469352529984	0.579950665069733	2.56023224795387	-6.04283015863602	0.0010715033551064	-0.625848768647956
HG00705	2	CHS	Southern Han Chinese, China	EAS	117.465668447448	-181.637610565984	-14.2818417005379	-44.0837297195785	4.67776882341599	-0.0185184362833045	-13.2399098270138	-0.0252630179781933	-4.15178650582645	0.475594153510982	1.41816361585294	-0.530117285990349	1.97785712148928	-6.92098610178542	18.1239119322353	4.69621182580308	-2.49044049734039	-5.08684302387514	4.03630081688946	-0.056043955049815
HG00707	1	CHS	Southern Han Chinese, China	EAS	118.31576217664	-180.442043313897	-15.6602488012204	-42.1857017527572	8.9340599677818	-0.293517656866012	-14.7573658595921	-0.67951668555331	-2.31724505495972	-1.65683376338591	-3.7550445599992	-0.167829346952243	-1.91375904973431	-1.85010958808179	16.4874951900576	4.58865747535692	-0.326873267897717	1.84271403325955	1.37283420099756	-0.0152555884153182
HG00708	2	CHS	Southern Han Chinese, China	EAS	117.491793848259	-180.692748566291	-14.0788744315318	-43.3260096060067	4.7461824024006	0.276374052298298	-9.48548451575555	-1.07630790410204	-3.40136661038456	-1.0372617988637	1.7383833003914	-2.06193351296308	0.819528077063214	-4.7527350831234	17.0638839179181	0.048590101687762	-3.34494462116488	-0.762948058041556	0.736934691119859	3.19267564326944
HG00717	2	CHS	Southern Han Chinese, China	EAS	116.12691092779	-180.806165257616	-14.2365076135526	-41.3791033752218	7.89069399828741	1.40490604308889	-16.3194162784895	-0.368023935762506	-2.69827115148286	-2.15584443789018	3.02179100863654	-0.0298805194358581	1.48196038411702	-5.93176872413059	18.0150765478359	3.96938978468354	-2.81481352652235	-0.196791837591205	-0.723681553592145	-0.151224281228931
HG00728	1	CHS	Southern Han Chinese, China	EAS	117.12733584338	-179.256307951551	-13.2295189868161	-42.9407862054007	8.25303668414236	-1.43613075620727	-17.5794285959368	-1.25227632324381	-1.37770215007175	-1.24881654481835	3.01545457939374	1.30442546608897	2.18543663815488	-2.40222052074649	11.2403227607363	2.59705471569475	-0.618765117387097	3.57747952536041	-0.489808063164172	0.349889510686911
HG00729	2	CHS	Southern Han Chinese, China	EAS	116.747948758655	-181.010821061965	-13.413766279337	-39.9079228888834	6.91209811543116	-1.66715515454034	-15.7767893934699	0.00160034942887084	-2.32383101060859	-0.0275809451437716	1.65732667959672	-1.81543091635239	2.54920001847865	-3.78441200454161	16.2386299487041	1.46177134991473	-0.357937399410036	-2.48312774453569	-1.9419842821184	-0.93554212835768
HG00731	1	PUR	Puerto Rican in Puerto Rico	AMR	83.1074263868494	119.060200395518	-37.493092069785	-29.9990095957717	31.5043202924609	-2.67098741832608	10.5631031455372	-2.7997393389843	7.67902119884904	17.939556789207	-41.0892351822388	-18.5119839379586	-2.69573780011145	1.0929175637719	6.09705095484774	7.52327432420005	-4.25976014491935	-10.0035374271864	-6.08473287800317	-2.37032222689626
HG00732	2	PUR	Puerto Rican in Puerto Rico	AMR	73.6371680544785	103.826330598286	-42.3073273157688	-15.1528654629882	35.0285639372269	-2.40900142081589	13.4317594214987	-0.419483486275339	7.35475877995482	17.2052236656981	-53.3378213571763	-26.2415553983168	-6.43588386803749	10.362673316733	5.03122957320832	7.05947368672846	-4.45466056642823	-17.8565021268463	-5.27124185362053	-4.66766743138569
HG00734	2	PUR	Puerto Rican in Puerto Rico	AMR	55.8248496163545	82.7775482163667	-53.5460762138656	9.20477598145468	25.5955547633557	-3.29265317510523	7.23396861678226	-0.0135924613984415	11.3536643304272	22.9167099527676	-66.1795959403132	-34.5255850246355	-19.7439358225701	10.8932999695348	5.92819074971311	18.0523541555136	2.83950115424317	2.76828212957936	-4.45678142951998	-2.11139036097125
HG00736	1	PUR	Puerto Rican in Puerto Rico	AMR	73.0032884983412	110.371598946763	-41.5103017725509	-18.4372854197275	23.8261061973643	-1.60232970863982	9.11789227356534	-1.51051913585168	9.84669498073786	18.9311704089094	-49.9105297281461	-33.4361473547625	2.57872105395118	8.47117329047497	2.60785785044853	7.58133073822712	-3.51055525077982	-16.0410145552049	-8.53102491037656	-6.54137208972214
HG00737	2	PUR	Puerto Rican in Puerto Rico	AMR	64.5630418507442	109.83445049302	-42.927137593511	-18.9007424285935	22.3196390070137	-4.46815696491949	9.09549943609655	-2.04243098684385	2.03879190370311	17.0200710789643	-47.7899804126473	-15.6460821077694	-11.6430700668976	6.84947487950425	0.481511935152007	8.44112290307741	0.826049046800093	-5.944502815238	1.91683376341464	-0.851849216707805
HG00739	1	PUR	Puerto Rican in Puerto Rico	AMR	74.7978790081558	122.349248633387	-33.5680876356839	-29.2463752602193	9.87292483559223	0.444081516995415	3.34422064932425	-1.08029249910519	-0.469941408053808	4.72432248961878	-12.6312985323985	-11.3929417923116	-1.95493647634401	7.02368765534692	-0.864293264108254	-2.21033286229461	-3.17462092570073	-2.38692156494306	-0.659257641009192	-4.20414266603912
HG00740	2	PUR	Puerto Rican in Puerto Rico	AMR	51.0146318978924	91.9041930623571	-47.1217986290358	-2.71442623260064	30.0414333460543	-3.80221589148346	8.94233340429875	-0.389487376721001	8.6159290585635	19.542901084336	-56.2523508144803	-26.5532020620216	-12.3999314907035	14.77119974926	-0.776874904828251	7.83181047998896	-7.92480201427147	5.89019245740947	6.40853492171749	4.6362820469135
HG00742	1	PUR	Puerto Rican in Puerto Rico	AMR	70.356733247239	119.830628257334	-31.7956254546335	-31.8006117938643	37.4774815429841	-3.03676478474811	12.3662870649356	-8.61953203693297	10.3554091415088	17.7833778301476	-39.1064933070514	-28.1624359136067	-6.44721306244533	2.50075610835178	-3.03470176562542	2.88531191454269	1.06391007671146	-2.27262090015021	-10.1367449900214	-1.86479884749359
HG00743	2	PUR	Puerto Rican in Puerto Rico	AMR	63.0866664543209	78.589972260836	-56.7312399054872	14.0029156092806	25.956820949874	-1.08757058369301	11.3250209664524	-0.582362931914422	8.28821019682839	25.9378978487187	-62.8185961303315	-39.1501120255494	-16.2278990209044	7.94981960518537	6.27584460002315	8.3964500618847	-2.9653113128504	-2.26507938936986	-11.9634155194261	-4.8351457399615
HG00759	2	CDX	Chinese Dai in Xishuangbanna, China	EAS	116.953731975691	-175.575170038568	-7.1087129442067	-44.8299438718817	17.5672187272604	-2.66164950413699	-51.4569446957006	-0.0530887152393296	0.493634784017848	-0.418417163260584	-1.27490823846624	2.66707636088844	-1.5127262338938	5.08669450917121	-18.8930239591687	-7.99416368336753	4.01573433597644	5.6289292165655	-3.81576914834205	0.0608455362254697
HG00766	2	CDX	Chinese Dai in Xishuangbanna, China	EAS	115.571797538864	-176.357953963454	-8.4036688706644	-46.8637954105102	19.1390642740974	-1.88090875151846	-56.1020401405393	3.16292839667981	0.876367733947474	1.79751450847334	-0.725389925062667	0.806488419944509	-7.18027556688424	4.76668761241549	-26.8875269683701	-7.25161963194148	1.43382960491521	4.22457996015168	-2.10023323389559	-0.831053041060554
HG00844	1	CDX	Chinese Dai in Xishuangbanna, China	EAS	115.52425528118	-176.979107090387	-8.77568460557314	-45.1594490493527	22.6273475995469	-1.42894455003099	-54.6629357324043	0.7676893830496	-0.301365494356854	1.44800445918908	-0.404310236586413	2.44801848334095	-5.26769822826181	11.4375869453849	-21.2195156208639	-5.00045309848556	-1.74786458612718	7.18970034738749	-0.986310534574413	-1.95390657778041
HG00851	2	CDX	Chinese Dai in Xishuangbanna, China	EAS	115.68535760128	-179.809634010432	-9.30754971209714	-44.555608722998	20.5196952158171	-1.10161734794254	-54.5328534544919	0.565225763931728	-0.14189739719543	-0.66981359500895	-0.414412008310351	4.11209595632106	-2.90054565663134	5.66865057353312	-19.9866935413431	-3.15584847715873	-1.12931914204288	6.91719665580046	0.0893095806674528	-0.371770811475089
HG00864	2	CDX	Chinese Dai in Xishuangbanna, China	EAS	115.425749528187	-175.875060327895	-7.23987925770082	-44.6044081575048	17.6156466304736	-1.33481626946562	-50.7556929849131	0.383443096147481	1.39996286197262	0.686336415207551	-1.8077082641271	5.30015735143308	-2.5209523509437	10.7208312024049	-23.438338756911	-5.07039510849603	-1.50098188501872	1.18299814397496	-0.221632731016129	-1.45746911048824
HG00867	2	CDX	Chinese Dai in Xishuangbanna, China	EAS	115.090477064409	-178.678351130684	-9.1674684716769	-43.5375631320436	20.0123081457612	-0.912988104913436	-51.8697420307288	2.70192858932217	0.952128207499275	1.17462342936391	-3.11303451081601	3.11460511973157	-4.50466622707419	8.30003546587677	-26.9468542111944	-6.0810923991607	1.05870314148177	3.06513243499157	-1.08723021453548	-0.424886551861214
HG00879	2	CDX	Chinese Dai in Xishuangbanna, China	EAS	114.873791684883	-178.864795939558	-5.37062522325706	-44.3294402527078	20.4402398332595	-0.585782144658288	-54.2898329055771	2.03530955044017	0.847739474540745	0.39596083530005	-1.16863385730962	4.71172852754683	-5.0472928598683	8.17913991755674	-23.2014972007048	-3.90284197490995	1.91833376529469	7.07150463125107	-2.48842281996352	-2.67935274507402
HG00881	1	CDX	Chinese Dai in Xishuangbanna, China	EAS	115.567214439064	-178.947311707975	-7.95371915140765	-44.8016979043498	20.080152741292	-0.123449600497701	-51.5495214626834	-0.690851667698437	-2.86355094681783	1.47318519298206	-2.66946736034014	4.42194692411929	-5.17567832726747	8.9587797092814	-19.0999779083301	-4.60498054686988	-0.127828000519039	6.71904250446069	-3.71109288473918	0.792450646926141
HG00956	2	CDX	Chinese Dai in Xishuangbanna, China	EAS	114.360836580738	-174.803990844527	-7.59012608953977	-41.2990151663841	18.8478061113964	0.309187330235336	-47.7266720227946	0.479957608421764	-3.08261625361456	1.71133643332714	0.162761780151133	-0.526087415581113	-3.15963463042598	6.07190568079221	-15.0062340283933	1.2272798680524	-1.06062801806945	4.86533581861237	-1.55620062125246	-1.25229870558059
HG00978	2	CDX	Chinese Dai in Xishuangbanna, China	EAS	114.616240594778	-176.962087838417	-6.48040757119472	-40.5786050688724	18.2938358704752	-2.15148918337206	-42.8672856661537	1.91964944454971	2.15213581418478	-0.0215355378105578	-2.92447868088705	1.347672617901	-2.13248931387048	7.81556217794778	-15.8134406684391	-4.23874705487761	2.34375095966922	2.72095718529868	1.54973775596617	-0.391477834472686
HG00982	1	CDX	Chinese Dai in Xishuangbanna, China	EAS	114.966398821039	-180.262278197913	-6.46272134668123	-44.7826725640723	21.0505906091517	-0.55775423131392	-53.4486017921467	1.72785071525718	1.9532098547031	-1.04145481381693	-1.60405239183437	1.45519723203601	-1.8142678768305	7.32908403343101	-24.4400138550627	-2.51559346396806	-1.16538973720783	5.33323804296384	-1.37475853767433	-1.33850551335913
HG01028	1	CDX	Chinese Dai in Xishuangbanna, China	EAS	115.029434054057	-178.397345495064	-5.19791514088039	-42.7446023480695	22.2876103189031	-2.94350324071483	-53.2576654497849	2.51855446984456	0.268403395146226	-2.2162802199967	-1.1431149794896	2.83099762265591	-2.9555825135443	4.72004267370893	-20.1675433991688	-3.69453343044666	1.30672635313503	2.99112409768146	-0.189345618039938	-0.840913675075335
HG01029	2	CDX	Chinese Dai in Xishuangbanna, China	EAS	116.064970584684	-179.41567427141	-7.03700258679408	-45.0605593914577	22.92724269332	2.36923156684094	-54.1008992517422	1.61085731248273	-0.50302625131024	1.59321621954254	-0.259474444978457	3.31950427292017	-2.99386273161283	5.69062812238231	-21.5703349514356	-4.0236346680386	2.29715282868105	3.76907935765973	1.92708555375818	-2.29145902677167
HG01031	1	CDX	Chinese Dai in Xishuangbanna, China	EAS	115.610957417469	-178.16061463129	-8.78451346483758	-41.9848751448468	22.1002980700941	-1.42023654649929	-55.5946552221598	-0.441076141874853	-1.87801577681161	1.74367205843294	-1.53486151660616	3.59422868195978	-4.48037024483778	3.84495158748733	-25.0451425345115	-4.81376754109477	-1.81513993185223	3.58234351916064	-2.77195332561545	-1.98860191197184
HG01046	2	CDX	Chinese Dai in Xishuangbanna, China	EAS	116.579740283377	-178.035006938344	-9.40431429792429	-43.6717413277531	20.8185878315044	0.0215036581274835	-53.8284956076407	0.841121996197088	-0.611788432198441	-2.07297141565637	-1.53506534203243	3.59726635711543	-3.60317982516153	3.13909272958085	-20.9165413338465	-3.1264082993754	1.50829480953707	9.08543265323067	-1.73957979390753	-3.27728382469148
HG01047	1	PUR	Puerto Rican in Puerto Rico	AMR	62.7402082492735	110.153990712614	-39.7063386285561	-20.2371021660061	26.4659126604697	-1.75676079129962	7.26661085608683	-2.82953458211884	4.44085851503277	10.7836892505012	-34.3446064323044	-26.9669291560612	0.532160438091707	0.340375901584441	1.63323422032539	2.99480053714203	-1.22604046209656	-7.06442894975379	-4.26368422768965	-0.861545293168306
HG01048	1	PUR	Puerto Rican in Puerto Rico	AMR	52.9363977408788	94.3922850919656	-43.2469895700007	-4.95898289897446	26.9164511622042	-1.36721302979323	10.2101307435559	-0.90580349860136	5.97995293467795	18.9976101449394	-60.3134160642406	-24.7081401136956	-3.33930631775571	4.41468935389709	12.4270182426036	5.92021121034322	-3.95444625120508	-2.86814208548153	-7.96708248086013	-6.69861926829853
HG01049	2	PUR	Puerto Rican in Puerto Rico	AMR	7.66677096431737	77.4038217843379	-41.595214794077	-2.2976009985751	23.6921696546641	-0.322154827807339	7.21826480726514	0.309070613838497	7.85809902732587	10.9755094306888	-45.2628935796203	-25.2295953666747	-7.7842311676003	0.451795353938359	0.675613103136127	11.8712108781303	-1.06426508987072	-2.9468136323147	2.83016356651805	-12.9509504448601
HG01051	1	PUR	Puerto Rican in Puerto Rico	AMR	15.7564948031133	68.5657137197283	-45.0086305729681	12.6313259176433	25.3652986533002	-3.40830670529236	6.15460061534849	1.48544598559216	6.9185028927127	20.7927547609011	-46.336723910086	-36.2919652218217	-14.1181904038403	4.09135717078791	3.59974623418519	9.11283004243043	-8.5580315358937	1.45350451869093	4.66941009319083	-8.43382713136499
HG01052	2	PUR	Puerto Rican in Puerto Rico	AMR	12.3305354406941	68.8869521931913	-45.1048605260955	9.2898796182108	22.0116140635623	-2.20468981397346	4.05262572526169	0.198874593030504	5.23894060666263	19.9217345828763	-49.2257024618915	-25.8591494278392	-7.84166843597743	5.60701708489951	8.72505877327718	5.31112601761035	-0.386035446508955	9.32592320818497	-7.83164832626098	-12.3426429452765
HG01054	1	PUR	Puerto Rican in Puerto Rico	AMR	71.1683131365105	96.7904517739025	-50.3072284124859	-1.98254128168035	34.5357320132873	-2.12966630014411	15.5329850183236	-2.22428430713145	10.828760736324	26.5196438377241	-74.8446449657546	-42.0777643123334	-8.81252834310492	0.380954591205003	-7.35429474662464	6.19791732505081	3.12972032749624	-1.84796753119805	-8.85600546754402	-2.54110804597816
HG01055	2	PUR	Puerto Rican in Puerto Rico	AMR	45.0859789529579	98.0757367373471	-39.7928909964032	-15.511084516124	29.81675273425	-4.43805303480255	14.2437594203522	-1.96607530799496	11.5024754443943	25.2877846550923	-63.6281150925928	-36.546983741433	-9.3225986923847	8.44012988191428	4.43730571745437	12.3311593607699	-7.59982420338144	-1.24014370077933	-16.8266879518589	-6.39339328551199
HG01058	2	PUR	Puerto Rican in Puerto Rico	AMR	48.4054513109818	88.3772229645062	-44.9022181952147	-0.753513189896802	23.5563853312432	-1.94519411849209	4.96213417078743	-1.59201126926666	10.8558130593634	15.3046355712265	-54.6283828654259	-30.4181567220429	-11.908437741236	13.2151870553844	-1.94209541960082	10.8514048982815	-4.14020105518573	-12.2868916243812	-2.74470346823826	5.71811296553743
HG01060	1	PUR	Puerto Rican in Puerto Rico	AMR	61.83151690152	101.266291223298	-40.9424642426395	-15.4493112080612	29.4004856134541	-0.763898982877952	12.9241696165085	-2.63639718929493	10.1459777187404	22.4242842892281	-63.2976468849172	-41.211389742229	-14.5729036743867	9.77777117405258	10.4492400567717	14.52920661898	-0.106052408990929	-5.71532106536343	-11.40347647122	-8.9451601661185
HG01061	2	PUR	Puerto Rican in Puerto Rico	AMR	67.5420269947151	102.942635180523	-48.2259912187192	-10.9523808531728	31.9679706441161	-2.27786033539293	13.8410773487954	-0.0765173552069049	6.37561340706222	23.5880404249193	-70.2219525829956	-38.9681229299217	-10.5642640112613	9.96849566821016	3.48462613983108	10.5723861657397	5.02957579899893	0.363023133123682	-10.0420444664582	-2.85169470312063
HG01063	1	PUR	Puerto Rican in Puerto Rico	AMR	-38.6079182508221	58.178737343337	-34.6374432546362	2.63370957241964	20.1758033553312	1.57017856551364	3.80090406751092	-4.82062542376937	3.57647429102333	19.3185416354283	-45.7961170271168	-25.1237781221942	-10.5636858233957	7.40456652212589	7.54372853959009	13.9614791010838	9.49464603463601	6.18617718440577	-10.2860972666131	-5.71063196385304
HG01064	2	PUR	Puerto Rican in Puerto Rico	AMR	28.4360205280879	87.4759840653709	-40.2916273859475	-10.1347342749945	31.4189745526433	-3.49256186750212	10.3347522280178	-2.79194119682294	6.23889289149037	20.1546002046744	-66.4011706480178	-34.3922548303713	-11.4107818216112	8.41722477581326	8.54027597205726	12.8371174386086	-2.01899208898227	-4.94109583262591	-4.2249330740179	-8.83394325411762
HG01066	1	PUR	Puerto Rican in Puerto Rico	AMR	69.3153709253843	102.524512154105	-43.6049599772586	-13.8731247290205	23.4117168660498	-0.99034042804647	11.3999295873122	0.73173619663819	5.58412128910252	18.9364009585586	-50.6275581374978	-30.1613767703308	-10.698146811202	11.7320177169411	4.11462323427261	5.46218347405233	0.0614560093400202	-9.49741878089445	-6.97520190802469	1.13530196717442
HG01067	2	PUR	Puerto Rican in Puerto Rico	AMR	65.215907983676	98.4463648012539	-44.8346999582609	-6.98542668356731	37.1510570406253	-4.61948029956827	8.89612514936576	-0.871773742065164	7.46744819418543	24.230804231695	-81.6029487815567	-44.2939623404941	-12.6168934294142	9.64557208260545	3.90972040827653	9.76165767851097	-7.72433506076546	1.63928873049018	-16.1444412412649	0.0775157302051644
HG01069	1	PUR	Puerto Rican in Puerto Rico	AMR	62.2157846047154	94.2351512964047	-47.2733270172935	0.4011459898071	29.5094747524151	-3.04670995983072	10.9601782507319	-0.218047652215987	9.29862655416717	22.6905296569299	-63.1980307019289	-35.087592339448	-14.5195510242363	16.4088822128102	7.0603805434378	12.2306297763804	3.7169550068786	-8.20287381677486	-4.87140308906486	1.76192916112173
HG01070	2	PUR	Puerto Rican in Puerto Rico	AMR	74.942817238803	102.008609372223	-46.326292240736	-4.30403408524993	32.9178791471199	-1.82976832183639	10.152349526197	-4.78545357164597	7.16026115352544	20.7967696224507	-63.8963710470534	-27.4688064574736	-17.3744806372067	4.33048440218524	1.58651955457671	14.9448629060923	-3.40699581396816	4.69687222115779	-12.499346740378	-6.14424534045373
HG01072	1	PUR	Puerto Rican in Puerto Rico	AMR	63.2240647135193	98.4836918324014	-46.5131640438884	-5.65495230710037	39.4803629230867	-4.80683559953615	11.8193020979112	-2.49140332476872	8.58728338919129	23.6148737622554	-74.120886137245	-41.5413762874089	-13.309580557021	3.49610266503818	-2.11151978536946	16.1647577363901	-2.61698057451836	-11.253350589748	-15.5244910210885	-0.318758355451193
HG01073	2	PUR	Puerto Rican in Puerto Rico	AMR	64.3778704786045	96.0252939830954	-46.8169796865502	-4.11996971080318	33.5624915476597	-1.37330537629509	9.07452738440404	-1.67171828394302	11.3405871048721	25.5661545926262	-73.7950923657312	-34.3033898472225	-6.57439606420982	8.00997762763208	4.60385309442831	7.89372098707141	-2.36569673826577	5.734006853399	-5.46007762537212	-8.97252776961547
HG01075	1	PUR	Puerto Rican in Puerto Rico	AMR	58.477910590279	116.485333698108	-31.491478224155	-31.0199299058265	22.7981826884066	-0.291327425138412	9.96365722124868	-4.11023545664552	2.84980924411347	3.75988419668453	-11.456628457204	-3.65532381047551	-5.4814953162239	2.51172544505648	7.80951843839775	2.07377502101526	-1.80599229206533	-6.76240113373858	9.46544059097394	-0.205164162917349
HG01077	2	PUR	Puerto Rican in Puerto Rico	AMR	23.9144915964882	69.7475316065486	-46.8882665243732	7.3288956318137	19.0467048829102	-4.42907850660795	9.80338150931776	-0.167756325226814	9.66959440078584	12.1628362410095	-43.6997186153129	-28.4582556285457	-15.2971356922851	4.2974915888612	0.130886503566653	-2.58100594161447	0.820963359516795	-1.2890366924372	-3.01320427536467	8.56290210610633
HG01079	1	PUR	Puerto Rican in Puerto Rico	AMR	32.7722448255798	84.3379419725276	-38.5320353937676	-4.40647113193184	25.1090270169467	-1.86475755360338	9.65361343022763	-0.71955956546837	10.5149873633004	22.2282829295479	-45.9341347741363	-21.9736272804683	-11.8666510862226	1.33816090146952	-0.258743984339008	12.5953601092458	-5.01948641929384	-0.588448206316733	-3.31528845606842	-2.67453449323922
HG01080	2	PUR	Puerto Rican in Puerto Rico	AMR	63.7734277267166	84.187921137906	-55.2104085761368	11.745609202773	28.348563599059	0.603648302130757	8.87378635745246	-2.09424190206123	9.954892943092	15.3576388311694	-56.5323782645366	-16.3299431593067	-6.96406969264389	-0.815383822527151	3.05615701782273	7.69678548652049	-0.773836635892006	7.33478910584418	3.43729327704465	-2.32256351476397
HG01082	1	PUR	Puerto Rican in Puerto Rico	AMR	20.0144299236356	76.6759270989118	-42.1097474538345	2.26773544662959	24.6282218463862	-2.33694207371484	8.36107385809773	-2.49136577073963	5.60266088166452	17.1579303277202	-45.812125665542	-19.318367689543	-10.7904638067494	-0.52050949682736	7.26555777541635	10.8405359602612	-3.12424168769861	14.9272247423731	-5.1299242567144	-10.9192285020989
HG01083	2	PUR	Puerto Rican in Puerto Rico	AMR	57.7041386908873	93.297332146067	-48.4471666268387	-0.887507664067363	28.9396370273924	-3.14680249988576	9.08595348466009	-4.4715453340652	10.0858386661128	21.8869928096688	-56.5029950736823	-35.7393995488122	-2.26464459820544	7.62352135627072	2.83371958095471	3.5174350616537	0.0767924893339616	2.08852503823126	-6.97571227887712	2.34699441195227
HG01085	1	PUR	Puerto Rican in Puerto Rico	AMR	48.6862845101034	95.369819177906	-40.0212868655517	-11.0612948169285	24.046002609848	-4.14507567332671	6.94533008817803	-0.633904382271656	2.74555979292265	12.5385640602336	-28.0033546771965	-13.9445503821462	1.16638719570832	-2.23702503974963	-2.50802193231479	3.28371212930236	1.03133768156476	0.728332476694683	1.44537647692884	-5.3410172047846
HG01086	2	PUR	Puerto Rican in Puerto Rico	AMR	45.7180922210944	79.5512628908352	-49.3338853703065	9.24434132250697	24.9068074659627	-0.838903459023837	10.2054848208133	-2.85640014622321	6.40716312517163	22.1915461261842	-60.9283234913598	-38.4834795060367	-10.8690768959415	6.95908602423789	1.88540472973442	15.7873796589092	-7.01165321850211	0.907547469070171	4.57797322503978	7.1111767686364
HG01088	1	PUR	Puerto Rican in Puerto Rico	AMR	26.0310564368137	87.2658683148744	-38.2996793838932	-8.50401069332727	24.538428998616	-1.62816565702954	5.14073918910905	-0.687233774878728	9.56701912294234	13.9657983815576	-41.0359148245051	-17.4670581811025	-5.63012024523485	2.50100813142015	2.50768075436225	1.92852477221163	-6.86335861170506	-2.68990606492379	-5.01466728543921	-8.09751603534597
HG01089	2	PUR	Puerto Rican in Puerto Rico	AMR	40.6059439831648	86.606969791504	-40.9654759625328	-3.3297014537415	24.9536866807793	2.31580323532457	10.9694511542483	-3.86967834555006	5.00413965144553	15.3598475816211	-47.7590940931597	-27.8733582843277	-12.2636405635544	13.6921870706257	4.73992217527849	4.41194472641064	0.962096996763988	-1.11783441112207	2.74664503607359	1.08121330590317
HG01092	2	PUR	Puerto Rican in Puerto Rico	AMR	-0.561653228549247	73.7566956398351	-37.047473886543	-1.16681357522745	24.2452490735421	-5.30461048394886	7.24629900293354	0.0304842853508506	4.02627335725566	12.7915725361912	-29.6126647757718	-26.9897086666264	-8.44214583957151	1.12723447581391	-0.613980804731786	11.3139662416096	0.700274873513688	-6.50386378729972	-5.61226344187374	-0.352931761635522
HG01094	1	PUR	Puerto Rican in Puerto Rico	AMR	44.0070475740431	93.235774509099	-41.6315895673933	-10.3960345380873	26.7601433114715	-4.12855873163003	8.85972124166963	-0.705398176895343	9.33146965633622	19.91067762325	-43.6129290944517	-31.475893540231	-15.9488271656764	3.05984917203013	14.8190027530482	7.16231411737228	-5.00131582692509	5.37538004656233	-0.132503067677545	-5.92090508572167
HG01095	2	PUR	Puerto Rican in Puerto Rico	AMR	54.0572430221119	96.1003803545584	-42.0548047475725	-8.44368258082574	28.912262415603	0.53579424143443	10.4309759750347	-1.86425163178757	9.3499155075469	16.9138385903711	-44.3041192228373	-37.8416777385793	-5.35179894396936	6.32831780985127	1.84281211664565	1.24410974916894	-2.86933819350962	-11.7400062433793	-8.96842503931673	-1.8743347498376
HG01097	1	PUR	Puerto Rican in Puerto Rico	AMR	59.3911393340901	94.780585729362	-47.2926096211244	-4.45443140289801	28.6474424857349	-3.8103641814984	9.76900491424251	-1.79973780554894	10.544641876514	21.8643598402261	-67.8610162515701	-35.2335330132273	-17.2706550059546	2.81645992310183	-0.775498665284223	15.3048981417892	-0.523561487420643	1.53741949797837	-6.87667286792474	-4.29645901339642
HG01098	2	PUR	Puerto Rican in Puerto Rico	AMR	57.3804304370311	96.6543469218642	-45.186768951004	-6.88429037712238	35.2494773769112	-3.59199096878373	11.8661555852042	-1.88220655608106	6.5879258915709	20.1763812190428	-63.8411037625778	-33.8748825745493	-9.88358422009086	6.50069898100492	4.135295860069	12.4843959237925	-2.42351754660607	3.57410947334637	-4.23594611992502	-0.972505974894115
HG01101	1	PUR	Puerto Rican in Puerto Rico	AMR	39.4473130320152	83.6617680663322	-49.2862970998738	3.1427226007095	32.4760705947118	-3.42256981424587	10.2507713222562	0.60110707993543	8.49092848498313	24.4756233662218	-61.9729946894482	-31.9160736185469	-10.0965137446838	8.65818207989903	5.8269066706333	8.03709268514793	-4.82652279875242	3.46112810740715	-4.14468479796933	8.22151289206456
HG01102	2	PUR	Puerto Rican in Puerto Rico	AMR	28.809469530708	89.33015682244	-43.0813431464161	-4.31031508956473	22.8492528846237	-4.98737561212552	5.85109450894505	0.213399245102836	11.0020113062029	19.6205726055241	-55.8731051497085	-27.0793399297996	-18.7271192642172	7.60316685118323	6.87635973425737	24.1098590768918	0.90610739248481	13.9670757746143	-8.5643190530412	-4.81937292720041
HG01104	1	PUR	Puerto Rican in Puerto Rico	AMR	61.2550876066289	97.6988282429687	-40.5361152713319	-12.1232811461267	29.9211779497392	-3.25240558168109	8.46101768451346	-1.77194557304815	2.33174349577872	14.5681083726906	-41.3984054310704	-25.7007083942694	-2.47177160437811	6.2322060293632	5.15345790908187	-0.062809416077672	-1.85530752607031	-6.28212215974123	2.45836377808357	-2.03582605431885
HG01105	2	PUR	Puerto Rican in Puerto Rico	AMR	62.7768915244117	111.653700381504	-36.2404419864694	-23.344511061431	24.1274651390064	-2.9925330607289	9.21976233303659	-1.58788266542414	0.496960132512647	10.0299891597764	-35.6128600972106	-19.1750270429162	-12.5344555799001	5.05538417106909	1.65586270356172	3.94046558770861	-2.73622140273315	-6.99988163589437	-3.5101501237209	-9.35877495660932
HG01107	1	PUR	Puerto Rican in Puerto Rico	AMR	7.12309030541315	80.5510995813878	-40.7718377825284	-10.0952011378682	30.966253007921	-0.29159420071466	8.29652538620377	-1.42672147401217	4.92752546034298	19.7144934758557	-43.2502526817106	-21.4838458199583	-10.3234040758785	9.25042911236878	4.80195861114139	12.4767778902164	0.462929074947037	3.80308535004844	3.81859974523876	13.3431124665798
HG01108	2	PUR	Puerto Rican in Puerto Rico	AMR	-152.614024381309	26.5959494262229	-20.0309736550691	-0.409811302155131	4.57198358740439	-7.153191412264	1.54750092434426	-3.68705863871058	2.8629197777304	-8.65171254915133	-21.3161993463887	-10.623167139694	-8.90841609590843	0.377260563713809	1.3708275115171	8.37968303829336	-1.49226948686092	-8.17567860738268	2.58635459097448	7.22690106138147
HG01110	1	PUR	Puerto Rican in Puerto Rico	AMR	47.7639179474415	90.0460068911173	-44.2039910301768	-1.90066051514037	23.2925810173367	-4.71949841276902	10.3215947277665	-1.63769999368368	4.85093023470405	12.7810662673942	-32.8616128324279	-14.7447061113889	-7.96307776881971	1.4989645658652	5.05195257702407	2.00374436680787	-1.61172238972321	-6.68205805688269	-5.19226028257683	-7.75210647904408
HG01111	2	PUR	Puerto Rican in Puerto Rico	AMR	51.3867466605113	92.6401311445662	-46.7755995256242	-6.6885348378265	24.079867194983	-4.96882181160393	11.5958517288656	-1.84773451211581	-0.225173180549996	14.3387064105569	-34.3331521272223	-7.50220978478139	-3.09964309923048	-1.32608822103506	6.09648689424112	-0.685331637367977	-5.76610312404355	9.36007345466884	-3.73586661514713	0.740982389779865
HG01112	1	CLM	Colombian in Medellin, Colombia	AMR	84.8119341158365	125.148759307992	-37.4406295845676	-29.0821953660657	29.7646885280034	0.112650195005592	9.58601884298526	-3.74787701621163	3.20034984675165	1.05359261110804	2.54360534954527	65.101637790235	-13.3589596986308	15.7472374716295	8.10508057214057	11.3530060830297	2.3220259113844	-32.3389747466014	-3.55144027946706	-12.9512470288598
HG01113	2	CLM	Colombian in Medellin, Colombia	AMR	95.1817065703814	76.6120435662534	-67.7019622201574	27.604626949337	25.3288360375931	-1.8230545647928	9.75693495741606	-2.0454574849039	0.0776364018106142	-0.674035563633577	-8.18021980592558	78.7766216143804	-22.8778422932989	9.67893814456487	8.50041070782985	17.5761471579179	-0.622003561289461	-4.94723427154676	-15.3769841045206	-7.00437151137283
HG01119	2	CLM	Colombian in Medellin, Colombia	AMR	85.3757909721173	112.11856787738	-44.8878734694131	-13.0769414243874	28.760026831876	-2.12969653616088	11.0151461771118	-3.16204645534679	5.7670276676686	-0.13117986619305	2.05846801337535	53.2662312802671	-18.1113946327285	4.85120300123676	9.41929528761512	4.70460118952141	-2.35030809663908	-20.5619798931526	-11.7265760580892	0.972379388770734
HG01121	1	CLM	Colombian in Medellin, Colombia	AMR	81.6581943935569	68.4287310293024	-64.8863541323566	35.7796607560189	18.646336636997	0.438605301106346	4.59201773067228	-1.48695001754084	4.90293683886698	-1.28044534325932	-5.71887977686598	29.4232639620477	-6.23740456951713	-2.19203551454193	9.08340445522092	10.3601511462318	1.63943186780455	7.51304163655999	-6.6430624824773	-2.09032512448954
HG01122	2	CLM	Colombian in Medellin, Colombia	AMR	71.7566690542661	84.3196544542561	-57.8268414983853	18.8392997945509	19.7197324954155	0.0752212164633452	5.01150928041334	-0.827411326163853	1.48004283207305	3.97269842796551	-10.532042714548	19.7137676853531	-3.06040953302525	4.36696536641711	0.936473880236837	-2.11067462098987	-0.806176843881116	1.93837302787578	0.120386903963757	9.46736047596213
HG01124	1	CLM	Colombian in Medellin, Colombia	AMR	44.1263893852666	57.0690939500962	-63.110382215424	37.8376064183653	15.357076907611	-3.14145512067215	1.76784196233514	-0.691770452704072	6.97573246629204	-1.01247665172006	1.44389971697961	52.1953839574139	-6.82460920063713	12.0935371253666	7.94597595017515	12.726478030463	10.45053885918	-9.6063305875883	-5.06475002454147	1.55161785157162
HG01125	2	CLM	Colombian in Medellin, Colombia	AMR	61.9129863920449	70.2289598343147	-59.522614911133	26.9173178744473	21.420340472793	-1.66368348484626	2.61092029352991	-1.61062729600543	2.61400932576828	2.07221616575733	-5.18109551592382	59.1908012049187	-23.1099053874904	12.4022154530259	15.2720804602399	3.22293410511776	-0.312729468866059	-6.28343616669662	-13.5280109977429	-8.52085682084661
HG01130	1	CLM	Colombian in Medellin, Colombia	AMR	75.7783951685861	81.3319268777848	-60.7508945452961	24.2278131936917	22.5157314391187	-0.6984642250708	6.64515493514592	-4.08020328558287	5.64926297143259	5.4145342035714	-6.18947708468234	55.3119351237986	-18.9795947744303	14.1357158936052	11.2031134796525	8.08010595292252	2.55966875334578	-0.274480059381003	-9.86153988914573	3.04285647031256
HG01131	2	CLM	Colombian in Medellin, Colombia	AMR	75.6316235211432	76.2835370961249	-60.4921038230306	25.8528032478848	22.8871004964778	0.51750969669696	8.86684397915782	-5.3155254610809	-2.88944854012816	2.35422078851578	-4.54927582855357	61.119580580453	-15.9550351818042	12.9366916286369	10.5378131278273	3.66802652849993	-4.46394257431945	-6.07789346138629	-7.93469004848673	-7.17012322712739
HG01133	1	CLM	Colombian in Medellin, Colombia	AMR	87.5365109448818	103.333731106525	-50.7525456129719	-6.40421053260047	28.0447384002392	-2.93824363507691	6.78322547187383	-1.63132249041378	8.75424180355917	-0.521582238434921	-0.760555794700807	58.9737770490132	-14.0168451776183	9.49234094808383	8.02977532119959	2.32502907514845	5.22271240814955	-13.0812421707665	-14.8621851646553	-8.61457694733328
HG01134	2	CLM	Colombian in Medellin, Colombia	AMR	51.1205630339307	74.6116565169001	-53.8464729188048	16.038481056618	20.0344780995273	-3.79884104277373	4.76846895369707	1.44926141864786	2.07813189042796	2.73044271204388	-3.2842164901049	46.696453866892	-15.573694275464	6.68968101316115	4.85059115441266	7.36045363516242	-1.67151323563212	-8.31325478623575	-12.2757145636573	10.1094099461044
HG01136	1	CLM	Colombian in Medellin, Colombia	AMR	63.9220843849624	69.7244856821061	-64.248276706261	28.7915421500672	22.5723256900088	-4.70162574218486	4.54846842436762	0.911293517569388	8.11939979164093	8.13115912414856	-5.28978588563056	54.6365502527953	-18.3656583772166	8.83040375378597	12.5539430767015	15.3163343684819	-1.7814771331821	1.09714665190512	-12.2304501741582	-2.79588070642152
HG01137	2	CLM	Colombian in Medellin, Colombia	AMR	91.132595687784	61.1853579628432	-73.9805720676599	49.2707121508628	23.0140903039546	-0.863468402642102	6.34801522646859	-2.28459862501237	5.89244756664065	1.34352181902017	0.543902702616645	67.3874493858737	-24.9285956560192	16.8302976103576	11.0025240366222	15.5177199856992	3.0452786589362	4.33931988467122	-9.05375145803105	0.0196810534780283
HG01139	1	CLM	Colombian in Medellin, Colombia	AMR	33.18425984338	50.9175508874264	-65.3676744005398	41.0275399029075	13.923210776786	-0.589319958797166	3.53467685299819	-1.05230195297004	1.90238479339372	-1.50228929366894	1.12394345125068	43.6889268142919	-13.0094998039832	11.1909651328059	2.64706719347859	11.1121268097074	-0.974304458586556	3.27983850689285	-7.08820483291982	-8.3455142806088
HG01140	2	CLM	Colombian in Medellin, Colombia	AMR	83.1149916830434	76.022416823326	-63.2180062213465	30.7045225346373	21.4614186967569	-2.7986766927414	7.14942417305792	-1.2177504310425	5.38193150928103	-1.39506219206797	1.93554359456415	64.4301755483367	-18.9748608794632	15.5219769169972	15.7026625267384	16.540305803703	-3.64713583832368	1.88636024059891	-13.682024602543	-8.62472202660265
HG01142	1	CLM	Colombian in Medellin, Colombia	AMR	30.0303365945676	34.0147821957937	-70.8728738498487	59.057994776771	14.4465632514313	-5.8664843975765	0.171260476658605	0.72831281398712	5.16983924471095	-0.888063714717068	1.49660756065795	45.5276238112778	-22.3524150471345	11.9046824996315	12.6859581183278	16.5182153721444	-4.58417011985205	3.31276673152659	-3.79347632946489	-16.6829139934757
HG01148	1	CLM	Colombian in Medellin, Colombia	AMR	77.185591744143	81.0122762080959	-61.7014336615981	24.7726148343289	18.5109020936846	-0.268907979275433	4.07700238161249	-3.54170893773049	8.0797491938153	2.26860127303643	2.52458259374283	62.9341534115071	-25.9809131736601	14.8566230819659	13.6634559900682	15.3059368745076	0.911376347327175	-12.7484588445179	-13.8819745553143	-9.30081840326122
HG01149	2	CLM	Colombian in Medellin, Colombia	AMR	62.9732927541338	28.4345242468059	-82.3816778837832	75.145732123449	15.3370644627223	1.11713710150596	2.70262637184079	0.779208154648965	5.44060736230326	4.71357615770256	-5.19965985711328	59.3514432380424	-23.5064215077024	15.9526888615424	15.9711756016363	21.3901971339158	-5.00280077961447	14.5359154679526	-11.6636742715952	-4.82918275444945
HG01161	1	PUR	Puerto Rican in Puerto Rico	AMR	25.779159181096	78.345079190711	-46.4794200227609	3.26534663493353	26.6701509684542	-2.05609166128852	5.70431947341558	3.12835936566815	6.8183306529562	19.4912403127146	-54.387966099546	-23.5711313695631	-17.8449495235306	20.3219016427113	2.68420571292267	13.6286890180009	-5.12732761615541	12.3752730684793	4.35355147189147	-2.96597996850474
HG01162	2	PUR	Puerto Rican in Puerto Rico	AMR	59.2005156472507	90.7751982420323	-46.7499204111245	1.00779317010462	29.6337035770672	-4.6127610064726	11.6849286801118	0.443625101890527	4.37352607631803	19.8360595168862	-68.1249931217027	-32.6570160739842	-9.53696396021233	5.65310917033506	10.8710203144609	14.7002804057184	2.15941610348926	0.351011514938582	-10.577302888086	-2.34429285905341
HG01164	1	PUR	Puerto Rican in Puerto Rico	AMR	57.539502917698	101.448354562533	-41.9419768418525	-10.1498723652463	33.8407157282873	-3.25416139018955	8.8093515237579	-2.22427519137429	3.95126066300168	17.0331637266863	-47.5260261853009	-25.2897575587266	-4.26760642844163	8.81679297819254	5.68633740693191	7.09453680842604	-2.45407070415688	1.34022454613657	-8.60265164802339	-2.80543959479012
HG01167	1	PUR	Puerto Rican in Puerto Rico	AMR	9.19463230408561	75.2255246900691	-40.6828190758976	-0.66751272969907	22.670965755701	-2.43109793384074	7.1991987493182	3.03173768890162	2.40978243575934	15.2755178568972	-46.3326838341403	-35.2705454895024	-3.98777658497866	6.96008196092639	0.0394943147076958	2.00095442440445	-0.824494021508375	7.94589971650119	-12.158819108964	2.15821394023897
HG01168	2	PUR	Puerto Rican in Puerto Rico	AMR	79.6473897134999	120.660966574202	-26.0148707577144	-27.7869358563875	35.3283312268767	-2.04816260146164	14.583396771379	-6.30102682507055	3.18151896659293	12.2118870455145	-34.4936278027779	-14.1175287940794	11.3492439911183	-16.9141230759197	0.0884313642334807	-5.85396203399274	2.42681454482732	9.81307031875538	-11.6360931905165	-5.28970178973586
HG01170	1	PUR	Puerto Rican in Puerto Rico	AMR	49.6846726203589	88.1434490226939	-44.7366556476647	-1.06392139512794	26.9606044550343	-2.33347204268605	7.79789021899549	0.27214854159837	8.45998786846939	20.7838263011053	-52.3346735927942	-25.3227796858587	-7.42006174779048	4.67938729401685	2.72224064048183	0.803348482084768	-5.03455880834258	0.12789733898674	1.49248706432044	4.57897781697393
HG01171	2	PUR	Puerto Rican in Puerto Rico	AMR	23.2034649741733	80.2854737860988	-42.5342170280348	-0.483964795459016	22.6576804421972	1.94972639914704	8.94036164812655	0.535998597128828	6.42008804738145	18.64974774736	-51.3094776051428	-26.3743621838908	-7.8694803715033	8.87277331272463	1.16549993106898	14.0897846427106	1.79160759049285	2.21177694541105	-2.13704918649017	-16.0077041044137
HG01173	1	PUR	Puerto Rican in Puerto Rico	AMR	64.7339931059844	117.667925390276	-32.9577537582069	-31.6988032324609	37.4393636621604	-5.09645642587358	11.6667139829962	-3.92615261564322	5.34972349096452	17.0126463797703	-40.094874421186	-21.9409634953535	-4.2893824741948	0.516466781496428	-9.59283581585569	-2.10701119757759	-5.46260298506218	-10.9324487163623	-0.599008556094441	-6.55316965385359
HG01174	2	PUR	Puerto Rican in Puerto Rico	AMR	70.2029252690976	104.100664025496	-40.3643500657555	-13.1258895408883	28.9672063363332	-0.927383136205138	7.54566481090095	-2.68249636397304	3.82718922597284	11.2626340066379	-43.047572069829	-21.2571557282996	-14.6224306755123	10.2527394464022	3.59239426406102	15.3501159633155	-3.07891258756093	-9.93890747716893	-9.06841217585322	-3.25334426621385
HG01176	1	PUR	Puerto Rican in Puerto Rico	AMR	61.059694704613	93.7984354032588	-47.6671455130119	-2.25829430010975	22.9195419625882	-1.65802992976256	6.37183943915988	-2.37783965113174	5.5672799517104	16.5463861775872	-49.3389022020782	-28.0461165922175	-8.3204644110849	11.8316246558357	0.648842598849471	12.6462078790568	-0.0239337722083593	-0.580784526706104	-5.3782663513637	4.44090079097544
HG01177	2	PUR	Puerto Rican in Puerto Rico	AMR	67.1980855041108	86.8112271771207	-50.1925113049806	6.13135813606864	27.9105425006605	-2.89271968598368	10.669849526609	-3.00351813400837	3.04784997879256	20.9267618047776	-63.155755788219	-42.5819924252338	-15.3576882120186	10.6082897445274	8.46258069678105	13.8685866785248	2.69972898148682	2.30364129649882	-13.6083400053103	-6.27300467254034
HG01182	1	PUR	Puerto Rican in Puerto Rico	AMR	42.9884348992355	87.1205255409748	-44.1723049092068	0.901578009977693	26.3797650044231	-5.82043074064279	9.90610980788639	-0.705575702087996	0.640363152159765	21.3088356923815	-55.2434054614129	-31.6482056988109	-4.23576410720908	12.3304068520282	0.792460124183212	9.49281372263012	0.494405847725324	-5.0677659920387	-12.8035601937102	-9.12018611164296
HG01183	2	PUR	Puerto Rican in Puerto Rico	AMR	50.2575632774602	88.5975894403604	-48.8649907104249	0.877262545192468	28.6152267072791	-4.38091249146882	12.1087171131537	-0.899435232117055	9.32742214286904	18.50972159537	-67.0263553164889	-46.6417802948175	-9.84446860217939	11.0816905482239	8.37651871210203	4.94483982139995	-3.43173698106127	0.115965693063545	-5.0005674661149	-1.93302208335698
HG01187	1	PUR	Puerto Rican in Puerto Rico	AMR	29.5566208071348	59.6751682234897	-57.9726211915673	24.1646718992686	22.7677809052249	-1.11117609444991	9.13706101291575	-2.49224289162894	7.0701811119789	16.4463596573508	-56.0044033748419	-25.8596521530608	-10.0845263722237	8.40246722406715	5.32738560636218	13.9985638612819	-4.23703144417282	18.2754856585519	-0.962931131242889	4.99311401755667
HG01188	2	PUR	Puerto Rican in Puerto Rico	AMR	14.5604274626183	59.2773945985818	-50.2154670832025	19.685959822077	23.2369805101162	-3.13409567119105	12.2183231910049	2.2789326845023	7.9092785624964	20.4204409706365	-59.2262313933147	-40.9163740629837	-18.2268863323093	9.30418281162815	-3.64966052547266	10.8441031648094	-1.19945836444502	13.0929305853546	-0.480687962953939	-0.805199639164621
HG01190	1	PUR	Puerto Rican in Puerto Rico	AMR	37.2626973353407	68.5264588436427	-53.6936247633599	18.2458429418321	23.6230511232215	-2.55236191848543	5.49242475798943	-1.90005007998671	10.7729750228145	23.2591640500533	-66.8840046120267	-36.3675211693672	-20.212696554838	4.67966673123968	4.40328155185744	17.1519660000941	0.639880734020208	-4.10689752932062	-6.67311107329176	-4.18394250394434
HG01191	2	PUR	Puerto Rican in Puerto Rico	AMR	61.1704135972556	86.1720992401446	-51.8616270405563	11.1390808004316	26.534131994242	-5.84666577442448	8.6345112697439	0.465630299473793	7.63431637928146	25.381104278699	-60.1228982188415	-29.1659041666664	-12.6814385586485	9.88746536486196	8.04675910023028	15.2817984379559	-6.42002093042665	8.96418357136408	-1.34129804408995	-7.61934629454117
HG01197	1	PUR	Puerto Rican in Puerto Rico	AMR	71.1735461393483	102.402292696609	-47.5944946627835	-6.24619660054586	30.7467401471207	-2.85794062755333	9.40858314658722	-3.99009138379429	5.82875445929093	18.0525553757798	-64.6496920005202	-41.7796895232289	-14.5681433705261	17.9895505248786	8.327014321147	20.0090194545197	-0.88134263582232	-5.17603736257497	-3.0014239789865	-8.57582145117451
HG01198	2	PUR	Puerto Rican in Puerto Rico	AMR	22.2167509878097	80.2852159870338	-45.9945982278872	-1.28373906654114	26.2886230043596	-4.2523678673486	9.9274965999356	-1.53030629491513	4.95582085361927	19.5411016062042	-59.0470503843727	-31.2880194825781	-7.05175934937647	6.7828254667224	7.26034937092003	10.3590974991181	-2.94556936721283	0.74242643497174	-15.6157937414457	-0.299676028963842
HG01200	1	PUR	Puerto Rican in Puerto Rico	AMR	76.9145649790547	115.989409785233	-36.6232922399135	-21.4588466940969	28.3404933170324	-2.74708262912009	14.3552567824104	-4.26441442927143	2.89554138965642	12.0367216387308	-38.7822595582825	-24.7383223398177	-9.53371143344921	5.23494230246463	10.3599198340687	-7.3405870288467	0.311803501114613	-7.8080800833324	-2.85287905466819	10.1485210362566
HG01204	1	PUR	Puerto Rican in Puerto Rico	AMR	54.8161650343585	93.0696346496787	-41.9702013017596	-7.56723117433724	32.1099136971478	-3.88761632058002	9.688091529245	-4.56009271025846	0.526630012599559	18.2874294098697	-37.7871039097587	-19.212096093661	-5.74274421937897	3.60011751288758	2.35256839603811	-1.20815581942782	1.20630035391381	1.90556400932142	3.80469403546582	8.86482120134079
HG01205	2	PUR	Puerto Rican in Puerto Rico	AMR	49.82435343708	98.5188313282127	-41.03640644365	-10.7908043824214	29.9041916825289	-4.10940650671491	7.75245810004766	-4.53729511577763	12.8645309422454	20.2443004175381	-53.8522909255412	-17.9000904974048	-11.7852539927976	9.52589213731124	4.19075341775324	14.4351177431453	0.044584569276177	1.55404965266179	-1.20753924201749	-2.4569263570468
HG01241	1	PUR	Puerto Rican in Puerto Rico	AMR	-166.437737207242	19.238909542896	-19.6232770377629	4.63541485592135	7.80967968746893	9.3261492319848	1.87624193274159	0.712520481198925	2.84808189963974	-3.0128500276767	-17.5584528282774	-12.5211757770233	-2.94461817038767	7.38943936554842	8.47307506497594	6.20404901808727	-1.70251559072661	0.525169596963611	11.4072512409165	-10.2932225801908
HG01242	2	PUR	Puerto Rican in Puerto Rico	AMR	-99.651831799317	49.1476992298258	-19.3738222147965	-5.72440946618688	7.88384700647626	7.53640802362617	2.40273314249587	-2.36105245054446	3.91628275771243	4.41276276709416	-19.0349568714704	-4.45460756123958	-11.3173366836168	6.18517527431954	2.66210432853726	3.79159033419875	-5.55582215973747	18.1025597972037	2.32909312942839	-31.4830790957004
HG01247	1	PUR	Puerto Rican in Puerto Rico	AMR	20.3001615567083	73.890290889681	-47.4279087738764	5.15221355167277	21.4939339097178	-3.92189767883093	9.29827315950617	-1.10321718604762	4.61962202760925	17.4660541114153	-50.5573421039796	-21.633272348065	-7.89299802668345	3.687320111269	6.13679221584539	6.19924110356026	-2.13678183595663	8.56619656166631	0.500108896151865	-6.95298241868099
HG01248	2	PUR	Puerto Rican in Puerto Rico	AMR	50.6393227675463	99.2796215692179	-35.425516275157	-12.5009086723734	34.0126333454967	-4.16157140685246	10.5701612320628	-2.61771270920389	2.3109684761505	14.5354275130714	-46.26917029896	-18.8145921562411	-2.5304255583138	-2.96333056682678	0.0419435067956893	-2.89765517691357	-0.72737606187217	4.69719946533964	-0.0892247478760366	-5.61323967397748
HG01250	1	CLM	Colombian in Medellin, Colombia	AMR	70.101364817109	62.3562055516484	-65.4847343081346	38.1655522271533	17.3149034263756	-1.40050277162925	7.89715363059658	-1.02629715913025	6.69296295548321	1.81612555612478	1.675044922582	46.4434866403105	-14.4722821374199	12.126537212782	7.85944338654907	8.94494214199106	-3.62487225752414	3.27504462543201	0.704470068853335	-15.8235198341112
HG01251	2	CLM	Colombian in Medellin, Colombia	AMR	89.7413653135713	80.8284994620952	-64.0402414371897	22.0455173056108	21.9750554028184	-0.572005481982776	7.54666179672372	-2.81562905909832	0.13993709613862	-1.29163391501237	-4.29434886649649	65.9095313784259	-22.3054312354448	15.2116621685235	16.3536630139056	15.8814460481205	-3.40279916758211	-0.116351678888566	-6.61630197328001	-7.05815891095629
HG01253	1	CLM	Colombian in Medellin, Colombia	AMR	80.0101810173877	84.9635576282284	-57.0641522188402	12.2383011875998	22.110025009991	-0.614852670437482	9.89936940179117	-2.20523067947284	5.37806575031226	5.51105889396727	-6.96915862680937	57.3420669621132	-20.9042173314014	11.5149119391366	10.8914409879065	15.723087658325	5.55947277848209	-12.6222880291094	-6.96422735646034	2.82215343123353
HG01254	2	CLM	Colombian in Medellin, Colombia	AMR	33.1698490373634	50.678945701446	-61.5635616711359	38.1210581396532	18.3214693531366	-2.55018624828596	4.45697360328083	0.61857820188293	1.77444411030118	2.12295225907438	2.86314829878443	58.2424446273365	-21.3254319139591	10.2539184641243	4.71999586292103	12.709039408681	3.0652166425038	6.85996398449208	-7.2446149121374	-3.51097582668719
HG01256	1	CLM	Colombian in Medellin, Colombia	AMR	91.4831378196434	104.013670894399	-52.1084255048298	-1.98051330486355	28.6722044519411	0.324294128906782	10.6944216390705	-1.28799986705977	1.20410876337498	0.165236526567113	-5.22088185784984	69.2047945515164	-21.0405295223438	13.7551530595486	12.3919771803633	12.9875526638923	2.57101931862824	-14.1421329577215	-23.0379137655044	-12.5057790963693
HG01257	2	CLM	Colombian in Medellin, Colombia	AMR	93.280284705796	78.4497429048864	-67.6262187147295	32.9949936344315	18.4950527331055	-1.51367334242473	5.63300083091108	0.34701781991943	2.65581958032832	-5.78676833046386	-0.126964169809932	57.5311431344658	-17.7110639406229	16.5310115519934	6.93302105935074	9.1201533780895	2.69477432479091	-8.80463460438958	-18.1101031976799	-2.49247349550994
HG01259	1	CLM	Colombian in Medellin, Colombia	AMR	84.6395142101575	108.603456927691	-45.4275641926634	-16.2300791060685	28.4882862053057	-2.58254344397018	10.1769264377038	-2.15122126154302	1.78324785997672	4.03419426774171	-4.61872196516568	62.2345563243589	-25.2152976464713	13.0769822674419	12.7095732667551	6.97618618373888	3.49972176913073	-34.615170195203	-13.5442836784946	-7.79829975919311
HG01260	2	CLM	Colombian in Medellin, Colombia	AMR	50.4743894022883	54.3888669700619	-68.2452549094633	42.4644576209474	20.602170432046	0.611275737711907	9.01498377301684	-0.785199617288833	3.44355284044002	-2.34895318100653	-3.4560938712246	62.2610291066772	-22.9917688475193	21.2547094929187	5.91830532585781	9.42800696517826	7.49813615189702	-16.205335074088	-23.0535566613363	-6.01018055991258
HG01269	2	CLM	Colombian in Medellin, Colombia	AMR	71.1132205651142	75.8503281315213	-65.3281128291377	26.0153233121393	24.8177186085935	-3.55139423645062	4.94347566717642	-0.36291882472651	2.77260018253188	2.58072527684473	-2.29838345084208	67.3150766442424	-21.5024864533707	15.948787340418	12.9621873207727	9.18240175616459	-3.65642266935682	-21.6007832983829	-13.9366691122181	-4.84843071037136
HG01271	1	CLM	Colombian in Medellin, Colombia	AMR	68.5282939494941	77.1311658529172	-60.3376636840337	25.004896737923	20.2683968575644	-2.72858076212283	4.92525540267182	-0.733902764695004	3.34294709245472	0.213767668286692	-1.10946707328783	53.9980300760613	-17.3863385838829	5.59173888798918	5.30055688965952	9.11155205262509	2.3395946552359	2.09738639897179	-10.2404203486321	-3.75854737896548
HG01272	2	CLM	Colombian in Medellin, Colombia	AMR	30.7753582753392	46.6032805795067	-64.4164446217909	45.4550312207156	15.1955851530146	0.505704243293032	5.56459894325868	1.43540610663466	4.249267095849	0.449260851799874	-0.614588858045472	44.7442315923363	-25.0814543930544	14.4223889516152	7.88819908293426	12.4959727161961	0.469086281407805	9.81496425942829	-10.5033589718856	-1.19898329407574
HG01275	2	CLM	Colombian in Medellin, Colombia	AMR	88.5923997215037	133.154488234388	-35.6572596935002	-37.4283836291636	28.76487460633	0.170456117940544	12.9047841889381	-3.87386062669561	3.66602985409742	0.565386953474146	1.59444397558318	65.2451774164653	-16.5138766707657	12.6725919118343	10.3431693310344	6.40161383507807	9.32079489404212	-27.2978592762392	-11.1694073446808	-16.6081601662298
HG01277	1	CLM	Colombian in Medellin, Colombia	AMR	94.3701986674512	62.713599978066	-75.1129160979254	48.2146603149185	20.0394472192608	-2.20852044126966	5.14075674292659	0.888750438742878	4.18005154551109	2.09374776291557	-6.76004923338075	67.5001473805465	-28.5663348491458	10.7506897538185	16.8304363727333	9.82469500196976	3.44328856921758	0.487137218168936	-13.1800664692537	-7.43186710469105
HG01280	1	CLM	Colombian in Medellin, Colombia	AMR	90.1102890257395	81.8074690274198	-66.7985813275063	27.3590929798621	23.5830605899236	-1.62437503823759	6.84370260996888	-1.62225564915575	4.74327195668996	-0.670466489256011	4.09943210086512	69.9889987747198	-26.3721809656413	11.1015536452475	3.13007978973574	19.9652776495171	8.68746074231054	-13.7267954146366	-12.9522630118017	-12.575933079868
HG01281	2	CLM	Colombian in Medellin, Colombia	AMR	85.9385885511526	81.4930290787852	-61.8022858830943	20.5494324844179	26.0890280911197	-3.80754780616573	5.54923343960602	-0.586024510352233	5.01780390104447	-0.431665924658853	3.66939797358285	61.1985499987528	-9.96586595499385	9.21705496095158	10.3516182637511	12.5374542922485	-3.36512899601684	-4.19178495534361	-7.04168629671451	-1.28688233695976
HG01284	2	CLM	Colombian in Medellin, Colombia	AMR	71.5960373940466	83.1609606218083	-56.582877596074	16.1904298229179	30.6748213239865	-0.555729074091528	5.4766959593179	-1.88854259135749	3.23978400393165	-1.98380676748997	6.19568198749407	63.0988273483855	-7.52195666366506	13.3515796969637	8.23317411028428	5.07980786154898	-6.55266269035638	-15.8927906723556	-3.36015268314005	-13.4156578668048
HG01286	1	PUR	Puerto Rican in Puerto Rico	AMR	5.56472921682992	75.8647037857158	-40.9700187441157	-0.543754910432484	22.5833784787712	-1.63914684621648	7.55656164763249	-4.58293606780115	5.12419865747434	17.3266974698892	-48.5858447188031	-24.6762809865762	-9.59959159558496	8.52316464626358	2.60742176484088	6.97073763687143	2.59106861214431	12.4917482381298	-3.88258073934591	-5.16558109835
HG01302	1	PUR	Puerto Rican in Puerto Rico	AMR	52.3987548100231	81.8081060847465	-48.5930861043561	8.22294748002954	31.8469375628087	-4.26414713903848	9.901694352384	-0.888377175988288	9.58629458798955	22.0487651273936	-69.7299764010696	-36.9581668054299	-8.42534133852414	10.9234314091548	2.24911758158053	15.5492615846027	-6.74905214098175	-0.378266260442633	-11.0673075168161	-3.03765381127802
HG01303	2	PUR	Puerto Rican in Puerto Rico	AMR	53.0861935147441	79.2743626666944	-49.5124542212578	3.68346165752477	24.5861576776651	-4.82501690126352	7.30319775671683	-2.51604478547821	14.5713056959364	24.524274750237	-73.1477765407712	-40.1357579891701	-10.9030301954252	4.96569254481233	9.49581160885606	16.2489269180374	-0.194770788077808	5.87593289264568	-12.2024975116718	-0.828956340502979
HG01305	1	PUR	Puerto Rican in Puerto Rico	AMR	38.9698972049831	81.0913626150624	-48.3976117087012	6.0583030658694	24.991384279573	-2.67757302171501	8.12662352058261	-1.20109951986116	4.28450932518925	18.3040190272993	-56.2318281788826	-23.7153948225797	-10.1172691077729	12.0440378275595	4.31606406942522	15.9180901588327	-1.60011517873064	-3.49123202364866	-4.89596245749454	-5.13990642110121
HG01308	1	PUR	Puerto Rican in Puerto Rico	AMR	8.46952488372378	73.7242521690725	-45.2703144065196	3.04847537055579	29.0040594669678	-3.71793721539774	11.2672081420531	1.02864819717923	13.4072955940469	25.8770689624499	-75.9392800866821	-40.3001294269312	-19.5729507291823	13.4757741004576	10.3411163939424	14.7811765718711	-4.34687815645854	-6.58464738319407	-6.04707678666417	-7.28384341462384
HG01311	1	PUR	Puerto Rican in Puerto Rico	AMR	57.8954137740984	106.495248366139	-36.5446034759793	-22.3164654373449	27.7657823910252	-2.37991875727341	6.01482274738671	-1.04151528131419	11.0198959360457	8.24840493838498	-37.0304674117017	-14.3513691775809	-4.90093521098888	1.0895721936201	-0.261729429992923	8.36956428422657	1.74403495006821	3.06080773922438	-7.82651878158495	-4.53284712234259
HG01312	2	PUR	Puerto Rican in Puerto Rico	AMR	46.6563669259174	91.8435132728299	-41.742091762104	-6.64637269229691	25.4897091074634	-2.23221733607778	8.32903533911553	-3.09069470905557	9.12826842809557	12.5254390824408	-38.0323643653227	-27.2072081821214	-6.76083133189329	5.73749282350704	7.09014033381169	4.23094722096705	0.387331744205676	-12.6357808832775	-5.11013969731437	-3.45572527417094
HG01323	2	PUR	Puerto Rican in Puerto Rico	AMR	52.4244302129647	89.4904612315558	-45.4218518043485	-2.0599820742718	27.7375685714222	-1.72880470906241	10.6282815242227	-3.25842956487074	6.58730833711566	17.4325886792095	-44.1646186855319	-19.5367365358297	-1.95029610673877	-3.99237729806302	-2.67495456647334	2.17142597616172	0.391475014221967	8.17503506008886	-11.8262572565713	-8.46714791850833
HG01325	1	PUR	Puerto Rican in Puerto Rico	AMR	41.8496557918353	101.499369050155	-37.1542744813286	-17.9070498866021	28.9920371233415	-6.31058197090633	10.3204037057886	-2.54246314263127	6.66857203526649	16.3469400869917	-46.2752625675	-20.4090478001246	-11.7237395430856	7.05156173671834	4.73695264621195	6.78278820766949	-3.09738161961813	4.20181510823758	-2.75148668593977	-8.83333242056766
HG01326	2	PUR	Puerto Rican in Puerto Rico	AMR	55.6221938211686	86.1410766605135	-52.5507481673483	4.50098222992101	27.6062596616547	-3.67547367740901	10.1760146582936	0.0441778505965018	9.66818132757279	19.1415604991957	-60.4251445250164	-35.2635535959532	-14.1574531312321	6.84199077081947	3.74935168800164	17.4299859737693	-6.23731198959095	1.73350422862844	-0.396897115559291	-4.72155627288865
HG01334	1	GBR	British in England and Scotland	EUR	96.2511224253649	140.682907197193	-29.6545146242244	-44.7558149579351	-10.9116146274418	2.23724793269415	-5.5618452056498	-1.63022447488569	-2.19841800641264	-10.4966190048384	25.063303214274	-21.0218252186232	-6.6925195021868	19.1410269093729	5.63237546475457	5.55301825398241	-6.79275329775365	5.55478890209488	-0.925352426740376	1.20640703278198
HG01341	1	CLM	Colombian in Medellin, Colombia	AMR	104.241116216369	11.5041162231636	-107.912826753467	111.671812430137	4.09685763807278	-0.73855479387579	-1.30398182294362	-1.66556880452718	2.92828824886928	-3.95236948375538	-3.03629551466426	23.3731024911662	-11.2652110262988	4.58301482386828	11.1429248890679	4.20542671760136	-1.75716803090892	17.586589570052	-0.957150628299666	1.08581525582827
HG01342	2	CLM	Colombian in Medellin, Colombia	AMR	-36.2063873481392	37.8846571029959	-50.2443840469968	28.4277697163894	10.9641171514765	3.14703539329733	2.04641651452796	-3.03871408735748	0.110166226613042	-1.18423769916847	-1.63135986606289	18.7877626987252	-13.1214850310139	3.73453251650037	7.34103489567728	20.1775178673965	6.24130755066962	22.7205466375071	-19.0511684715927	3.8997085939035
HG01344	1	CLM	Colombian in Medellin, Colombia	AMR	89.9218415317786	50.1385890127914	-83.2781081961404	64.9961380629921	11.7896401499811	-4.31306440085477	-0.156638295150741	-0.205266087924207	-3.16278059194719	5.4499499361367	-6.80823599371776	28.1109464488413	-10.4287047508116	-3.73616230142801	7.51553431331863	3.93648251651116	-0.81728889942512	7.10172523377443	0.524802851731727	4.22911105231199
HG01345	2	CLM	Colombian in Medellin, Colombia	AMR	77.8902206008039	83.1860626856409	-55.6584350406653	15.0590053812903	20.5249807661807	-1.63489547514339	4.49027780386185	0.273473190062845	5.3125407424147	3.0203679212779	-1.76507022206877	53.7272551117219	-21.5771994237084	7.60499969124002	5.78948696021217	9.87696122056729	0.662282554696751	-2.43644966793071	-12.9614035137781	-5.85922432341838
HG01348	2	CLM	Colombian in Medellin, Colombia	AMR	86.110662282394	52.998178424633	-79.462384811846	59.4124420403173	17.5826014798927	0.352902644398657	3.1899764959298	-2.22980247522913	6.11658199495671	2.65548122099831	-4.53913911979308	58.4722088554431	-22.4457201440539	14.7787939200633	11.2464866643968	20.7741401173155	2.43909907182234	14.3160738207432	-5.36841680899331	-3.34756411354765
HG01350	1	CLM	Colombian in Medellin, Colombia	AMR	73.1707816506353	47.1101181817831	-77.6360734071875	61.2840016664605	14.4635439999211	-3.03196744361653	4.64373408019246	-1.489461780303	7.09890822960142	3.93789675320325	-6.27554331360407	56.8777290508367	-19.4076310101322	8.35630368827846	12.3341069767244	12.7667130426881	1.384070488249	6.98258490879711	-18.7243193266085	-5.08638488377622
HG01351	2	CLM	Colombian in Medellin, Colombia	AMR	93.7446210904623	79.3490332366523	-68.0545298438937	30.2535483168393	23.460959306452	-0.0354907292624457	7.41522033509066	0.377509403848815	4.68839852876211	0.175216309878022	-10.0928640180891	72.4713134319653	-17.143384172809	20.3124797872864	14.6968727878622	15.8904290877606	5.42930364743552	-15.0114767841858	-26.9058052966482	-14.3082063766886
HG01353	1	CLM	Colombian in Medellin, Colombia	AMR	86.5970723234414	97.2831156726703	-53.2295983204145	5.31500278464625	25.3202682195439	-1.57989116274545	9.72322912980998	1.37636343999126	4.72485390746646	1.87312359237811	-1.85613252005231	55.5453259825556	-13.3814921938145	11.1561261959234	7.32715029467919	8.12538848613031	-2.46504959624749	-9.59097127571636	-13.8284712033081	-4.10576227155576
HG01354	2	CLM	Colombian in Medellin, Colombia	AMR	87.9229641057254	105.500878792771	-50.1660606380224	-5.53558348325542	28.3378334200378	-0.454600216717328	5.35169750607758	-1.61101433546272	2.23203310162173	2.81901284827228	-5.26645963760139	79.7856688306139	-28.8394057764409	5.29011037420341	9.05424499096107	6.71915643195751	0.479737485841035	-14.2194579737371	-14.4486179853965	-9.72028999214665
HG01356	1	CLM	Colombian in Medellin, Colombia	AMR	78.4950323355775	69.2342924266723	-68.6887409475471	39.2605923273132	21.3580189331033	-2.29788542528004	1.89465338700176	-2.46640215627526	4.30131847443489	-0.635018460395668	3.90800274236148	61.2256222454807	-19.7371248645029	8.0406393279764	1.00338308509683	13.0247582467076	3.35711473774159	5.4190508046368	-9.91776855744826	-8.9228960387093
HG01357	2	CLM	Colombian in Medellin, Colombia	AMR	93.3839430767545	74.5780304636422	-68.6485328768542	29.1013477498625	20.4780939964227	-1.40913404649425	7.36334996345358	-1.76524130751704	6.43416693647308	2.5536259477075	-7.33539251940288	62.8630437123447	-22.2914251759692	21.1081616277973	4.43649782414318	13.9555593134444	4.24415558510274	-4.93653952231208	-13.3097072014414	-8.37319966096499
HG01359	1	CLM	Colombian in Medellin, Colombia	AMR	81.2728179668361	80.1389394676627	-60.3091008779736	21.4356577619737	21.3657230103474	-3.58018001503347	8.47768424091025	-2.32834196091249	6.61350343909965	4.25789046072355	-5.03559605521395	56.9182376064305	-18.8138415929942	16.8269012398401	8.05751802206058	4.94508109221064	-4.1279580222114	-10.3589459853843	-6.46261628384175	-4.32198708660241
HG01360	2	CLM	Colombian in Medellin, Colombia	AMR	74.0477116000926	80.0499854074116	-57.9474252976158	17.2395656579716	22.7885949197762	-2.32537250425684	6.6977664653095	-1.56296985553463	-2.61403784113093	-0.0317511932513215	-7.83457789296639	42.7060459388246	-17.0979146608151	8.96188841813457	11.5955091424834	16.7608967695637	-4.91667287203269	-0.930078006043762	-5.1512679485782	-10.4305331386878
HG01362	1	CLM	Colombian in Medellin, Colombia	AMR	51.4111891463305	71.5411503365275	-56.233273551518	20.133742394419	20.0729746971764	-0.0246006441676928	8.72029792011509	-1.48854257750246	4.46055930078693	3.81301391973917	-5.76925870796006	41.5119511582624	-14.5559081078642	3.965923947397	12.1809489165135	3.27186304343813	3.06785290393957	3.72922930546501	-2.76876661012892	-3.16680223158066
HG01363	2	CLM	Colombian in Medellin, Colombia	AMR	35.1887649763013	44.049768238096	-68.6131200969338	42.3328272223138	15.9177167993505	0.858887067486561	1.4665363566356	1.39084406269964	3.53134882202001	1.47961164808692	-2.40371305719983	62.867515208709	-14.1654721741713	20.2376061512576	9.7877901871454	14.6752945564877	-5.70483618509942	-5.5690377853562	-5.8248597471457	-6.40199707492552
HG01365	1	CLM	Colombian in Medellin, Colombia	AMR	44.0628714960113	61.3169952069983	-61.6049355954169	35.3142152586084	12.9765031577183	0.083457017657479	0.175803417335899	-4.08162017582812	3.29902707547621	0.31675768531563	-4.18128600599022	11.6290572999855	-7.29168639374336	11.011265927677	-0.942730932915845	-2.4253220516172	-4.04812474890811	-1.24656207736918	2.37143393810614	8.13697916448575
HG01366	2	CLM	Colombian in Medellin, Colombia	AMR	58.1223760360079	68.944571868026	-62.9822270911997	23.2242974557485	19.8131403963561	-1.3172232665391	6.19340177190559	-2.10556726456736	6.49084374222009	3.00142715523689	-9.68763633770499	50.5603889975228	-24.2920322829351	19.7338928425439	16.7816768812636	15.0892877163351	-0.0413771843431808	3.61758361420911	-8.22052117158316	-6.87615013603848
HG01369	2	CLM	Colombian in Medellin, Colombia	AMR	56.6385285214331	14.6971069417076	-95.0969905293369	97.4894948800563	10.7673973737814	-1.6703241180789	2.29017287694271	-1.52271268528652	6.60733174167373	-4.5951677328519	0.268951588850619	56.4740222810594	-23.0677249336392	12.476168110548	14.2451203175778	13.1631157309481	2.58853614235984	25.9010351294252	5.55967807421135	2.95381835688701
HG01372	2	CLM	Colombian in Medellin, Colombia	AMR	85.8030380050847	69.7881752391356	-71.702575427989	39.2293472354427	21.3370735686863	-2.78833929942477	4.42107104929298	-3.79271837830735	3.23679834070153	0.839421979759117	3.43548564278565	61.5862036710187	-18.0230585223332	16.9169225554522	12.6266898670575	13.9298287488036	2.88092452239716	-5.10075891199744	-20.1675157581983	-5.49098401382077
HG01374	1	CLM	Colombian in Medellin, Colombia	AMR	91.7869540073985	83.7572404228909	-65.0830595840492	23.838198035192	25.0789305851118	-2.33536601013819	11.3357215476808	-2.77400193136287	9.31427369782402	4.436629934252	-5.36874111507876	78.8176669509016	-23.3337207879161	14.1890097159843	8.68330434398554	17.7143140856433	2.5188997266983	-1.48538898101265	-15.890447644168	-10.6797866595497
HG01375	2	CLM	Colombian in Medellin, Colombia	AMR	47.5840687057288	55.279064296856	-66.8828363615157	41.274642327867	16.722226757299	-2.42945786183991	2.57354928712251	-1.16041032395801	0.123422545614493	-4.7793711953584	1.1561492611162	38.0126369738326	-11.358084943022	4.7686848461232	1.48910611150129	12.0379840044988	9.08788042605321	0.0937564904747502	-0.010710648319333	-1.26155993059573
HG01377	1	CLM	Colombian in Medellin, Colombia	AMR	60.4386787556595	61.0528564107492	-65.1660365978198	36.857458712782	17.6371246868003	-4.5089023842476	5.23750018150265	1.86376494841079	5.15054430291226	4.24506499679578	-5.04983972812034	53.6979283792003	-14.3932178839291	9.34595601140258	5.53608020855285	16.7083347769966	-2.51481907364152	4.98343524059668	-8.45561697235287	-4.66269225672267
HG01378	2	CLM	Colombian in Medellin, Colombia	AMR	84.8831137877576	52.889523702204	-78.1894341810881	54.7466208560266	17.0304011632818	-1.72081306675911	6.86286226684597	-1.74659128775871	1.84692546110942	1.44552980823116	-6.03868136368458	58.7520834573484	-22.6663549741851	16.6532890309632	11.8145600363034	11.5239639070376	6.20295965523863	-0.962732168584559	-13.764110906214	-2.55779473861581
HG01383	1	CLM	Colombian in Medellin, Colombia	AMR	84.8344281984917	88.1565882220964	-62.0538093994443	21.6497725713666	23.0247407168351	-1.0430239927097	5.06596015212136	-1.77752136747307	0.748141349131171	-0.130911333227733	0.0113289539591808	83.5982624544545	-31.110811004078	18.4755941046254	14.2678273578183	10.8113702579205	-1.01939260989368	-3.44458800176649	-22.0778453158985	-16.8865191444281
HG01384	2	CLM	Colombian in Medellin, Colombia	AMR	74.8955898512898	82.0907212841055	-57.2122954364593	14.3366644373333	24.2613009331404	0.394181223220602	7.20940817206469	-1.84276391482789	2.98642903704173	1.51711097758308	-7.05701999229769	69.9079433310072	-22.5530142542188	7.08699637903456	8.79836293962486	19.1740511209384	1.61700680900962	-4.41932595311074	-11.1991903621003	-6.44309827943108
HG01389	1	CLM	Colombian in Medellin, Colombia	AMR	73.4038963570726	104.210877952475	-45.9263675181834	-7.41885368523751	28.3480367227165	-2.33837244144713	9.7071618450619	-3.12032398235295	7.64695798171804	3.17711074913547	-11.0781028333623	61.52053027948	-22.6713662243978	5.5355109043772	2.79499757418011	10.1855744260564	5.28145164566518	-19.7536729847902	-24.6492073935035	-8.49730046490285
HG01390	2	CLM	Colombian in Medellin, Colombia	AMR	-7.38984357963235	35.8020632261238	-61.3113840512465	46.3119191894347	9.67720670721129	2.15051577640166	2.25093786655414	-0.267314122531281	2.7359543721231	-3.17202627364778	2.08265515779252	15.616445615917	-1.58432988622447	3.8980217835594	-3.17823332093243	1.3037582006354	7.109231428822	12.3500043687109	6.4513264321393	0.641886298671764
HG01392	1	PUR	Puerto Rican in Puerto Rico	AMR	34.3733253941813	75.1453618575493	-49.0937138346217	10.43027252556	24.5124693207408	-5.4851967763257	4.5785566186574	0.0761986837193407	8.27984290476866	17.9430117002291	-48.4793980069363	-22.9571972118443	-15.0380697629509	5.96002101023404	4.45112893633804	18.4691887403029	0.175323766151526	10.8090482176481	-5.28887823082858	15.0000944915222
HG01393	2	PUR	Puerto Rican in Puerto Rico	AMR	15.7941091002963	77.3086099795652	-42.1052220316493	-3.15374262577358	22.8885136939852	-1.83053656292323	8.42977873408596	-1.95200702010352	4.97514159330593	13.8570294342514	-44.875718456925	-20.143043555676	-16.4075383373311	-2.844022589319	2.81991147849418	10.4211514786397	1.29089967354514	1.00685026207708	0.532460844609811	-2.35644424163778
HG01395	1	PUR	Puerto Rican in Puerto Rico	AMR	65.0658358324675	101.533199146471	-45.8191971289866	-10.3760197429674	28.635607512276	-4.69967012677986	8.55681974600842	-3.83205933475771	7.99513235369911	14.3498975912151	-47.7192634285003	-24.3068501457142	-2.96422957140831	6.55700351587317	8.44774563671232	9.97852489596454	-3.02285997444137	-5.40727914634257	6.20635416837224	-5.38964342722719
HG01396	2	PUR	Puerto Rican in Puerto Rico	AMR	30.9379660700479	71.0103621796199	-49.2829577983525	15.2365678015161	22.1317710164982	-3.14706957063436	8.9489680731209	-1.64441384758061	5.14606811685976	16.1604669281267	-46.4381140193386	-28.3926332912216	-16.8215204650244	6.98749775115161	4.10645339828647	10.1821472837417	-7.03218715450637	8.42420421190424	-3.60440976970951	1.52536863814861
HG01398	1	PUR	Puerto Rican in Puerto Rico	AMR	31.2386466630762	82.1688431600499	-46.1239554037792	3.56215786106344	22.468198888048	-4.27445365738572	11.3873263314585	1.6491937766966	8.48762765609228	16.5994536640463	-40.7202782782479	-30.319641435447	-7.86708768251675	2.74063728095609	3.76691192786465	-1.72347869768454	-4.55522989752424	-0.378501686316321	-2.24392070082099	5.10558731686082
HG01402	1	PUR	Puerto Rican in Puerto Rico	AMR	34.1473562632203	74.1536117231219	-46.9902340221234	6.30959000413355	23.056148393693	-5.23819854466065	10.6918963031233	-1.26807071879064	6.07187978341606	13.858187282753	-53.1368562108932	-34.43859220092	-2.14346290859606	2.36337637037556	3.35339578910242	9.71862492572253	1.11867686115682	15.112701029565	5.49928661247682	-1.36465620278349
HG01403	2	PUR	Puerto Rican in Puerto Rico	AMR	30.4269018480109	75.9994920392018	-45.1968732446482	6.89483981934661	24.8654287030124	0.110215994727646	8.62243058803291	-4.27262049331612	6.51090480807655	17.8662745908702	-54.6382858505718	-24.2577666959471	-8.37218890917838	5.65268348767786	3.71998477510358	10.4732165954868	4.05239172074854	-1.51152632090906	-10.5883073014385	-3.58276474450845
HG01405	1	PUR	Puerto Rican in Puerto Rico	AMR	54.7942792613313	99.7406084145757	-40.1728490393229	-12.7185668858334	31.3796199822366	-3.09524912010497	8.12060462615483	0.362337641586475	12.0431935720242	18.4271614259764	-48.2907406444321	-27.9662603030278	-12.8452016092749	2.57888530327112	-8.06577334412033	-3.6762289884276	0.084211868680046	9.85003288366571	-2.75932862440775	-0.364316883011162
HG01412	1	PUR	Puerto Rican in Puerto Rico	AMR	62.4252926774648	81.2291194551496	-57.4673244384241	16.6436255994751	31.6736839827452	-3.21433057787982	10.6794534811995	-1.33821401840298	4.9747580811103	24.0751702740364	-68.1578400820384	-36.2175230891572	-11.2692247772937	9.35889617429499	9.06692881512078	18.1047149457687	0.841898952361335	8.43564144183456	-14.0960205167722	-4.99766914724655
HG01413	1	PUR	Puerto Rican in Puerto Rico	AMR	43.4722257704286	77.2125228056201	-50.9825966552116	10.8792133164971	29.8954717452494	-4.46875537877929	6.33754505867476	1.27131081319531	3.92879396384402	16.6874678890537	-54.1627601359796	-35.4496857876443	-7.30109812385399	4.02909945738982	9.08081180925691	5.5828648953035	-3.94544758055579	17.8153632400929	-1.38540005384598	-10.1271912975922
HG01414	2	PUR	Puerto Rican in Puerto Rico	AMR	43.342558277396	82.7825650904905	-45.1972386912913	4.28008418643836	24.1219303583789	-7.15403350465972	7.02328306786965	-0.00689089549108106	6.48941533288447	15.3354045913029	-43.4929006986396	-24.9189219244884	-1.90364790888801	4.10803845389816	2.66416306224236	4.8496548267105	1.75896801809503	0.563515137902685	-4.20685839309313	-2.00159719396368
HG01431	1	CLM	Colombian in Medellin, Colombia	AMR	57.1415700254434	65.5939748320255	-63.9077624349931	32.7164576852375	20.102423625666	-3.14692278828804	7.77053768918775	1.9964675980842	4.10506127017629	4.17486305498863	-4.94210355507886	51.5183950518358	-9.30350748282528	3.40750857993945	7.71276602167793	11.3284146826354	1.77346415129894	5.55971489134454	-10.3553784803018	2.16339843524476
HG01432	2	CLM	Colombian in Medellin, Colombia	AMR	87.3997128919414	85.0705613662246	-60.7663977105438	17.9639611537734	22.322330652671	-1.8036594369986	3.80139476523666	-4.22563745916355	3.67414405842445	2.09744273818742	-1.56188517733444	58.468044051681	-20.0517126396302	11.3141665399824	13.6716246760001	5.013071752811	-1.57635655859918	-10.7599485966783	-10.0489015380201	-10.3035685317246
HG01435	2	CLM	Colombian in Medellin, Colombia	AMR	89.0484064593846	22.764466195406	-94.6603333138447	92.8859186351083	7.45524964829326	0.0605320824199312	-2.34387873981673	0.207041510568159	-0.111891674472442	1.44947140414495	-2.41750746523324	28.9908871485774	-11.7362084623995	8.79372221247671	2.15875155954727	0.019283356979545	3.60068050610153	14.7422902712804	-2.64168282869126	2.35585371194506
HG01437	1	CLM	Colombian in Medellin, Colombia	AMR	88.6780931689817	114.143679487957	-46.3158372125977	-19.2171810936851	29.9846821952362	-2.30338646820966	10.0605217670454	-2.934804924985	4.77036062888924	1.49208763804669	1.79456081745027	64.4224131970975	-17.4076496706593	9.85068288243587	7.4914729929377	5.84868481869852	2.99251795065281	-32.9816083613799	-11.8943071641657	-14.0687209016119
HG01438	2	CLM	Colombian in Medellin, Colombia	AMR	86.4294042103684	130.916646758275	-31.8567078084444	-34.9825007131651	29.2933569448244	-2.29720016551171	9.35744058299214	-3.40858130327406	2.90359130817147	1.36570583548403	0.774771972085426	44.6406404084026	-7.146003612366	13.6201631613689	9.04477464493527	6.35180058546872	-2.05705377888033	-24.9393715032752	-9.42237998963069	-5.27647174216722
HG01440	1	CLM	Colombian in Medellin, Colombia	AMR	31.9021696767224	67.907904998938	-57.8264263284295	24.2364911110171	13.4940473322815	0.893112307108209	3.65952763557657	-0.744450170745569	1.96864256640124	-1.17150501318387	-0.303351165334896	15.7333050655415	3.66169473870395	5.37501161378705	5.34481345886173	-2.56729781655032	-5.42077536680366	20.5189007460662	21.3792677986374	7.78959449309401
HG01441	2	CLM	Colombian in Medellin, Colombia	AMR	94.6571912845085	49.0781719221337	-79.6899193246924	61.140714670542	14.0585081009619	0.459869875274237	1.27594413830848	-0.152351202026147	3.0283418244727	-1.84586442777209	5.66511575254993	25.2399620136367	-4.46766170013127	4.62972441166728	-2.36073556357887	-1.33108493778706	1.00168557038956	8.2697515991442	7.38990642968171	-0.144588520665892
HG01443	1	CLM	Colombian in Medellin, Colombia	AMR	89.2906300765929	15.092387694585	-105.74504777198	110.642120539788	6.92998739120467	-0.363027803958345	-0.77003622100779	0.280374368818901	5.64652061050819	-2.61308146651569	-3.86917774829053	45.7389379202809	-20.5269843501502	18.0295486670788	13.1583486838898	14.6725099795897	-0.214803614370595	5.30295951872708	-8.41769983595487	-0.474416141200612
HG01444	2	CLM	Colombian in Medellin, Colombia	AMR	62.3280840295788	63.1139276422015	-65.5455250472221	32.1113865591989	19.4908225831407	-2.86712559088331	5.88842463300675	-3.36901292265011	1.68739134448503	0.6553192280553	4.53823446759791	53.8195880505179	-15.5488825192503	8.2406675912699	12.5973020828806	9.26229342151768	-0.463207280704887	-11.4332449210791	-1.13411662849128	-3.02336948204471
HG01447	2	CLM	Colombian in Medellin, Colombia	AMR	70.1594406009518	74.1077216676875	-57.1704399141843	23.3465890982753	18.1298383939525	-1.22123595833357	6.08243857477713	-2.62144065562936	3.89453780009483	-0.134686960686061	-1.40415039249038	53.0036472363027	-13.674013229089	13.6502105465606	2.91535385166587	14.9216102932189	0.0926812626952122	-0.536619919365227	-10.6742717897575	-1.55263038702441
HG01455	1	CLM	Colombian in Medellin, Colombia	AMR	88.022282675811	49.4746102721194	-83.307886907798	58.1251302655116	15.7638503102451	-1.91663736826991	5.43780854339558	-0.499935694277594	7.29238383513294	0.890899066563582	-7.85455537973469	67.186611881264	-23.473283993067	10.0821066027422	14.8832442409083	13.2144287799842	-1.43731898916824	-5.37932389236382	-12.112302592428	-3.29073150782701
HG01456	2	CLM	Colombian in Medellin, Colombia	AMR	82.2149095235586	49.3833768449405	-81.3002658576596	60.114244567248	14.0311902692159	-0.714989384395101	4.77069608938995	0.395694446397765	2.2916249625414	4.82200741360361	-7.53848310881966	60.4655478462902	-25.8276656990073	16.1144161002434	15.8686863120965	17.9299256564233	3.68124586547124	8.01582157761066	-7.97855987280312	-1.8337125961033
HG01459	2	CLM	Colombian in Medellin, Colombia	AMR	89.2028838710982	51.0311920923713	-85.5179912819778	68.1926494491479	13.1759552884719	-2.01051309905444	3.00097701287108	-1.97779749912091	5.67445452928613	6.59098050620888	-1.63342224875983	45.6776441729515	-11.8011109579328	5.09971606447722	10.871731652299	5.52154145401145	-6.20323477636672	-3.13570181074438	-11.9817004386605	-2.77767071078871
HG01461	1	CLM	Colombian in Medellin, Colombia	AMR	33.502415140797	31.1284276625247	-72.4820721135982	63.5777258506073	13.2649027035611	1.31672839315426	4.7707798392615	-0.34447375364372	0.557379037576555	0.37052526960111	-8.0271052883491	18.2423377679954	-6.17497178707146	10.1912665483959	3.30144702601737	7.46864789314882	-1.71560019783823	17.5406688743372	8.7093830608998	0.646869193738662
HG01462	2	CLM	Colombian in Medellin, Colombia	AMR	-9.67563266803112	25.921208453348	-62.8341763691816	49.0465214985152	8.23797147675096	-0.94780837615468	6.01461554139995	-1.38089365274174	1.20014592513054	0.178194007984043	-2.79015889195455	13.9847963838565	-11.7055476456361	9.39729399427545	1.49805577141268	6.73760750860732	3.54587496183087	4.58646742843205	4.38120644011044	0.58418232526091
HG01464	1	CLM	Colombian in Medellin, Colombia	AMR	27.3247764517483	42.2687858235564	-67.0900313314317	48.7002664243655	12.182069995761	-3.54374529606245	3.62167022595812	-1.87873075190011	0.306698433175975	-1.54561564264106	1.51895923390262	58.2584788410844	-20.8538187206704	6.83457225547055	3.57954563577027	12.1209839061267	9.94382440491288	4.91025623561405	-0.189121990409541	-6.89721531863187
HG01465	2	CLM	Colombian in Medellin, Colombia	AMR	88.5671901273073	98.5351217180413	-54.8786815995168	2.16696943689172	31.5876077749337	-1.69479793595284	10.5758141627262	-2.34810887030836	8.12542585906833	1.56214623592578	-4.52627647518247	101.78465602513	-32.2630641792776	18.1357948820295	15.3574861387208	23.5871216911334	-1.89257789145099	-12.8148700216334	-29.0187183851568	-12.1898583782879
HG01468	2	CLM	Colombian in Medellin, Colombia	AMR	88.4471289466807	97.9457297572489	-52.4656692419034	1.32176944654027	34.0947608496124	-4.55163307233953	9.8085219136005	-1.4826204988808	3.88997674757985	-0.878273735603121	0.165945012190596	104.369536669703	-24.920379450832	20.5940229954784	17.281425722169	20.1069084664856	-0.880227952039091	-7.13194133437142	-26.9503858301836	-17.3362549382059
HG01474	2	CLM	Colombian in Medellin, Colombia	AMR	87.6274863347098	107.414526608779	-50.6833041858457	-4.02533156141472	27.8178633357662	-1.38315023099419	10.602482310793	-0.477835847007623	5.19807216546488	4.37352624427318	-0.771507801134036	75.4102666665612	-25.2566866276374	17.6602768977941	10.0055958341181	16.5052748967373	1.46412947475697	-20.7481713744496	-26.660511684178	-16.8918299416542
HG01479	1	CLM	Colombian in Medellin, Colombia	AMR	84.239322765115	112.594807601307	-47.0993713417423	-13.3137365118641	36.1272221369614	-0.907396715252669	11.7076190475908	-4.59425504075407	5.47312301823969	1.18510609826975	-2.14061029544099	77.7709178597473	-21.7719969717259	9.34513005809453	3.70606269789025	18.404750148842	0.02033231231111	-22.6075081764588	-15.8652667684616	-11.1829325190447
HG01485	1	CLM	Colombian in Medellin, Colombia	AMR	-35.9914247686635	27.5365361052175	-53.9400094573461	41.1502256536622	8.38426982526031	-3.65108973017289	0.513865454469199	-0.946219535926055	8.82020940928926	3.76357044881246	2.06982001001668	39.8225220023475	-12.7139102325237	8.41990169199148	-0.272204993941862	3.24204875248381	17.6329923013697	-2.06161928339254	-29.2735413237185	-0.0104136673498066
HG01486	2	CLM	Colombian in Medellin, Colombia	AMR	87.8308523005085	59.9304988435053	-76.9405405453195	50.146904690957	19.7730688621231	-0.899667249108575	5.03735847172836	-1.07363846667593	-0.136954507100885	2.6141881875026	-2.13368890492219	21.2783389242136	-14.1337077857376	3.96235028249207	7.84621781730919	7.52647525183071	0.25869273348789	11.3196176918938	-3.7956292204036	1.80345880453219
HG01488	1	CLM	Colombian in Medellin, Colombia	AMR	37.1569704673925	86.2060180907385	-42.1153323949672	-2.45168544441583	21.0462726103394	-1.01844031439748	6.38869797792582	0.367549739944899	3.01931654564363	3.07584730405092	-5.54537010315739	42.408302897571	-17.2191542214167	14.7265914950111	4.28847205042946	1.27006585659538	-2.00635085755824	-12.9789880884285	-7.50200817903524	-9.87651162356561
HG01489	2	CLM	Colombian in Medellin, Colombia	AMR	87.4641411671214	112.305747781541	-42.8044828469067	-13.913061433201	30.5054317106879	-1.46593141320612	10.4515509257344	-2.14664324365119	4.37670215268774	-1.46788634225212	-4.89714058196451	60.7504888468094	-28.620773880892	16.9168014899349	10.9050580380669	6.33102437547075	-1.1855318204981	-15.0458939720472	-13.9097219827272	-9.64180451296477
HG01491	1	CLM	Colombian in Medellin, Colombia	AMR	88.2801347141556	106.415994171541	-48.8950820834318	-5.05601650910494	33.7709474520643	-1.725067581175	11.5087167699324	-1.72904021797757	4.21311720657753	2.28495064043255	-0.756703119403609	70.7795775340514	-22.1555570724737	10.9188485946584	9.12041727582333	7.45995173891211	6.6905958064468	-16.8801916736742	-20.434528852835	-8.62969382201462
HG01492	2	CLM	Colombian in Medellin, Colombia	AMR	87.4149172190685	94.6024867335617	-55.6261659217124	10.3942155395669	24.3980589812433	-2.699595729683	9.59385945273628	-3.00308240643304	-0.0355971262050474	2.03784443780986	1.77206958928002	47.9259112634898	-5.67656482214327	6.14441350934236	2.49517294604764	10.1602719578726	-2.93782929812325	-11.5700664854866	-11.7400348393946	-3.39302108751414
HG01494	1	CLM	Colombian in Medellin, Colombia	AMR	65.241310153149	34.2313653613801	-81.1413631677814	68.14260171524	12.4896939753322	-2.03809190425288	3.90331104699488	-0.202549323671785	3.83584585974151	0.0534750976433278	3.8003575024254	61.6700115055288	-13.559386519793	6.06802899590182	7.72637140036435	7.20628632623025	2.68396729673406	-5.6152503362098	-9.41322050553693	-5.86932782435772
HG01495	2	CLM	Colombian in Medellin, Colombia	AMR	54.5480880649636	39.3251537495076	-79.2836711753145	58.2415826270328	14.3122950736895	-2.20113194093486	5.56773927067291	-1.00396985475311	-1.01573259199508	-0.838879225336325	0.463318416486391	47.6051286931067	-19.4995099391256	10.9397531966301	9.507188750069	15.4113214084333	-0.0178132805777354	4.27597546597259	-0.315285789461254	2.00577373359935
HG01497	1	CLM	Colombian in Medellin, Colombia	AMR	83.6513226604893	56.9350804592824	-79.2022118147773	52.9564075964358	18.406887025524	-0.965420560413309	5.89623302215049	-1.25217630756276	3.30158609999601	0.585335386328326	-0.0897555152027362	67.503886661082	-23.4378364885233	17.0026226301235	13.6993640122546	12.6675558741968	0.715771344440515	-3.79474157937193	-9.96732730755397	-7.03099455049873
HG01498	2	CLM	Colombian in Medellin, Colombia	AMR	82.2760714880453	59.6197266907225	-73.3349986492832	48.8976218909042	22.4526718756711	-1.90075977516536	5.30425042641555	-1.51453938691987	5.04470902278778	3.23124967336057	3.61862322394904	64.5746962615513	-19.0228065340703	10.533831137882	15.6705287657632	13.1821563095232	7.98024298894051	-3.59338781196967	-9.28404374716237	-10.1592719378375
HG01500	1	IBS	Iberian populations in Spain	EUR	82.8597301333184	137.210436190796	-24.9272558429838	-50.6511750191767	27.8805045673602	-0.0890798627048016	12.1896254536377	-1.06185376895418	3.41994320350332	1.76508948284324	4.05031746662504	5.78458250969615	3.35956337764875	-6.76427606269583	-0.299412433589575	-9.39541693633398	-1.48412829815622	-5.9298858646487	10.6882223892299	6.70173211306653
HG01501	2	IBS	Iberian populations in Spain	EUR	81.8770424511526	135.583718679424	-25.1356953235778	-49.2450051405759	21.61618003429	-1.49851604155343	6.53166790637633	-1.21877718221733	-1.78174606289949	4.46451223931666	-1.80185537179213	3.58962570659626	6.28292378349127	-2.3811074922156	4.95437419392847	-4.14361602255688	-2.83562067162798	-22.124879089919	10.8862459925558	4.42648328878341
HG01503	1	IBS	Iberian populations in Spain	EUR	89.2131631697203	140.085145290981	-27.0418373995804	-50.5204898300289	25.2789789092754	-1.91424094044444	11.8729456240865	-3.79788183562139	3.87186008871362	-1.77570489332841	6.86633824810915	15.8438868507621	3.76338891517221	-4.10314165402194	-5.95210734026348	-5.26869518030017	-5.11959360891665	-8.3601087100516	9.28755302956586	9.45564669782487
HG01504	2	IBS	Iberian populations in Spain	EUR	86.8662359442169	138.576415552174	-28.368007333788	-52.3677652864174	29.3346908729193	-1.7275119586818	12.4964809813645	-4.4271539559784	2.14101157840593	0.0454099406307597	1.16881963043808	6.51505054039146	6.08532514739597	-10.7237320650501	-8.92200587559366	-6.68695047919556	-1.9025457179711	-25.5177167869657	7.71297452351737	9.01005638087998
HG01506	1	IBS	Iberian populations in Spain	EUR	82.9940624330343	141.795956574855	-26.2496294746141	-50.6774180152321	27.9742292838282	-0.252060500342988	8.24593397348149	-2.91869454657549	-1.82587414024263	-0.481677192482481	8.18989021558096	6.23716196437359	2.21785459849758	3.13506447178512	-3.06319367668277	-1.72645211705835	-4.7224444164209	-18.1431600352844	2.75551007319422	8.33231750944588
HG01507	2	IBS	Iberian populations in Spain	EUR	86.8850305355107	141.120975353956	-27.2636583942248	-49.9186675788761	27.3856656352243	-0.99027383257854	7.48535569215858	-5.43149971698742	2.88991384043143	-4.24217339575669	4.24668732100311	-0.049443517765276	2.91003776976211	-3.09353888959168	-0.335283160155957	-2.26510758840079	-4.06166227370905	-17.6406023293753	7.56124101177433	3.717330113768
HG01509	1	IBS	Iberian populations in Spain	EUR	81.4777826340307	137.695569692068	-25.8511080013848	-51.7218812627878	28.2557470628049	-3.02707518967735	11.0074326494684	-2.89164238452923	-0.486845097234904	1.38963776873088	-0.267810248547136	9.36392280153409	3.12615626662228	-1.45583900539518	-2.95518471623562	-10.0745427932744	3.20948175961908	-6.69931604485369	13.7980000621302	2.68377567423622
HG01510	2	IBS	Iberian populations in Spain	EUR	86.1464830234818	141.436383374525	-28.2286498916372	-49.3977213282718	28.2296936040928	-0.918746224605879	12.4913125187508	-1.73019222558989	-0.432560482463378	-1.10954124697262	4.38725410425151	5.67999061368355	1.42348288680585	-3.41163240130212	-5.12256801812904	0.278236580545672	-4.25790792798065	-15.4892381474334	11.0957340825513	2.80410793651354
HG01512	1	IBS	Iberian populations in Spain	EUR	88.5816978231694	142.777964297153	-27.848826489434	-52.6706302720368	23.7974250406395	-0.703387924781587	8.3372778559723	-2.53277841563785	1.65042543283541	-0.777969375405198	-1.24279298630119	5.49120647938355	-5.95723622183522	5.56029410832731	-0.920322179827402	-9.13496275274428	-3.34417736701844	-22.6571026245762	18.6180839552296	12.5403404480371
HG01513	2	IBS	Iberian populations in Spain	EUR	88.9448746267732	142.39842897732	-31.3305180556646	-52.9684526738646	27.4988315444529	-0.0844479864227856	10.4575126191292	-4.28878876518508	2.29589729910928	2.21971606569933	2.07687562801872	8.47972694888886	-0.569014953529321	6.79290817112966	-1.76291628176978	-2.66887245084402	-4.651362249573	-16.250313455698	11.2486191009813	5.51478848800063
HG01515	1	IBS	Iberian populations in Spain	EUR	94.4139863140457	144.952531792598	-32.7232800608017	-54.2407131310622	27.0283854274098	0.827896919391586	9.72642431462957	-5.85019958933071	6.90322474725593	2.85267738234149	-0.396595445932074	12.0182118002834	-1.88295724518571	14.3399168610525	2.1863537178187	-0.698235932322661	-9.76095717873523	-35.7213672893827	16.6907589961169	8.9504815456999
HG01516	2	IBS	Iberian populations in Spain	EUR	92.5994610561155	146.344104379015	-33.9990058276671	-54.7968780196835	23.4281873080774	-3.64350771179426	11.354143001774	-4.06813190027386	3.5614942171432	0.641256973528004	1.63561361597123	7.67868411060647	-3.46103986638744	15.5331450547132	3.35686654308715	2.63778571864797	-5.76164992400544	-24.4731259311721	15.6238093352294	11.5553264484298
HG01518	1	IBS	Iberian populations in Spain	EUR	92.765869927471	145.80462421196	-34.1241207840792	-55.1728119164883	25.5535904199144	-2.70469007104808	8.44560972920116	-4.99070919233453	6.44801695610054	0.994144410636912	3.77130688057802	13.8066263207003	-5.75090087234182	7.71907312214441	-3.64943675591447	-2.72525008412549	-6.34727979865078	-27.2746235796056	11.0367516499318	9.20028066616342
HG01519	2	IBS	Iberian populations in Spain	EUR	92.1673896181162	147.481030145604	-32.8779837009499	-55.391252333353	24.8716768509985	-0.714103279467008	7.28918403289842	-6.70227874581212	3.3596776469451	-0.115064086004066	0.820528248943505	13.470464237148	-4.13264196661648	14.7524647988716	-3.40444745710886	-3.84624272134914	-9.14282031037948	-31.6164784204711	14.9729049081772	7.13804399326614
HG01521	1	IBS	Iberian populations in Spain	EUR	94.5952405370109	145.768756216283	-33.819946151407	-57.3457567076548	23.8720896248313	-0.191090168485815	9.10801415003453	-4.478000670288	6.12960897326632	0.236876535686979	-3.89145080525066	12.4814169355616	-11.8582906722198	11.2618501358548	-0.75977363751191	-0.857541675320009	-7.08143608905742	-43.6002851028441	17.4334199610109	6.92721693052796
HG01522	2	IBS	Iberian populations in Spain	EUR	95.3986472910466	142.516395983873	-32.9102949529632	-53.4075359219918	22.4768095728593	-0.907821180879033	8.00197319626061	-5.73384498190019	7.252655629651	-1.6077502868828	2.60192641344931	11.5134387339342	-7.24769126536823	15.9341305379472	-3.63042379061111	-5.73655536472616	-8.58938539530246	-24.7035009462899	9.53848189383893	7.37360414216715
HG01524	1	IBS	Iberian populations in Spain	EUR	86.3936279981888	140.384606384542	-27.4459905018185	-51.9185743674931	27.2843862653782	-1.05740151137729	8.05823343606356	-5.38412397540841	5.22908536417684	1.31919571701772	-0.143772554745549	5.3443616230817	1.95405995127141	-6.7678908163796	-3.03882590681469	-7.0037790912146	-1.72891837565095	-21.7620396773178	10.3333148801875	3.07935812990781
HG01525	2	IBS	Iberian populations in Spain	EUR	84.7605917341669	137.611929034008	-26.1116399575831	-52.5127574170119	28.0417629336027	-2.76491570311624	11.3110169338348	-3.96961645882054	3.50221531696806	-0.733759678618522	7.45601716667522	6.41529307776486	9.33611307697837	-8.0022899296512	-10.6465532676675	-3.12468270264282	0.137214106680322	-7.54638228420171	12.6970212075464	6.51462310167286
HG01527	1	IBS	Iberian populations in Spain	EUR	79.3149112005842	136.846691700528	-25.9114264257367	-47.5629840691851	27.7712682496786	-3.9117500426844	11.7401068026333	-3.28321616025449	-2.80276286311232	1.21198169123567	1.430864212788	-2.9054578385272	-0.469305910202501	-4.28582676990746	-9.60482333150742	-5.991634064025	-1.79527443428763	-8.88077381968804	9.54655084837068	10.0162294552696
HG01528	2	IBS	Iberian populations in Spain	EUR	84.1277209111244	139.615065655002	-27.149922513705	-52.0433179179266	27.2558797940458	-3.01469453205569	11.6625961904581	-1.23879614225618	4.08316763077733	-1.52719787756552	-1.22271197976166	-1.58956610669708	8.72201307801223	-5.4981988521452	0.150658921484566	-5.49950641752543	3.49025129680606	-6.96661475085058	8.5367325796958	9.15564681351971
HG01530	1	IBS	Iberian populations in Spain	EUR	83.4955760835227	136.593880211074	-25.8183455770528	-52.2228906853455	25.7080061853864	-4.80546401370757	11.0651683264091	-3.70043148103853	4.06572355312888	0.286765039749153	3.74176352982489	4.36377395304286	8.18480125947781	-0.184009506463523	-3.17158425437589	-8.43412218176527	-1.55316618755999	-8.04501167204461	6.2191970845637	-0.852062120717181
HG01531	2	IBS	Iberian populations in Spain	EUR	82.4515974039531	139.578509091748	-26.523946902908	-51.1984943945518	29.0331329800768	-3.66561782101561	6.96626767832989	-1.15183204268985	3.54399211293882	1.82497133209268	0.872761716647267	4.32189115538599	2.77928226537267	-1.14349641055036	-4.21803768886977	-6.50127241327891	-3.03698415231974	-14.192120014584	6.67438979175039	9.50413255948612
HG01536	1	IBS	Iberian populations in Spain	EUR	87.0938803409041	140.393333949209	-30.5877169597725	-52.9418477953775	18.790767311332	-1.635708633672	8.29454220541057	-6.3745238792296	6.24936580937817	-1.65251532985275	8.48218579413328	-3.9345164229755	11.3080645392476	0.281728512530447	-3.46606258389023	-8.19482425269525	-3.2993149487869	-5.91916572385234	7.26326122561539	3.98673449708805
HG01537	2	IBS	Iberian populations in Spain	EUR	89.6064671495214	140.731273807016	-27.6828524151284	-51.3715455096917	24.0607556212304	-1.66013024095493	6.46562826856906	-4.89761117487342	-1.19121889972724	-5.62862083608607	12.0492051105513	-1.17393263247376	4.04840563693185	-1.12138860788732	-5.88086528541743	-3.30905409111956	-1.36483957416082	-9.05143446894518	6.4623507096334	-1.33913066949018
HG01550	1	CLM	Colombian in Medellin, Colombia	AMR	73.4669262176412	83.017510743972	-57.1105622779449	15.1705805927688	24.8778893037676	-3.09524401683384	9.23649180885651	-2.51192105255453	5.81287687930415	0.4875827430946	-8.65458768151527	69.3314629854081	-28.4046006530506	7.15618670588291	7.24046142988424	17.3829036823285	2.6882935855025	-14.7175193152621	-24.9786994374755	-9.13707618322667
HG01551	2	CLM	Colombian in Medellin, Colombia	AMR	-48.1817596934666	29.7359628269982	-49.8974654862555	32.8186625716446	11.1070695118791	0.539855872039591	8.20454777253311	0.893109790796794	2.90959754188224	3.17859880971806	-11.8830056376056	28.9035983952485	-17.5260051097215	8.65046501202884	8.26912590307299	14.9846869683218	9.61324725677263	-5.27058222768464	-10.87127497521	-0.239844967217485
HG01556	1	CLM	Colombian in Medellin, Colombia	AMR	14.0062814229273	33.0002552026576	-63.3833743627781	52.0909946066393	14.5902500893115	1.244269484638	2.97120411652594	-2.61020489005846	-0.974991248931795	3.44394208571148	1.32828336228685	40.8070590469386	-15.0873859988465	12.7350553740149	4.63742070325819	17.2470755539192	1.60180483206832	12.1179536962435	-4.5588736094385	-6.92122160982307
HG01565	1	PEL	Peruvian in Lima, Peru	AMR	109.013098938878	-10.9810376182088	-125.126722958191	145.48119634144	0.308255692087338	-0.672988284995212	-4.84372276473855	-0.110392941421528	-5.47838038407994	-5.7199436927733	10.7899657536736	-7.8888695016299	11.5702073261467	-3.63545021336775	-2.50614422038297	-8.89937221278346	1.41099277755637	-14.037411925558	1.17993546937689	-0.467006188068389
HG01566	2	PEL	Peruvian in Lima, Peru	AMR	98.6692054488197	36.6288731224424	-92.7477729928431	83.8865830610815	10.3671111039421	-1.55915538205709	2.68545107255466	-0.758984593924493	6.05379203881059	1.54284771857376	-1.4749437385732	-7.81030980019854	8.19883027900253	-2.70077680724329	-9.43964888627069	-9.08043467465518	0.167649500418168	-8.18925740021885	2.4256711279815	6.28045135381749
HG01571	1	PEL	Peruvian in Lima, Peru	AMR	110.065082011515	-0.567063622235181	-123.149834611278	138.847460893568	-0.018933879559033	0.490989769805762	-3.58412223714745	0.216040675103915	-0.558249459037605	-2.90900740286026	9.82837423046688	-13.8026747529611	9.55259816915296	-7.28708595696674	-6.73570212893457	-13.3469945184277	-0.30329510792818	-29.0545402828172	-6.56176284335147	-4.07228284354577
HG01572	2	PEL	Peruvian in Lima, Peru	AMR	120.366575376563	-60.4387610800422	-167.698092739112	227.346426937294	-11.6619974203868	1.22625651968979	-17.5177225076371	0.108014038815476	-2.68847338252741	-8.13482399034311	18.7477717580721	-18.6676123437225	18.7038021316004	-10.7469406910745	-7.94631763938163	-14.213100070883	2.22148312716459	-27.7407115328457	-11.74104874211	-5.42456993457259
HG01577	1	PEL	Peruvian in Lima, Peru	AMR	79.6451034958661	38.105547272698	-86.9849290773653	78.0750806803708	11.9224033924937	0.0603804971207906	-0.20478798092815	-0.212997095627855	-5.15889113887425	-1.49680274719108	7.49751429173416	1.82049378672652	10.6958988783436	-1.30817556214742	-7.39923964974376	-3.09826170139369	-5.23192773501496	-23.6006380068944	-1.45442696003012	-1.5831372498943
HG01578	2	PEL	Peruvian in Lima, Peru	AMR	105.572904871843	10.1684982890345	-114.940834781744	123.369037582988	4.08329751133941	-1.94410887307985	-6.93217445155146	1.01734199722707	-2.64247121324217	-4.24068291639209	6.28949465757116	-8.2072344617222	17.590054858533	-5.76116780115752	-8.11088908199534	-7.04260499367502	2.43551395454581	-12.6666038217988	-1.66404279729963	-2.7927792170445
HG01583	1	PJL	Punjabi in Lahore,Pakistan	SAS	88.6802013289066	49.1400212297839	81.6760887096566	31.7206404263293	-0.837503242377233	0.166546557927274	-1.59705755094218	0.189654095580614	-2.948931214712	-1.84922059458739	7.97256705662444	-5.59397010419499	-0.0272432889064993	-16.795351454773	-0.216472088036566	6.45245066075552	2.8479238766343	20.3760740520725	-11.7936153854208	-8.99477921474345
HG01586	1	PJL	Punjabi in Lahore,Pakistan	SAS	90.2979456090375	49.6502215756428	77.5420365122946	28.7564861203726	-3.72784811153588	0.679387915240711	-1.07769542128604	-0.963732173049674	-2.75364494603387	-0.869242678765918	6.97800117996373	1.51050944348081	5.41669788732512	-15.6825507996743	-3.5715588667857	16.4465390604781	3.12728750142149	21.1979355324652	-17.044015856271	-10.5734537202644
HG01589	1	PJL	Punjabi in Lahore,Pakistan	SAS	90.8315923686173	51.8514321464456	77.7952030154599	30.2598927290886	-0.901674579948937	-0.81315166996313	0.182725067053031	0.129127988823454	-4.67758424396909	-4.37670067383383	11.4605301286059	-6.97308956543591	-0.427561241716635	-15.4058260237629	6.0436343152153	12.6595104720846	-0.157227053369591	24.7653798291499	-19.0909404153533	-15.0754434366236
HG01593	2	PJL	Punjabi in Lahore,Pakistan	SAS	87.7615285491025	61.2323968738789	77.038023493232	25.1083092377122	0.677224092132746	-0.187844123326842	2.90345020823979	0.565224503773826	-4.52030855788922	-3.94489360993828	14.236055993241	-6.02287686328346	8.98247949374454	-22.4068001033746	4.60837375198096	19.3209483342858	6.64841767002622	41.295312789408	-31.0626584258039	-17.6630007991462
HG01595	2	KHV	Kinh in Ho Chi Minh City, Vietnam	EAS	115.227675387522	-175.115373534136	-8.44758711513301	-41.2344432094466	15.9975295720816	0.504381772781779	-37.0806109356223	1.52681843554611	2.69364620679844	-1.46765069963523	2.21407002999864	-0.4664995594723	-3.19034819013012	2.02951147889017	-6.82867204419393	-5.18768001866949	2.93398414622023	2.29288448907779	-1.74228477677729	-0.675471526833124
HG01596	1	KHV	Kinh in Ho Chi Minh City, Vietnam	EAS	114.472284074502	-171.01449783368	-5.30722236624419	-39.295854787987	11.8742849904074	-0.829949287191315	-40.660108595183	-0.159340254701319	-1.6383508239281	-1.32555554108621	0.207189366577677	-0.0160525726597614	-2.24677485078321	5.71008326696311	-11.5631733549251	-3.34879586376308	-0.619436700634737	4.06748069906777	-2.72995838305287	1.08881852162931
HG01597	2	KHV	Kinh in Ho Chi Minh City, Vietnam	EAS	114.85533087945	-176.183739964978	-6.67444436002906	-42.6630430918397	17.3757360189068	-0.127802056188976	-41.2928716301445	0.501140609937787	0.0794307293442684	-0.956595165681882	2.3599932622447	1.97247348764799	-4.04556608634781	7.409370059943	-12.5446441391865	-3.64351469070403	-1.61266752796694	3.68375794414051	0.695507873755755	0.057473856006127
HG01598	2	KHV	Kinh in Ho Chi Minh City, Vietnam	EAS	114.295607453375	-172.529243403758	-7.91767754787231	-39.4597298550098	17.3975094953507	-0.9077040307269	-40.6954904950713	1.04998171486267	2.20113776477304	-0.429044094741229	0.164191966537559	2.06563358839372	-1.86796777802183	7.29979624320759	-15.7257837437299	-4.59231502903528	1.4144374086114	4.05937877018011	-0.345807957758468	-0.502784814765344
HG01599	2	KHV	Kinh in Ho Chi Minh City, Vietnam	EAS	114.987847054245	-172.689387225895	-4.62772063362202	-40.0491883993343	15.895432567084	-1.32376790017998	-37.5611720112798	2.17953831509472	-0.409781729645752	2.36093240429171	0.986404362601762	1.58342450558185	0.111577321008292	5.40282728557631	-15.2918423199643	-3.15128776914647	2.14776718494693	2.46698785946122	-2.89556203218292	-2.5851113871508
HG01600	2	KHV	Kinh in Ho Chi Minh City, Vietnam	EAS	114.241474957195	-178.08291421039	-8.2295520094333	-40.8797992607737	16.3190946701883	1.18933288941936	-38.9944990521036	0.149336943670003	0.206693931788663	0.616081581486376	-0.926393928533552	-1.69205681527443	-5.05153463738683	1.62080654178792	-9.92139192280677	-2.60933508723126	1.88476825466447	-0.0392144853271148	1.84335136915147	1.55950186283022
HG01602	2	IBS	Iberian populations in Spain	EUR	83.5823579300544	136.02684575392	-26.2723769456242	-48.5743922889092	25.9031797677542	-2.18075850908944	6.38495626794688	-3.1486689268609	1.98925703363177	0.0308913546651672	4.63256367335524	7.07673345917932	5.00214328809181	-4.7191485659322	-7.19039248846167	-17.895848517476	-1.01704734806892	-14.9602637273993	8.03950095183701	4.02173447332777
HG01603	1	IBS	Iberian populations in Spain	EUR	84.2570727629813	137.687034776646	-26.7694860771804	-50.9739444150029	23.8538665220706	-1.12113339753072	9.31426737861178	-1.28357968468467	-2.97912436250536	0.220004473921036	6.93861589139255	0.0801573026233152	3.30816431360604	-2.5116394649943	-0.847048827552955	-5.29025698464476	-1.38754529470196	-8.32460948167086	2.87183938350609	2.46624773481903
HG01605	2	IBS	Iberian populations in Spain	EUR	88.8088247629593	140.754196122131	-26.6411526234698	-51.2381717511618	25.2971036572291	-0.524333331134206	7.24000667712002	-4.33511593673772	0.0783912292356605	-1.97992009745009	6.11911497473896	3.42359441817792	4.86099439457776	3.72803168278107	-3.67277070964736	-4.36760752601901	-2.07770024044931	-21.2616626070429	11.1236542755921	0.000262764598160312
HG01606	1	IBS	Iberian populations in Spain	EUR	88.7766911999258	141.49229580578	-29.2927926032216	-53.2860568834313	21.6481454105634	-1.55680652390499	7.14227178487923	-4.20918478464966	2.01657891307477	-2.86134848007113	2.56322321124814	2.30811243335333	1.37562298510129	4.71686673026874	0.214551103804713	-2.85630952064517	-6.80303545219936	-12.9797724285713	12.9600124687336	3.15265211456965
HG01607	2	IBS	Iberian populations in Spain	EUR	88.1732379950668	140.364678172611	-25.4592179580532	-49.8868594703665	28.5209336734435	-3.12531682179555	6.31004999024007	-4.12510839910237	-2.3757495290528	0.999335944714002	4.5602978492228	1.08132846219053	-4.79637440626127	-2.40772638031309	-5.17762053463537	-7.95279586594907	1.33003217473518	-10.1318753991929	18.1542170791902	5.37922011264309
HG01608	1	IBS	Iberian populations in Spain	EUR	85.7867586046147	138.889641115932	-27.770439377635	-52.1600637541142	28.6196512872262	-2.46027403255343	10.8676757136326	-2.58537497839204	0.615502726170285	-0.295255503159495	5.10004613347195	12.0940647501475	2.1599500800562	-4.3709975434936	1.99610317863403	3.40985434964736	-5.11354320274121	-13.3422152873284	6.88548398345361	-1.24857683495804
HG01610	1	IBS	Iberian populations in Spain	EUR	85.1968677399642	139.437153555967	-27.1682013234208	-52.3286626411684	29.1325710940922	-1.41724856861244	10.9371640807484	-3.01586254991361	6.44218293357507	4.05842335978602	-3.07084346685284	6.4381281784313	5.36374454667294	-3.11648724412635	-4.8879214626658	-9.6085394870521	-6.60932167417078	-24.0485234308868	15.5617524865683	3.64004965432826
HG01612	2	IBS	Iberian populations in Spain	EUR	80.6742476269101	138.950084565158	-26.8220243000772	-54.0616954531798	25.8864034954431	-3.18468714703533	8.44663063780256	1.05051135781674	-3.03905347837101	1.1867895821794	-4.70446681595738	1.42029713961793	-1.64787012466712	-4.16459173103907	-3.6583518504334	-3.36682930141413	-3.44301484552162	-22.9578787052704	18.4775476775022	5.2354422972017
HG01613	2	IBS	Iberian populations in Spain	EUR	89.3867760706115	141.202746575785	-24.6067013217867	-52.1433755238136	27.9351936034916	-1.83524933804844	11.6788371707493	-3.87727795227055	-1.73397818048667	-1.05065682272299	-2.55816008335421	0.945697019862938	8.66394882074347	-5.02022869944843	-9.59224901264625	-14.2163382528685	3.3540009350163	-6.18598557882723	6.00664907479857	4.31492665056193
HG01615	1	IBS	Iberian populations in Spain	EUR	88.0623827707605	140.859946356561	-24.8978275982544	-50.4468290080684	22.3433327069012	-0.0779390398806502	9.36880935860733	-2.01055256511391	5.72158251123355	-3.14926507886249	4.82785946552964	0.219000824679152	5.44557477523855	0.213473651585071	-1.52392871748693	-12.8504060104581	1.92564145537236	-13.238133491467	5.86986323295888	4.28266852108894
HG01617	1	IBS	Iberian populations in Spain	EUR	85.4676319645354	135.279771140544	-27.500441976491	-51.9091741782494	29.0056731299408	-2.20832514424353	7.69405874721078	-4.52269455453269	5.43953342539538	1.04498866887093	0.842311328922897	8.7966038239304	6.67460270221912	-7.67262358324237	-10.6266287064511	-11.1235099633001	0.601295391596696	-10.4015644587125	15.0014819788929	-5.02852324288833
HG01618	2	IBS	Iberian populations in Spain	EUR	86.09804111263	137.152946419002	-30.3782157222895	-47.3618833202637	26.8257130834502	-1.80954344600287	8.12698230655207	-3.43032562838727	3.92343625175035	-0.360361303810641	5.35102405797834	10.5544363199765	3.70310491522074	-1.65716662520067	4.84481344165104	-3.45873722957821	-4.45688955777945	-5.79712639362295	7.461070964516	2.89361394411609
HG01619	1	IBS	Iberian populations in Spain	EUR	85.9702949699333	139.981386519379	-24.1786097588794	-48.7424065983538	28.9031370414262	-3.06938514586471	8.16015876259254	-2.6399746272672	3.59394658611121	-1.04998118911705	4.21620122714459	5.03011576114735	6.59159070218386	0.515557978619292	0.491028519495714	-12.5660724297378	-0.0363304495514555	-14.7487522793106	11.1669661649539	4.6137721538427
HG01620	2	IBS	Iberian populations in Spain	EUR	83.8775181542832	138.619717821303	-28.7900716188655	-50.157817172393	28.0553418534391	-1.51168709621557	10.2291554497638	-4.86143741899169	-1.41580109093782	0.549551706043209	1.74522420914821	9.95899614851824	2.62267515264735	-1.03957587937615	2.85865938249653	-1.4884623556196	-2.35796604822594	-11.196335869317	-1.52683367114438	6.90498717008133
HG01623	2	IBS	Iberian populations in Spain	EUR	82.1544479409468	140.534223280055	-29.4038025520917	-50.4827333922369	32.6731932136014	-2.21009600367814	11.4004253891764	-4.26156565089526	0.880306106170165	2.10167338869661	4.08303260596549	8.85439489270713	3.69423082566364	-2.53553826920866	-3.24943701691377	-7.52177050295597	-0.923973263130201	-16.9026744962888	10.5987709773581	1.38163073637188
HG01624	1	IBS	Iberian populations in Spain	EUR	84.3723794353292	136.467484150498	-27.323159426117	-52.3089389173934	34.2545095992562	-0.363490114057421	10.7374461684528	-4.19758119632752	7.08263556735679	1.74376420854482	3.53751139346635	6.80393740921118	8.18184320782445	-5.78844000030592	-2.47656288539175	-0.696536350493603	-0.385266610521087	-9.21161105292414	11.1796419574812	2.59157437515985
HG01625	1	IBS	Iberian populations in Spain	EUR	87.4171021028025	139.275283702328	-29.2488207332889	-51.0379756861842	23.409528606045	-1.36831175574898	9.1828189946399	-4.12469298131526	-5.90566466420859	-1.40466920787333	5.05654896633008	-9.58531627900211	6.8165970810228	-6.32140864729441	-3.55465760155609	-12.9032357621231	4.41167562758556	-4.53049410716716	2.75282189786326	-0.0610427764285934
HG01626	2	IBS	Iberian populations in Spain	EUR	81.8430656574041	134.872632549276	-22.7736309931926	-50.0948642791384	34.9105609479298	-2.17785029301435	11.8649954371802	-3.24639860039424	-1.81007151140573	-2.26016877568594	6.57262596391121	6.48272037565534	14.982396893099	-15.2795931553654	-8.37110834800758	-6.35693443359959	-0.752724664532464	-6.99902685273056	0.298455797692831	3.45614463830678
HG01628	2	IBS	Iberian populations in Spain	EUR	66.3960344532363	132.466385906156	-21.9537218022692	-48.8050452145329	37.7136201252443	-4.30106746416338	11.646758992047	-1.91236944469425	0.759299039596278	8.08400971110227	1.45547663222249	14.4829987987923	12.4518387366553	-15.2953183641396	-4.17883341089316	-5.45965822275169	-1.01330630588488	-15.0678350524961	-0.269661141658202	9.89978713040459
HG01630	1	IBS	Iberian populations in Spain	EUR	73.8147545791276	136.235980705819	-24.9413319526837	-51.679198156412	33.8917198669819	-2.67044369032908	14.5450996804365	-0.864927663749733	1.94117576079601	3.2083168880115	1.30625494205109	6.40635349645681	5.42948924624952	-7.13390074344121	-3.08853396012561	-7.42325513120849	-2.20504131376099	-25.7161268933454	11.6190743884383	8.96498228001093
HG01631	1	IBS	Iberian populations in Spain	EUR	88.7159340800525	142.290864119607	-27.1482619355129	-51.0245073732142	31.2758287302693	-0.493859588322157	9.59684490209063	-4.90703154662333	-0.125161796872129	-1.91874520349337	5.79864492803031	-2.60818777363917	11.6002058834329	1.16699396587259	-1.06556022494466	-10.2732755768254	0.956152750803245	-9.944260909401	-2.96536500122723	-1.71671443285084
HG01632	2	IBS	Iberian populations in Spain	EUR	86.754785461809	140.66805939819	-26.5461870466436	-52.8955507047129	25.1375140536536	-0.29509478999124	8.99421852455917	-2.35455505692536	-3.09754871812821	1.85157646658859	-1.65376424776758	3.47661624000529	8.67274237818803	-10.5904205206944	-7.67173692041812	-4.20335350428449	1.60987239790797	-17.2496634382098	7.84323344728711	2.65903637587074
HG01668	2	IBS	Iberian populations in Spain	EUR	80.4546942646368	135.932031131338	-24.4640298113301	-46.9497319716025	22.8884361201278	-0.778890817451615	2.60625533539369	-1.33809108443794	-5.22919550793143	1.52471965756209	2.02784821060794	5.71925503052889	-3.50662290954496	6.90739626937577	-2.06044630793322	-3.63324436697249	0.32913102293377	-15.3442918772439	5.87824946099332	2.01664594794275
HG01669	1	IBS	Iberian populations in Spain	EUR	73.2630459250976	134.544107851553	-26.6758977194145	-49.8997198446559	25.4090648242023	0.718877003211808	6.63382799050225	-4.44203558094215	5.10356460258673	0.816100579048758	-5.83498346464136	9.77977522001196	4.84514920183134	-0.877393532319057	0.934196347649103	-14.831929063267	-2.40182029748771	-9.70787477093013	6.40588922192994	8.22760403662722
HG01670	2	IBS	Iberian populations in Spain	EUR	86.5961808463097	140.838053014905	-25.9062077607245	-53.6027759877673	26.232840406789	-0.787766201439271	9.22194143790705	-3.52182490496951	3.11580311606897	-1.58823201662005	4.71709641831604	-0.442128257470932	10.6385181756492	-4.82180859606164	-3.94472810377197	-11.9649539919933	0.398115848751898	-17.1379612340172	10.297667794486	6.69866565823405
HG01672	1	IBS	Iberian populations in Spain	EUR	87.1575068409103	139.712805754986	-27.2155318212255	-48.3390177643491	20.0511826344237	-2.04212040238606	6.26887390117121	-4.38258896028358	0.0607356217324312	-3.7542334363169	7.56776956344716	-1.007896841882	0.863914903521009	-1.78699355802872	-3.32950213226179	-6.56933942062826	-2.36522164179463	-6.60397531695475	6.48960278910004	9.06060332606882
HG01673	2	IBS	Iberian populations in Spain	EUR	89.2816325800705	143.100064984063	-27.5957330848463	-52.6411682278881	27.7380817005235	0.334910810658533	9.65180940585353	-5.44700725121262	-0.420010723143509	-3.20164290408105	10.5776610873672	-1.25670869138847	5.20774126813874	-3.84751560656763	0.51603753905681	-1.54675591978749	-2.10678987166263	-10.2906742404802	16.3200840053155	4.44712209214959
HG01675	1	IBS	Iberian populations in Spain	EUR	90.1381336991887	143.078191841642	-26.0226608653667	-52.969997564369	28.5010377826989	-1.50019731943897	15.338484367494	-7.27234373583526	2.00291040106647	-0.405405944644877	3.34704982228079	11.7950335425062	-0.25212877696573	2.27678012787308	1.69279564705701	-4.2967695336689	-4.02916496660942	-25.2077905748238	14.0195567270221	6.24300857876627
HG01676	2	IBS	Iberian populations in Spain	EUR	89.4831370226934	145.347412983801	-33.8425104147463	-54.8277134426042	28.3509359646457	-1.87909040003489	10.9161816977793	-2.11184636989278	2.74536069194384	-0.626731521404513	-0.00210949880082408	6.17073898297607	-3.75245640027558	9.65488380835787	1.42595498857605	2.18631148479493	-3.2787501484374	-19.7119467991951	8.07394454312496	0.827151182827606
HG01678	1	IBS	Iberian populations in Spain	EUR	87.6172097001417	140.925925682512	-28.4069999127134	-54.1044163681567	29.9463118693104	-1.31762119181072	9.9175002567344	-2.05696072898247	5.85087385381162	0.78170612051737	-1.11521597281683	13.9303522065542	0.669626418413417	5.10577776218778	-0.418566894558077	-0.140950419778709	-4.130445371051	-30.5221631176861	6.16066490770893	3.22296895669747
HG01679	2	IBS	Iberian populations in Spain	EUR	85.5744168943256	142.597713373867	-29.9633173726273	-52.815203255914	28.1427554401775	-0.0141884022032989	7.65530230553049	-2.0777057955518	-1.61123231931513	1.35284234490051	3.9176875282084	2.20816815572653	5.59576279986305	1.451352398372	-4.61615297384606	-11.0910334377777	-10.8611721923735	-18.7538058070357	5.97299040439214	9.9928054917988
HG01680	1	IBS	Iberian populations in Spain	EUR	85.8822947522919	140.054138962016	-30.6601874680371	-53.0596048998324	22.5521364227773	-3.22087905849356	6.47509782734514	-1.23603244517975	6.16349931500051	0.516930969750712	3.47974870815462	11.1070766911249	7.49521383043187	1.58798232633992	-4.94376946949247	-11.4552878709057	4.98669948490273	-22.3288375175081	9.20326334067172	5.46764413712597
HG01682	1	IBS	Iberian populations in Spain	EUR	89.523057895382	143.828711408028	-27.6592796532195	-51.3804974689756	28.101804066417	-1.95815519212852	12.2432143179174	-3.01775223695045	1.13639692034839	-3.94658236857437	10.4987972890313	11.1316540408383	3.46328697919166	4.38133212112237	-1.08397404229339	-7.66920944089986	-1.24137682973119	-13.4077662849861	10.365820314523	7.53315550260744
HG01684	2	IBS	Iberian populations in Spain	EUR	90.779428663054	143.120550105266	-29.3129440650823	-53.0790541998465	23.6247093174912	0.127680828173163	9.70348675921269	-5.50582481089334	1.59488805075678	-4.06596361955251	3.99927154819429	10.3845826051422	-6.69572835785137	-3.20868216919941	-6.139169830557	-3.33622224120299	-7.19221378692793	-25.6604067992011	9.8823025542156	7.42204666594642
HG01685	2	IBS	Iberian populations in Spain	EUR	82.1563832202086	138.427530740937	-28.1548268839837	-49.4627763875527	23.8501646409212	-2.37799072311139	8.77962036982519	-0.972977647758608	2.6810174883789	5.8029227727578	-7.10301340709224	7.34540744747862	6.43002656078516	-12.4170761947253	-4.901238360843	-4.0245988870168	4.86449433373768	6.39328567460156	2.30521478965341	0.64747843795933
HG01686	1	IBS	Iberian populations in Spain	EUR	84.4361582121785	140.342675952304	-27.8157758475168	-50.0988930763362	20.9951820901431	-0.406410557475245	7.73810244649836	0.554249149512256	-1.63097390136476	-3.72874779213999	6.03140143427618	-1.30802348498198	-1.04422447145584	0.277437291958251	-0.839377803860188	-0.704785927556426	2.55819360348837	-3.32874486666009	9.52453682612468	2.7895176821277
HG01694	1	IBS	Iberian populations in Spain	EUR	71.5155306105025	134.77428269811	-25.63669673986	-50.3285180629647	31.6377531416419	-3.13933696777315	11.4533122023383	-0.718612127055925	-0.325422805357965	2.6230013302273	-0.925055804242255	6.76711543814133	-3.46759099872209	-8.68081572531844	-6.57326511246608	-5.14418054058352	3.9697908958291	-19.6478891343408	5.67629216668667	7.55274541052408
HG01695	2	IBS	Iberian populations in Spain	EUR	73.027062360887	133.99336962985	-24.9511567173677	-50.3610101187606	32.353288391307	-1.19742468724165	11.7744023309943	-3.39509554540006	5.16155909939363	1.04737933114965	-4.61499492339919	2.32559021352381	-3.76702942682829	-7.72185827656786	-3.93334190848831	-8.07346714184992	-1.99563136258626	-20.2107113200993	12.2523483147915	2.76505355120501
HG01697	2	IBS	Iberian populations in Spain	EUR	82.7176488155657	137.013470282822	-25.460390299303	-46.2941134248943	29.607368879267	-1.64334408340776	13.636466713288	-1.71888763226913	3.69516070818684	-1.27743098314948	3.62219450202625	11.896407100174	1.8025327500598	-5.61605542867895	-5.87436464145239	-6.71680003566414	-1.79316469832943	-16.3811834780954	5.46106908737798	1.61770566996353
HG01699	1	IBS	Iberian populations in Spain	EUR	81.9354935524203	138.550777118972	-24.1314234895238	-51.7281466091276	32.8083460235527	-2.15322558711375	11.9300867972797	-4.6277049033145	-1.64495370136368	-0.825989807872094	3.9440510478101	7.18334860018972	6.2410991614675	5.73208074872507	-3.74833182739022	-5.92047410393265	-1.95683709910306	-11.0750963442952	8.20314522606563	4.19536424294362
HG01700	1	IBS	Iberian populations in Spain	EUR	94.5778910352741	146.557609679499	-32.9904413328982	-54.8948367079472	24.628072729455	-2.06016981476113	8.29224132736754	-2.95912871483044	7.63484142930739	1.26598463872032	-4.85021809004535	16.8160389887739	-11.7935946724745	9.97718742190081	1.58447270579105	-1.16083902426141	-12.6676741461519	-25.280820789243	23.3205434747259	5.18791077354126
HG01702	2	IBS	Iberian populations in Spain	EUR	93.5335637012683	147.235338210986	-32.704231374834	-53.5770188381036	28.5989560787808	-3.27558483786897	13.7428434973785	-5.35161115746586	8.29462108304305	-3.5170261473413	-2.4958593995029	12.9829310230909	-7.72549798649036	17.3348310120571	4.20098751328852	-0.471087256778854	-4.07297165011541	-30.5853142305238	9.14648307428227	0.0146728741133668
HG01704	2	IBS	Iberian populations in Spain	EUR	81.1197873506113	136.497532331281	-25.5062950950793	-47.8837880596489	27.2816222558418	-3.42088235726306	9.61687504562483	0.398556869836389	4.51162083978723	1.52979819590739	0.205961507574275	5.79440287575731	5.75591530935088	0.167450225035731	3.2845843718813	-7.04837702497463	1.75117380908361	-7.72751724678508	9.09850213688885	1.77529222752986
HG01705	1	IBS	Iberian populations in Spain	EUR	82.5183534635406	139.314866116245	-27.45536947141	-53.1323972274996	29.1321362120286	-1.30767067323215	10.5346980796216	-1.61445863483377	3.55559685649906	-1.15380391219353	2.9693684904454	5.5386068086733	5.48757696805227	1.20936127270398	-7.46735377630108	-8.47620766531221	-0.793746487675223	-4.42596235958148	6.11716693402541	2.48891059737938
HG01707	2	IBS	Iberian populations in Spain	EUR	83.5193585037887	139.100350620675	-27.8257155919356	-52.3356540202341	22.4720740939814	-1.41651551781615	8.70174492962703	-3.0096793095763	-0.83659468855987	0.127639654451039	-7.51505267773811	-0.589252510447022	6.3431624431448	4.89998217425923	-6.12914808301829	-8.02926007205592	1.10762540715125	-15.0696604656779	10.6238530981149	3.99217438738538
HG01708	1	IBS	Iberian populations in Spain	EUR	84.0763536685073	137.793135925165	-23.7130970119873	-48.8905056111478	25.1095583662831	-1.45530210526707	4.96739147765635	-0.497806546242788	5.57777361861034	1.8053598762577	-4.77562602707399	-6.47048515654398	4.54862749532199	2.75359607629393	3.04981087126109	-6.80720327022988	-0.100859912851918	-11.4225353577109	3.64132757810854	0.475642650761745
HG01709	1	IBS	Iberian populations in Spain	EUR	81.8611001572847	139.559790280925	-28.5328864426117	-50.0559591380226	25.3087712061731	-3.22027273295875	7.9561125790314	-3.21433395402044	4.8746611415249	-0.574244401641598	4.25713685631551	0.753042609385278	-0.344669672893921	-1.36123969501628	-8.35475385547761	-6.17515898377251	-2.02527517669063	-11.7991907692152	5.2612982819725	6.20564308025709
HG01710	2	IBS	Iberian populations in Spain	EUR	84.501416880862	140.128546103125	-24.2037308117283	-53.2228003942448	26.0295902052665	-2.69945847315262	6.54209310512604	-3.04577840491051	4.96439914348725	-3.05047534884114	3.84307482536123	1.96470916358184	1.35621899304501	2.96163567465955	-7.87725906436083	1.73361354847601	-5.66201656177717	-8.39727575477176	10.8374467569682	-1.28610548585914
HG01746	2	IBS	Iberian populations in Spain	EUR	88.7456482971747	144.340796333034	-30.1685975308341	-55.5464746062231	26.4859760494627	-2.87397662557474	10.2941428227002	-2.48579143897203	7.18543325494267	1.11772161418248	5.77983156302331	7.96646601501603	-1.31246576530834	0.58657278431819	2.54610891809434	-4.41483612119314	-8.12870724419534	-20.2267874033172	7.34022364395609	0.688986948590163
HG01747	1	IBS	Iberian populations in Spain	EUR	87.6200546075653	141.737049576814	-27.1972683377911	-50.0982612802337	28.7326077800906	0.630165904275803	11.0213137645665	-5.74137644512547	2.6217295734379	-0.00195630522597891	7.26329657164227	12.981377496852	-1.30235522548664	6.9105664724921	-2.49265357411219	-3.64649690414091	-2.50553105299221	-21.2590018554326	17.9897337731475	10.877110201457
HG01756	1	IBS	Iberian populations in Spain	EUR	85.4557766821568	137.083049116623	-25.8654260172567	-52.846889129647	27.4351643443836	-1.28151756389637	11.320397217429	-5.77081029756599	-0.439004324598423	-1.9142399980138	4.45542002376145	4.44978501316044	0.748517246653108	-3.1116372540253	3.05331474320976	-5.72650112849137	-4.1241714284633	-23.7331249529141	11.2149676133688	1.51692061521268
HG01757	2	IBS	Iberian populations in Spain	EUR	81.9308919146	137.122087962221	-23.9656890498297	-51.9332099344911	30.7320680089562	-2.30516502898973	10.063570999706	-2.35746768337299	-1.08678391552367	-1.35187967406249	-1.62763998007764	5.45540269946585	15.1699045851184	-10.4015560485748	-8.20899687084308	-7.06571728669642	-0.633980655755834	-16.5118647087473	6.92423419699155	-2.73673823971724
HG01761	1	IBS	Iberian populations in Spain	EUR	88.741013090155	143.555406022078	-25.7337845708654	-53.2801218582376	27.3459352528977	-1.49782561086258	9.51339371895735	-4.67316628098949	-1.48986627879533	0.540006545139869	1.39046956215651	8.91111933486215	7.45115069903597	7.67141540911192	-2.24757647245898	-14.7830116555071	-4.13915485395487	-19.8979051576516	10.7434049998154	4.95941862349034
HG01762	2	IBS	Iberian populations in Spain	EUR	89.563999590462	143.300368914141	-24.1288699008039	-51.6894606913402	19.6090187745892	-0.48525457715631	6.95577452430389	-2.82712939712389	2.05401840855653	-2.08611294940763	7.79237571369489	1.04220440250597	3.39106763518685	2.71358236349465	-5.50042282608021	-9.5235731416366	-5.8566651040272	-15.8366650184397	6.82792808557356	3.96700275885887
HG01765	1	IBS	Iberian populations in Spain	EUR	86.5781296343332	142.344413133139	-26.3474587554183	-49.910999844774	27.9741599096228	-2.78525331530573	10.9535082549444	-2.04256366997811	1.20484228151735	1.11581311005076	3.49286589216371	4.46044990496781	2.06207696862619	2.271429510524	-0.0440046740955662	-6.7443479588516	-4.05801171674967	-7.95597551549155	8.20971771112806	0.639220035393256
HG01766	2	IBS	Iberian populations in Spain	EUR	81.3452235030981	137.628708417044	-24.9615182300262	-50.1723745968114	32.3104975522248	-2.45638398862987	12.3849788245238	-3.82069865564135	-0.767403477953051	0.327203747653669	2.87973828365762	0.563022937239617	7.54265278546062	-2.37549009501074	-3.88929001719676	-9.52015898748552	-3.79373620720284	-18.2278259446348	9.44823561325661	9.38368685110788
HG01767	1	IBS	Iberian populations in Spain	EUR	83.7272262667178	141.170099590407	-27.3447537671341	-51.3179730474886	31.0269443311235	-0.21557133188885	8.38378798676587	-3.43230535992716	5.45983888641296	0.494165114786955	1.97996359498801	5.41938890396912	6.80384217361062	-7.10980264417299	-5.1038525432738	-12.0473481447488	-2.88438293456478	-14.7546420633716	7.5703811004913	4.89591789301788
HG01768	2	IBS	Iberian populations in Spain	EUR	83.0575466411131	136.230210126548	-26.1664048802577	-51.1314901131282	26.1096469314201	-2.24948704776835	13.0524644715262	-3.82168266556631	5.62661327600331	-0.206127564963189	4.91966533875183	5.57366441738175	1.97333859674966	0.385199729742535	-3.27563749198183	-10.1006592561381	-4.21689018159381	-6.60941035917951	5.37172907157138	6.06537996558376
HG01770	2	IBS	Iberian populations in Spain	EUR	86.1783531630352	139.481243968321	-29.2277923183679	-50.6431358099145	25.798696146706	-1.7614669313388	8.80089375707016	-3.0606935786675	-0.712213004727723	1.48675535771795	2.02197928071799	-6.07587140603578	-1.65489953717926	2.12631142458924	-0.372220041386429	-6.30782292723809	-0.627637912486392	-14.8469684717468	12.7942404952685	-0.389787362042608
HG01771	1	IBS	Iberian populations in Spain	EUR	91.1253678848922	145.102303392746	-28.8477819427267	-52.1752006620493	26.7069535574512	-1.86929320921419	10.0063477785905	-4.07377024773398	1.29670052263598	-1.1343675199422	0.816846631616379	-2.31579524100809	4.9275266399079	-5.60176125152775	-5.54964501882932	-13.4716226271254	-1.68484044983358	-20.3454289811189	6.31104047886444	7.42127438951328
HG01773	2	IBS	Iberian populations in Spain	EUR	87.9164247994674	142.239049763243	-27.697675133125	-52.6737254537442	28.5538240293311	-1.38007591976386	10.4215212380643	-2.99811045756511	-0.601499130561127	2.61052500758386	1.2400730468419	0.645874967202567	-0.485713944379128	1.34652527729706	-6.79124572464659	4.30594431527882	-3.8293247615833	-19.3121754177398	12.5344171688923	4.73806452357444
HG01775	1	IBS	Iberian populations in Spain	EUR	89.1124349359321	145.107961774889	-29.0405423879274	-51.9260035574207	24.7630070843641	-0.550430280203427	7.80850499952713	-4.16424150886774	0.402067117859805	-0.531707836270916	8.01031543062384	2.49425000964155	4.54894994087624	1.05169159251503	-0.814943333841915	-13.4299864087973	-8.33352913059527	-16.8350124928638	9.3319805044729	4.02237242661811
HG01776	2	IBS	Iberian populations in Spain	EUR	91.6673238462478	139.34145830589	-25.4889786497313	-50.3620493532112	24.9366515875181	-0.980749127904119	9.32037660108709	-4.83000175544137	1.63443131952488	-2.30298370150381	-0.781754299628007	-0.33040387395737	0.982098944193332	2.45291122326763	-5.98425733562749	-1.1634696770154	6.65984716407732	-20.1515070144603	20.1269666444758	5.64731151241113
HG01777	1	IBS	Iberian populations in Spain	EUR	90.2217712615745	141.10170173567	-27.8277552612612	-51.9567346453394	25.0485835405919	-1.78767781604711	10.563098202034	-1.73927272439434	2.4157979961532	1.0836833687723	2.87810841996619	7.4111995154581	0.0705621465420469	-3.15048138673024	-9.08276890833707	-1.6550146906689	-1.64056637176729	-20.0925889216478	8.75679521213825	5.91085661550996
HG01779	2	IBS	Iberian populations in Spain	EUR	88.5375005619276	142.180002246639	-27.4774523342813	-54.5935327958474	24.298400260942	-1.2901311357789	6.0384306329167	-2.10712486469387	1.80827009264044	-1.92241770498605	4.6305256394614	2.53847106017847	3.15554746834826	6.7537232367299	-3.50279172419566	-2.04956497588437	2.85646708809743	-21.1127123863301	2.12668287860964	6.26267960519123
HG01781	1	IBS	Iberian populations in Spain	EUR	89.1534650086925	141.137883472866	-27.2791270080052	-53.1062267235386	24.7437173565003	0.0828691228759945	11.5435602988925	-3.71613810940498	-2.40600619094598	-1.13052173323115	-2.01620611143937	7.27277951490947	2.72372650806237	3.95554562497419	-4.2831013400683	-8.08842016356631	-0.400342779138198	-12.3703850583655	9.95907045167437	2.87631955546714
HG01783	1	IBS	Iberian populations in Spain	EUR	83.2991672599112	139.982381442355	-26.2593463234416	-49.1625761451655	28.2351537819659	-1.21658172443946	9.3287190313744	-3.1094394954741	4.33229732861211	5.03355671607414	-4.14276028073037	-6.69734504958706	-2.18549691636334	1.8039984181584	-4.40561803756597	-5.03848684756094	-0.567695832324118	-16.6889596951153	6.90813029692932	9.92511111165643
HG01784	2	IBS	Iberian populations in Spain	EUR	85.1526711907817	138.798056223954	-27.3397916091556	-51.7885502411869	25.7816793623034	-1.14986942515778	11.9972724472611	-3.38787604854937	-1.28842181225786	-1.80814069266139	6.08425394734794	1.16632331975903	5.76925130916256	0.8266623861019	-4.9014643644729	-13.375475057918	0.435150488468761	-6.60885892873176	4.24372600584495	4.60856732241101
HG01785	1	IBS	Iberian populations in Spain	EUR	91.8292224744584	143.338286845176	-27.3345995978988	-51.6529013035346	20.2203581893132	-2.25800672782065	6.80918656323358	-4.41104187633561	0.627834650101454	0.00330247048727197	3.34622224151737	3.69259631098012	6.48739612123121	-2.90578257937203	3.48257342489017	-3.8928021022265	-1.79331637148374	-17.9937786626707	5.53291304202264	-1.55868970246002
HG01786	2	IBS	Iberian populations in Spain	EUR	89.7520582473097	142.682208248476	-26.2074577949034	-51.7238743188152	21.6363435286627	-1.72173422962483	8.15684997201184	-4.13205186286744	-1.04388674533897	-3.76768881684272	3.77985902223122	-5.29755805922117	8.67898515156307	1.86149884724276	-1.63266696652318	-4.54248467586608	0.631944342447886	-22.4136241668634	11.1805878186369	6.57137142991357
HG01789	1	GBR	British in England and Scotland	EUR	95.9296135565034	142.067001314495	-29.4387798367546	-48.0332222895292	-8.62797857395523	1.17584168065741	-4.65568292767421	-1.33237684727217	-0.497108602989905	-11.3472070010839	21.7515993293765	-13.0074110497786	-10.2672037589254	22.1947823548537	9.73885787381566	16.1854411278984	-7.18642421084171	1.58942296632771	1.18535223807817	5.12967106169138
HG01790	2	GBR	British in England and Scotland	EUR	96.6434529206995	142.361243376305	-26.4697456750422	-45.8411996564789	-8.8889552765533	0.884210329209255	-2.69116243721985	-0.757446516292738	-6.44293641814197	-8.21571576702597	22.2299720685902	-20.8275276726879	-4.97761730616383	18.8512381069832	6.72836108328687	0.980276446789893	-5.35031269679022	4.98235991569207	1.35815223446666	-0.446223989807195
HG01791	1	GBR	British in England and Scotland	EUR	95.4133784851056	140.629617603668	-26.3732099714368	-44.9544764626409	-8.45461151131737	-0.755958237780529	-2.32320408775048	-2.54490348788021	-6.86835096417841	-11.7086768147401	26.463981924482	-16.8404134348222	-2.28377358301592	24.6769655712485	3.6202861404664	5.7057228382336	-7.56490752547288	-2.82039104345853	2.67374104351094	-1.94574459486258
HG01794	2	CDX	Chinese Dai in Xishuangbanna, China	EAS	116.091216149457	-180.935210987693	-8.96072795607719	-46.3297678702826	19.6076377481208	-2.39078782801817	-55.3963396214672	2.46311067689222	-2.16864425731599	1.09532825289378	-2.25538647823805	0.548097571923801	-1.08081513430118	9.08351937498406	-20.6871551136379	-6.63781155080275	1.07713405350986	5.73195246278906	-3.09027580654263	-0.884954750856154
HG01795	2	CDX	Chinese Dai in Xishuangbanna, China	EAS	114.849312929011	-176.07378526772	-4.95323848084861	-41.6946447097839	18.8934747297295	-1.0020446547398	-47.2408341383345	1.05612457985083	1.94995898894645	2.36159452343522	-1.20717904013773	0.200072765748196	-3.40524505381891	10.4910085889539	-19.0068445953895	-4.41874881582678	1.57957725956677	3.87599079076469	-6.64049067425958	-0.815723523013689
HG01796	2	CDX	Chinese Dai in Xishuangbanna, China	EAS	115.453777094861	-178.211714862814	-7.09503694203099	-42.7146674871726	19.4198378143752	-2.11745163456728	-53.0520960068857	0.743842752422496	-3.52296633824537	1.28640539553616	-4.91480152464275	5.17802828670027	-6.10826034380089	11.8803770168639	-23.537137115988	-5.83555659201594	2.6455378279149	4.32197025820001	-4.96421365304982	-3.98291698854528
HG01797	2	CDX	Chinese Dai in Xishuangbanna, China	EAS	115.638440978231	-177.814711011932	-6.81758672912094	-44.7054730885154	20.9616367896612	-1.62032011707095	-57.9179690582762	2.48136798252892	4.40862133187699	-1.8250664469446	-0.790633107947065	6.06011954262156	-3.67160654347304	5.36453260066798	-26.3245089629107	-4.08922638402358	0.101935930638466	6.16017480417318	-1.17584857472281	-1.5297214044831
HG01798	2	CDX	Chinese Dai in Xishuangbanna, China	EAS	116.410789407392	-176.036013913556	-14.3239540344428	-37.6451811851059	2.72219694224619	0.846233472856707	-6.54767962459831	-0.607671005643708	-1.18270003816876	0.369054681015083	1.60145777205155	1.09534583910422	2.81235290309833	-2.69653332036744	17.4343001985658	7.79311159122626	-1.31784682560495	-4.50599063608372	-1.50843863876338	-0.781029453804009
HG01799	2	CDX	Chinese Dai in Xishuangbanna, China	EAS	116.977209656807	-177.985763104888	-7.74348875861661	-41.801867532922	21.296011520635	-0.67940213801162	-53.7617174119313	-0.0819462359574595	0.251701348377414	0.63672359139963	0.0296680374742921	3.11605645407253	-5.46709883582297	9.69410616692636	-23.8372815106972	-7.30183559924345	0.48831920502937	3.67372716110313	-2.09371802028317	0.00303172811077696
HG01800	2	CDX	Chinese Dai in Xishuangbanna, China	EAS	116.234029527608	-179.267924686377	-10.0335414597777	-43.667961682135	19.7352402849036	-1.70705764291946	-49.4376456477031	-0.31688061836431	0.186341607206634	1.0821864454813	-0.128688668327616	2.07018589197399	-1.23422228725234	6.04306214735437	-20.1026480234888	-7.24436267895948	3.82275073252651	3.68804982501885	-7.30405567543976	-2.09949749000743
HG01801	2	CDX	Chinese Dai in Xishuangbanna, China	EAS	114.134205584083	-175.726599616871	-6.01237598205087	-43.3159763938191	19.0869137691731	-1.53050327163511	-55.2845036622035	1.4997645445404	2.07885673438744	-0.697627034482357	-2.84527927636192	0.228313320656005	-6.41517860354717	10.018548393677	-25.5077603663104	-4.63958898487362	-0.207742307042131	5.68121736487297	-0.887238719858825	2.47889894720255
HG01802	2	CDX	Chinese Dai in Xishuangbanna, China	EAS	114.351809807808	-178.654637755842	-8.46785547331571	-41.908051448823	18.1307951178502	-1.25033563887532	-47.3707848133273	1.00911985187202	1.35982092695149	1.24800418411678	-1.23789700825475	-0.244979709661703	-2.99622104612858	6.99632136550843	-18.5666725661529	1.30163299013093	0.164673643583163	3.18389720289474	-0.613998036339597	0.574152609145558
HG01804	2	CDX	Chinese Dai in Xishuangbanna, China	EAS	115.956315480067	-175.872889994927	-8.90612602635655	-41.9988432915729	18.3384725886591	1.24879500084084	-50.8906141269526	0.862162345036421	-1.61342300567116	0.735159730723021	-1.89435010689269	-1.38862969099841	-2.88985854601634	8.30129245334569	-21.359903051672	-5.47633319343246	2.08929170724052	3.24642505122412	-4.52152875121527	0.695239656016789
HG01805	2	CDX	Chinese Dai in Xishuangbanna, China	EAS	114.393044613802	-177.460672047149	-8.80352770053205	-44.2542427421417	20.691887950579	-2.56686639056885	-49.6167396088588	0.952786648499018	1.28788773464782	-1.60139654584284	-1.64231517514287	0.0700508314933471	-3.72009945771982	8.98800822953702	-17.6811093627225	-5.77333721013382	0.683147125146147	4.29755663066716	-4.21176262366517	-1.59203994106822
HG01806	2	CDX	Chinese Dai in Xishuangbanna, China	EAS	113.951810148454	-177.946483825263	-8.34114799031038	-45.9280327447843	21.6168740878414	-0.263194075769898	-52.4040899127309	1.7750981047433	-0.860692371549216	0.694393938791507	0.810418545071776	2.57940781055468	-2.89759595609044	6.8136521961241	-25.5713105980953	-2.92926776332156	-1.61237390690994	6.01175781166683	-2.56102698702269	-2.00849956788331
HG01807	2	CDX	Chinese Dai in Xishuangbanna, China	EAS	115.734293869268	-177.770460809435	-7.5117000756085	-44.9165911020796	20.9001109629212	-0.286065314983488	-54.1110161324015	1.57024598769155	0.957186351402401	3.1513279426329	-2.61702234392824	2.34418036499077	-9.16559116369926	8.2784745921744	-30.2621726666584	-1.83463042074044	1.6769264949178	9.96804259296279	-3.622207258414	-2.71500902267384
HG01808	2	CDX	Chinese Dai in Xishuangbanna, China	EAS	115.333736494745	-177.027982672041	-8.4035791100789	-43.5973060026351	19.7165043282425	-0.124347627655502	-46.4038804974434	1.64502777059329	3.1090013458515	1.21287725736564	1.71243019476767	-0.0248752039144348	-7.8825054825418	4.35630138117317	-23.3850806405943	-3.33474173921252	-0.954011719759155	1.50024443632445	-1.14044120900799	0.0357946761393634
HG01809	2	CDX	Chinese Dai in Xishuangbanna, China	EAS	114.88109779858	-177.332105684992	-8.30916099501071	-45.7851912567732	20.4491480400225	-1.45026173922026	-53.0334120696965	1.14598666871803	0.906627885015924	0.223973862307886	-1.78539729576335	0.432267422373515	-6.46447913244097	7.98588318555887	-24.7718419169751	-6.42207025008512	-1.64200678945936	3.45541675161668	-0.190467965385263	-0.730405157238324
HG01810	1	CDX	Chinese Dai in Xishuangbanna, China	EAS	116.675584664183	-176.947575017352	-9.1577046385302	-43.1576922767067	20.0766489065932	-1.91217063499255	-55.1182175607351	1.14013244332475	2.14282790498169	4.40477492746906	-0.280248981258531	3.46610872519032	-0.763782287701703	5.63203608558935	-22.1132401765612	-5.01562416500469	0.773826003665882	2.68045832031477	-1.89725252310167	0.610905490144627
HG01811	1	CDX	Chinese Dai in Xishuangbanna, China	EAS	116.078615228368	-177.25173850627	-7.79961341519388	-44.6245164814191	22.7710147234509	-1.94578845487077	-55.618278648399	-0.15247862865344	-1.26695383221739	2.37663469435736	-0.728979187757494	-0.0987377896776556	-0.964035891065708	7.13311562451427	-21.0179135292575	-8.45178447051363	1.59412852904608	5.44285848060108	-2.90189772649152	0.511283299597925
HG01812	2	CDX	Chinese Dai in Xishuangbanna, China	EAS	115.666280508383	-179.586109814802	-7.6384080590251	-42.2973142038764	21.1910277829478	0.0648013747781457	-50.5306213484131	0.997049954718278	3.25695481983032	0.0661499599910526	-1.31046402000179	0.390279890835507	-2.52520546085811	10.2017074974043	-18.4427517492158	-5.92990685899287	3.8690463484128	3.72892592811434	-2.09844051116313	-1.92077058341997
HG01813	2	CDX	Chinese Dai in Xishuangbanna, China	EAS	114.149643010862	-177.295186428042	-7.35075201354687	-43.3299088462941	18.1658440932029	1.57193468486797	-45.0348495092694	-0.200968999862328	0.831218937712551	-0.0475776905263965	2.0821407424013	3.59971760143603	-2.30912807625009	5.08536349212642	-19.4431705374094	-1.9613671329923	2.98793591385042	2.80840041471608	-3.74417214016616	-1.06843953684323
HG01815	2	CDX	Chinese Dai in Xishuangbanna, China	EAS	114.901259036739	-176.290230735742	-7.89272326505596	-42.6087163307655	19.8007962077561	0.388194945931281	-52.8286592194878	2.29740864505668	2.94403006776342	-0.275892322679299	-4.99005683666631	2.71784416317118	-3.74620726715314	11.5364654265896	-21.5066548610027	-8.06405258563614	2.75526888743153	3.02528007355944	1.16801398061772	-4.42759905976736
HG01816	1	CDX	Chinese Dai in Xishuangbanna, China	EAS	115.530833016117	-179.136587639083	-8.50220563614434	-45.5656989015336	21.7489410483478	-2.21809296386784	-54.3144780877328	3.32419116271083	0.585192439199963	-0.6415242039469	1.59137692612414	2.26943085489876	-2.55855301570688	7.9152903310762	-25.8242925303815	-7.5492740309003	2.76763765928028	8.6860451228259	1.49969473821843	1.24504952358073
HG01817	2	CDX	Chinese Dai in Xishuangbanna, China	EAS	113.415798272322	-178.216602696973	-5.41173146446949	-45.1263052371294	21.8994817500504	-0.112316792589048	-54.2576830809	2.9478371369204	1.3906015407935	1.93675980488634	-1.30101437007738	4.32259073507885	0.118310845646256	11.1009630813863	-22.7188578771764	-7.71049456818683	-1.08426518156623	2.07602071410962	-3.00447901996637	1.23127918038042
HG01840	1	KHV	Kinh in Ho Chi Minh City, Vietnam	EAS	114.72447549146	-176.168907104866	-4.77315619146496	-43.0586031033659	15.4066667894339	-0.159211532254062	-35.3904349432096	0.308774937525016	1.5847658999769	-0.163809372396032	-2.10450888502642	-0.534675944967421	-1.0753293592213	5.73207791740215	-12.2927725683986	-1.64473293111761	-1.84102279336431	0.49774981246136	-1.26727397754421	-1.45454294550466
HG01841	2	KHV	Kinh in Ho Chi Minh City, Vietnam	EAS	116.008920042113	-174.051004079103	-7.68522960614931	-42.4727161121464	18.2233297014518	-0.870010020270307	-43.2136646509467	0.799498750129029	-1.88950109370155	1.33544120417312	3.51111050578867	0.968954382996016	-4.11276406821608	3.31126691293294	-9.8714227890292	-1.03385067197016	1.90369889694532	0.819025036661787	-0.674197526244595	-1.28308200004701
HG01842	1	KHV	Kinh in Ho Chi Minh City, Vietnam	EAS	114.826442448046	-172.932396867805	-5.64569256834423	-45.2116611439437	16.5030989209468	-2.74368348799016	-43.3215585063535	-0.539758079833236	-0.953355905141145	-0.802244421371947	1.13896883825953	-0.238310556694562	-0.585219708539022	6.77682426976994	-10.0348771202554	-4.10780776262911	-2.22767006953329	2.87724180926627	-1.69703841911244	-0.749187027196136
HG01843	2	KHV	Kinh in Ho Chi Minh City, Vietnam	EAS	116.258595497636	-174.415818203778	-5.28600498694687	-42.4708713024145	19.2474261222847	-2.75981040899535	-42.2023789826579	1.67916032010869	0.814727575463877	0.731223056781761	2.5854794798468	-0.130210100213056	-3.20743224958389	5.27008266713554	-16.9385939217118	-0.0303279930753846	0.83105559064797	5.47532059313954	-2.65646050321826	-0.772827897045798
HG01844	1	KHV	Kinh in Ho Chi Minh City, Vietnam	EAS	113.804024678705	-173.318778316563	-6.79114456005538	-39.3529721596249	17.5744958162459	-0.13025568292546	-41.4028684156532	0.881842761354108	-0.609811219378135	2.08136687214448	-0.595561782677783	0.420766228059745	-1.33879246252008	2.81566329255669	-11.9850595602936	-2.488297457298	-1.00053643048975	2.17414547347909	1.01781604242033	-0.0758034707544041
HG01845	2	KHV	Kinh in Ho Chi Minh City, Vietnam	EAS	114.469661136036	-173.616378418205	-7.2389688454374	-40.9010007134243	15.2746306209627	-1.18174720029594	-42.8664835834524	0.150150769661729	-1.03849897537116	0.0303258109727583	-1.14184248368475	3.78798633244581	-0.183697168000648	5.19738050857403	-11.4168430831379	1.40968723834358	-2.73940767519826	5.51463244202851	-1.7302115048794	0.12706121374799
HG01846	1	KHV	Kinh in Ho Chi Minh City, Vietnam	EAS	113.187263648864	-172.548303281555	-2.38013637215421	-41.1178463258494	16.3793174885926	-0.651451625458006	-40.2504989360844	1.14039460229922	3.35468770328627	-0.736157834277973	-0.794747407460658	-0.833147262084247	-1.17440549330877	2.89920079868252	-11.2371378649747	-0.504872015379635	-1.01596685958849	3.16976839078278	-3.40860336054242	0.510012679862605
HG01847	2	KHV	Kinh in Ho Chi Minh City, Vietnam	EAS	115.159873967495	-172.352559061829	-5.01501879940784	-40.0105206813107	16.374097010854	-0.139408225155812	-46.0923639165329	1.18751719507935	-2.32225205002223	-0.817029083737302	0.16826004226269	3.44858188948732	-1.18901021727944	5.73179233666634	-14.7555246329073	-7.57244150145546	0.694122068119484	2.80449559834032	0.598206538358136	-0.419532448121962
HG01848	2	KHV	Kinh in Ho Chi Minh City, Vietnam	EAS	113.818784791767	-175.096881081031	-4.74463997039758	-39.7873253836796	13.1609244057	-0.352061796395406	-38.7805645269729	1.50997631675423	0.208682083972453	-2.02859563476251	-1.61481122899715	-1.55635915689351	-0.349221258095633	2.00063249375139	-7.06649381323069	1.38675300273792	0.557308701584817	0.873780261269151	-1.70845085739482	-2.44531663023663
HG01849	1	KHV	Kinh in Ho Chi Minh City, Vietnam	EAS	115.640285942429	-170.251217386867	-3.89040467274521	-41.901876798188	16.9349274588055	-1.7166914045726	-43.8093759669443	0.153239860787264	-0.146704128617893	0.759806670383431	-5.4093471852951	2.34557099923145	-3.04282959578812	4.51928546059536	-12.3811641680367	-3.05345041710694	1.90292058247502	-0.799998899264451	-1.43196575721252	1.48280094977102
HG01850	2	KHV	Kinh in Ho Chi Minh City, Vietnam	EAS	114.259379335692	-172.68622279721	-9.52918531740085	-39.0874531317724	14.0503526274627	-0.249071100683959	-37.2223079684178	0.762405636215383	-0.0623459587384432	0.949472284528775	-1.11156136491004	2.30609601019336	-3.6619332391438	8.07143810684928	-14.6606264756762	-1.62327589697648	0.738360248572217	-0.698057886769093	1.11428533015769	-0.0253080971730394
HG01851	2	KHV	Kinh in Ho Chi Minh City, Vietnam	EAS	115.730612267119	-176.707317144739	-8.69312095477961	-40.8983913525235	18.6219219768562	-1.24412922721157	-43.7283340639799	0.319780592935118	-3.88377510540933	1.85676375035312	-4.5642407887416	-2.8245818329634	-1.50607270867695	3.78955571094394	-16.4555927194046	-2.07579532274744	-0.127581538580525	-2.45685655667028	-1.14722698783613	-3.23508156093484
HG01852	1	KHV	Kinh in Ho Chi Minh City, Vietnam	EAS	115.842810101568	-171.929852680615	-4.47006074054025	-40.5644054528467	14.9797309489931	-1.87559616801749	-41.4868140539123	0.0148206213287944	0.758187981478303	-1.71763146889657	-1.79247893865239	-1.52661473521401	-3.1608707419066	4.54539451870406	-11.6684153274033	-4.72144685624705	1.69933711004013	3.77210219663848	2.74894464213535	-0.768082256454186
HG01853	2	KHV	Kinh in Ho Chi Minh City, Vietnam	EAS	115.34970791115	-173.377589485867	-5.97432330537681	-39.275616757116	17.4995464725191	0.511460943179554	-44.9386634961185	0.166192042697253	1.93960831252566	0.816653128923781	-3.90311998079974	1.39892084639202	-4.35747896911401	8.2486368667494	-15.1171315607394	-4.45757400686633	0.597326342110275	2.54718890829404	-1.98332364280271	0.817239005081444
HG01855	2	KHV	Kinh in Ho Chi Minh City, Vietnam	EAS	113.697733386751	-170.793499871816	-6.03628099364529	-40.5985520753426	16.2149343291858	0.084856538233682	-39.349717274636	1.44911172679162	-0.25325536948767	-1.70813840631356	-1.49438105557988	0.826857355668644	-3.31575759962307	3.52558286265885	-10.8704409970757	0.411236353180529	0.894996914601049	1.25282379005616	-0.764500290192979	-0.969124158912905
HG01857	2	KHV	Kinh in Ho Chi Minh City, Vietnam	EAS	115.4160110521	-174.253611356869	-6.84237125645582	-41.3030477573179	16.0773546742145	-0.759562024931016	-39.9959406387926	0.872277741817242	-1.04618300584099	1.07962641354155	-3.24012134231424	1.90658240150899	-1.67728361542113	3.99340914561311	-15.8495538432933	-1.57037800274776	1.15952520461411	5.24137214586766	-0.115813078060855	-1.41894336564634
HG01858	2	KHV	Kinh in Ho Chi Minh City, Vietnam	EAS	114.345904077108	-176.169271223202	-5.05153516346223	-43.8151814747674	16.8358789487452	-0.388844125145132	-42.6209109275507	2.55609271136032	0.789275750859249	-0.945594212449563	-2.14460341571327	-2.11237036610556	-3.08728480171902	3.72422533053994	-12.884962589985	-0.196449616462387	-1.31164832093745	-0.838266292294376	-3.7118677322913	0.085331688856577
HG01859	2	KHV	Kinh in Ho Chi Minh City, Vietnam	EAS	115.796512977583	-176.961280274269	-9.2181410284711	-42.9770163032367	16.4878926825725	-1.98470123200512	-43.2844600767416	1.58815471023236	0.363053200743327	-1.5251577407098	2.24309971581748	-0.909900107005085	0.294116266388569	5.66715794380648	-12.6121749976962	-1.22433817201059	0.947067072739849	2.07969533471782	-3.08235214420043	1.12271253171448
HG01860	1	KHV	Kinh in Ho Chi Minh City, Vietnam	EAS	115.379467264085	-177.465984107906	-6.95790387961432	-40.9169233805517	20.7120700690443	-0.362575082550203	-46.7540140352098	1.3220014325681	1.71987374758763	1.26036389039101	0.823566311644759	2.04222043858164	-5.41705653953448	5.58544501846254	-18.5102588060296	-2.16122455763633	-1.04581109833117	4.67376447521298	0.546523148198714	-3.64983585708561
HG01861	1	KHV	Kinh in Ho Chi Minh City, Vietnam	EAS	116.598758031737	-173.507134052772	-6.58471185562278	-41.2198167533802	15.4345301627988	0.343163265498283	-36.8260149896779	1.81667356095683	0.504259445611529	-1.83026268668624	0.184420844429831	1.77212158428155	0.89215136041813	4.39112764424068	-8.17201077440946	-1.54456777406917	0.282956094929774	5.17136146327937	-2.04260032198888	1.73248083878812
HG01862	2	KHV	Kinh in Ho Chi Minh City, Vietnam	EAS	115.078759218745	-174.636011647737	-4.10935950314238	-42.2961703753704	14.3541752856806	-0.786600411629746	-38.8944047427532	0.990508258104683	2.25825450781187	-2.62470549854101	-1.39245050988621	0.164908936542462	-2.59621962496536	1.259126026202	-6.03656553455835	-0.82100261877808	2.24925966889225	3.16150400771148	2.11235507999258	-2.29284212728304
HG01863	2	KHV	Kinh in Ho Chi Minh City, Vietnam	EAS	116.004555175984	-176.401985556791	-8.85870086789151	-40.0781405991544	13.9086612555548	-1.3342479118005	-39.1571051916381	0.179095832414106	0.429279291484323	1.01622527089139	-2.06530967542573	0.113579607433086	1.38849881366635	5.37197195300907	-5.70785183546222	-4.00292236894403	0.662505832727575	1.77591928662353	-1.25193496735772	1.63865038857206
HG01864	1	KHV	Kinh in Ho Chi Minh City, Vietnam	EAS	114.254488277726	-175.287772332184	-6.85924322758642	-42.0268398290603	15.9985662944447	0.94705758988843	-37.5823122984215	-0.231260555102169	1.80988189705948	0.656261573166187	-2.65654585058799	4.24075440676041	-5.44154716312637	6.47012610849499	-12.5232816643313	-2.79948335861915	2.39187475827878	5.78234336537277	-3.71217822244099	-0.0646850347566084
HG01865	1	KHV	Kinh in Ho Chi Minh City, Vietnam	EAS	115.867074452298	-175.841878753487	-5.76956889638847	-42.6570283089057	17.4041288468453	0.812325710214887	-45.0228274437506	0.9652768362986	0.533405363432337	1.3770667683392	-2.74364807437818	-1.74780129486025	-3.32424918875743	5.89698274644878	-19.174915457317	-5.8762147721554	0.386020396348638	0.68900517945965	-0.790563394530282	-3.36136601345087
HG01866	1	KHV	Kinh in Ho Chi Minh City, Vietnam	EAS	114.143419027167	-170.972784694812	-4.3915618460179	-37.4946089512289	16.9339700192529	0.140099094135205	-45.216798378072	0.509784096024501	0.354849402165221	1.5387513042617	0.117315937575008	-0.966806674369991	-2.04432978251268	5.47695650136976	-13.0524043183416	-6.61587608663438	2.62441940817232	-0.070958566533511	1.94474259797675	-0.00540910811329768
HG01867	1	KHV	Kinh in Ho Chi Minh City, Vietnam	EAS	114.580206888392	-170.781365213838	-5.36072153701725	-40.2926470109018	15.759695045228	-1.08404024026586	-41.0918043622444	-0.641625647996231	-1.60406340685086	0.784422945893072	-1.03203015447859	-2.07523686526363	-3.42923914419647	8.61845651866868	-14.7289987687836	-0.638846961223274	0.164625844596833	4.62004674512841	-0.18572647183861	-0.855876616696932
HG01868	2	KHV	Kinh in Ho Chi Minh City, Vietnam	EAS	116.679612724212	-173.609296044337	-4.89379442764379	-41.6855672494924	18.3953879319078	0.711528213509185	-45.62724557599	-0.725986424070743	-0.200765065638299	2.25523143473288	0.140238905140811	-1.42439729725097	-4.86076546004874	6.41659126567451	-12.95947579463	-0.848594606532192	0.187083048924782	-0.747123505445893	-1.68220018851865	1.55231345106467
HG01869	2	KHV	Kinh in Ho Chi Minh City, Vietnam	EAS	115.221188559055	-175.517470943809	-8.21681742852109	-43.2444972466112	13.3728653966531	-1.99523589995531	-42.8334406502346	1.5611923834336	2.55895675758365	1.01555016609684	-1.03746956211385	3.04617060855411	-2.53798334294863	2.46504703578772	-9.47357181941127	-0.785894119322566	1.50760600802892	-0.636385837027202	-1.33042933317472	2.43826411245609
HG01870	2	KHV	Kinh in Ho Chi Minh City, Vietnam	EAS	114.679429782548	-175.097395827245	-9.52665379699654	-41.3432902262021	17.2226730934989	0.804212077227003	-41.9098671268705	1.1876391503862	-3.63224548013809	-0.311939384218479	-1.03462314120844	1.69712984823954	-1.48092663324152	4.71636326866467	-11.3164236511989	-3.09230363597134	1.61814771646433	2.25217931878861	0.0240327134234971	2.03075529638059
HG01871	2	KHV	Kinh in Ho Chi Minh City, Vietnam	EAS	115.49798546513	-173.837695861009	-5.22603831423335	-40.7629840247512	16.0814868284693	-0.651002844050915	-41.4281964158612	1.72659695262023	4.24695527479049	-1.13655982685213	-2.73439365416164	2.27346981172623	-0.0859026294567959	7.17779710922924	-10.1830839205329	-3.82143960818865	0.248332975224882	-1.27106960513901	-2.60820561788511	-0.149036925310711
HG01872	1	KHV	Kinh in Ho Chi Minh City, Vietnam	EAS	114.186038192346	-172.606791826737	-5.9517184566732	-38.3913723151961	11.3631817781227	0.348273282774266	-33.2814206151341	2.41221881041196	-0.34561069752116	-2.50831182063213	1.12470744429833	0.874274266236333	-3.27089562049833	-1.79633473496283	1.59784716565014	0.0716909548578444	0.257431642264272	-1.59279976229328	-3.65462200941912	-0.00902608497518071
HG01873	1	KHV	Kinh in Ho Chi Minh City, Vietnam	EAS	115.658908958677	-172.85678367491	-7.06296307633337	-41.6257723422809	18.1371947119317	-1.65696446485834	-40.2441870451039	1.38225827461311	-1.02198466068429	-0.054220837285929	-3.78561071711299	1.35571824872356	-2.15942860765557	6.47734715509316	-13.5660863065768	-2.28747940025313	0.241700318232426	1.76833131005846	1.86712334844417	-2.40044101163367
HG01874	2	KHV	Kinh in Ho Chi Minh City, Vietnam	EAS	115.358094930144	-173.025549771926	-6.18480132605305	-39.6928109307774	15.617854152436	0.112466096526311	-39.7791951815378	0.835028464182313	-1.95766566188496	1.32822397590232	-2.05213456646736	0.538248041642945	-2.34806919319264	3.95073739567035	-8.59897974454153	-0.180404312464625	1.63541570789178	1.94209858873222	0.0845665045004599	0.30706479338714
HG01878	2	KHV	Kinh in Ho Chi Minh City, Vietnam	EAS	114.898434308569	-171.047067124444	-5.56351710922773	-40.9919708983012	16.8637425282745	-0.00920914941519599	-41.6436390330804	0.729532763270405	-0.24160491824891	-1.14666668403144	-0.297745597584499	1.92055312281526	-4.09458964682569	2.99817217761072	-16.3668134340221	-7.03444896038553	1.47131337876217	6.32132199578738	-0.794200231211517	1.48541539237944
HG01879	1	ACB	African Caribbean in Barbados	AFR	-228.370577235228	4.50645110329476	-3.66434851802392	-7.93517018544106	-2.36934726907373	9.38405532412372	-2.47069296317	-11.780889890785	-4.04689229272775	-5.8388784651762	-3.03285471598897	-6.17960854635179	-0.954936747602578	0.897244588186019	-1.86224811433724	3.08137415243337	39.2449835563291	16.1943181514468	-5.13714584246475	8.30973837990767
HG01880	2	ACB	African Caribbean in Barbados	AFR	-117.241194814413	-7.11553548447642	37.7022321855002	14.6627278131906	-3.46199484798277	11.9538465508127	-2.28821415292988	-15.7258664727012	11.4105651652584	2.9597856076973	1.9504460857875	-1.46622958849574	-2.0282323774315	6.8843662323871	-11.180925364648	3.16978293511023	0.829100115096032	-18.3393848714987	14.4827852811337	11.7041643973152
HG01882	1	ACB	African Caribbean in Barbados	AFR	-278.390669054933	-11.936991850014	-1.05939258106476	-2.73438938889991	-5.2524167452552	12.3178291833492	-0.799263305215697	-19.3515696668229	-6.37711581403869	-9.41853362485261	-0.567878548800874	-4.34396786611737	-8.10468077372548	-4.10108156326489	-1.28686271358505	6.61654185768031	22.5983333169738	-6.23115812278101	37.4383815933265	24.013017492883
HG01883	2	ACB	African Caribbean in Barbados	AFR	-236.947816358652	4.37240375904124	-2.96593494545118	-7.98260261236009	-5.0127689446151	6.18512449539516	-1.00708981905846	-22.5704187931018	-1.19748256970184	-13.1595701987087	0.771781805112426	-6.3026858605383	-1.38938367062915	7.91188953514344	6.95220102949506	4.81984388940784	44.387826972162	-8.04782529866874	1.64744713714462	-7.7025825032951
HG01885	1	ACB	African Caribbean in Barbados	AFR	-267.442889785724	-6.12414617966764	-1.042805991195	-2.953371917013	-2.57956656975441	8.52647461937492	-0.798974978224178	-12.7281255225094	-1.45238141355419	-4.18278480904829	-2.23012209302442	2.63970086927583	-0.424853787190816	2.83375302855719	2.79009099057313	-0.297275276169953	38.0173616616486	-13.1443563191527	-10.1780418006181	25.0678326434087
HG01886	2	ACB	African Caribbean in Barbados	AFR	-245.008840670545	1.41597250359983	-2.90780174174853	-3.31432705518322	-2.43845873819185	7.44321353695191	0.359530071626169	-14.8976649990014	-0.605905112509919	-19.2956198165575	1.96416103019057	2.44927276305083	-1.87593141459915	-1.00093982930034	4.30879455768431	-2.67312908758304	26.3869283245127	-4.46231642647002	23.6269203583532	-6.33199478787448
HG01889	2	ACB	African Caribbean in Barbados	AFR	-279.724089585491	-12.539100807084	-1.78574775547878	-0.791251601025652	-2.30209919188353	7.4369867187644	-1.92989749979593	-14.9526812021895	2.94723360009694	-10.231326847218	-11.7642705716559	-3.13707790896219	-4.74808530977165	-0.197381868584467	9.69122611597076	-5.75047338128548	21.0639848138153	3.12785001512391	0.426303729915988	12.4124836561916
HG01890	1	ACB	African Caribbean in Barbados	AFR	-243.139065336402	2.1857580823391	-5.81690739084093	-7.2222875226225	-2.41368900952678	6.94063851673658	-2.00618406361057	-22.7474162309778	-2.16243879626671	-8.11807900587703	-2.81774800907636	0.343486194541723	-4.08840156560554	2.17392882881387	2.11946425439813	16.6489247768069	53.4432563916626	-8.02376108912608	-3.47738592959722	-16.1344495684715
HG01892	1	PEL	Peruvian in Lima, Peru	AMR	87.5545856994376	-24.0444065312199	-130.61138131379	160.612931997068	-5.21030270458181	1.93592715492696	-7.25840091389597	1.66290236023578	-0.136690923846486	-1.80456563545017	2.07073025856793	-13.8752457041705	6.87041119708206	-8.39720085739793	-3.00218282589237	-4.52798498696333	-7.28826867792055	-15.3860479207397	-5.85906948618743	0.312232799113634
HG01893	2	PEL	Peruvian in Lima, Peru	AMR	62.101358683667	0.7802480611581	-107.846171028408	118.012486314542	7.34443881407016	5.49064594024578	-3.17851261958398	1.67149865023647	-0.906109940903463	-4.72227372777994	4.6242980849597	-7.45944207986458	4.70208316987105	-6.7009777688636	-2.58336833754272	-7.30466843863665	3.48526534876365	-16.8630301255938	-5.00694724156064	-6.2046356183572
HG01894	2	ACB	African Caribbean in Barbados	AFR	-258.032581121306	-3.91762110698674	-1.92158397702696	-7.14123507146122	-3.80576147179514	8.59595069878347	-2.32369158592603	-20.8324722144539	-1.33453960788489	-11.4565682370259	2.34960020502814	1.3211725903928	0.590880084570025	-5.27780604227391	5.33064267335148	1.57802165408036	36.9100960983613	2.38550331990196	8.38327538422113	-23.9886129387337
HG01896	2	ACB	African Caribbean in Barbados	AFR	-278.927741276121	-12.6467673041592	-1.10370885493987	0.414129653307026	-3.32820072367492	12.5798821390561	-0.462431958055634	-13.785073614151	0.195029988954789	-13.0078996440885	-2.05957208269466	-0.858948932244235	-1.54355818196981	-1.95140620332188	-1.29407636740351	0.348243997079318	47.5339624583253	-4.71782685927614	-22.1181439616568	-11.0881864737851
HG01912	1	ACB	African Caribbean in Barbados	AFR	-254.928792534353	-1.12822434165351	-1.65063704639873	-5.56922645803165	-6.4290539393534	9.81647698316037	-4.62129094687691	-15.9087124647901	-3.07720447806719	-8.21278417485139	1.01176806482224	-6.18222097217798	-9.9872198717147	2.57118192041888	-11.8189166489834	3.65314715367122	29.5482377006918	-6.70138986946465	11.2197687974343	-20.058357907764
HG01914	1	ACB	African Caribbean in Barbados	AFR	-230.294889437266	7.14823627107732	-3.98248543849881	-5.76856243811138	-1.43638392339486	10.8409441192988	-1.40306568484808	-15.5126555020998	1.34002154694728	-12.7679793207472	3.44005304147155	0.709183652134565	-1.85479305098175	5.99407309873202	-6.59809298979332	5.76806292936911	0.465356569865229	13.4252400233645	14.640518224056	-10.6754626020081
HG01915	2	ACB	African Caribbean in Barbados	AFR	-262.44902434548	-6.96171197695034	-1.02932468783142	-2.66997415600248	-1.53758130892328	2.03259732565166	-0.527356392841432	-16.076776128536	0.421424022842494	-20.9749214958494	-14.8675252592125	4.09056191928309	-5.12808133698305	5.30334949429805	-5.12037625239237	-0.690534668085275	56.8624384360016	-3.7901819442737	16.647523171036	2.16701582059738
HG01917	1	PEL	Peruvian in Lima, Peru	AMR	112.980670084977	-41.609033269967	-153.011697573601	200.288254037205	-9.33993219735209	-0.735191753114722	-13.0847210874583	-0.492683422610686	-8.83496232780068	-5.96305413969456	16.8966193378029	-25.210559488713	18.0602527955368	-8.23992582471405	-7.13677444460755	-12.9258063669629	0.436254277547029	-35.1173254432514	-11.5442712525383	-7.56535305370178
HG01918	2	PEL	Peruvian in Lima, Peru	AMR	113.561139112884	-25.2431688702868	-138.018891826404	172.918936793234	-1.03233337115283	0.309431244210371	-8.7008530868132	1.09878408013598	-3.80824073748856	-2.69146309496498	9.14463236003628	-15.1780014799603	15.4899635046122	-7.11972488570078	-8.17893177989016	-10.2331443270893	0.279523095976554	-25.6114187924188	-5.03820373339553	-5.10371962824168
HG01920	1	PEL	Peruvian in Lima, Peru	AMR	122.403222553914	-66.4117666719782	-172.23869672547	234.958763657047	-15.5794072038983	2.13198815171176	-15.3004632212654	2.13508889355723	-5.42198210059091	-6.87925857382942	20.9599080414267	-27.564390722406	16.1809910191802	-10.7616259264181	-11.5332420191879	-13.9005363557658	6.04027590385878	-36.9640439327479	-12.5812498480853	-5.4377208516984
HG01921	2	PEL	Peruvian in Lima, Peru	AMR	112.79195876259	-24.0215491543764	-136.155844550737	164.647848665361	-2.51721083529331	1.65878032458698	-5.02101107796785	-1.85676224861923	-0.996533018654348	-0.430857617663831	7.72980364654092	-11.0320454109456	8.16855437699539	0.226393916391092	-6.09254495794648	-4.40046678152362	0.373309187546896	-9.71490572073405	-1.25873584565105	-0.974604972953658
HG01923	1	PEL	Peruvian in Lima, Peru	AMR	120.257835645394	-61.9100625761032	-165.275304355099	219.186505442253	-11.0412591611617	2.44901536881425	-12.7119101126103	0.611460765003073	-3.57407281845776	-6.28491620749398	19.8281069837458	-29.3760640775877	16.3293731528084	-9.15414384026293	-11.7501196337049	-14.6732650541509	1.61119149679846	-36.2879626136077	-9.86041118296711	-5.10785607344289
HG01924	2	PEL	Peruvian in Lima, Peru	AMR	71.0133766143809	-43.3739677943535	-121.402315907601	148.694661871778	-6.3695775695874	1.81253024441624	-10.5724867146862	-0.484222472785038	-6.08503736797588	-4.58259175389753	15.0020032610339	-13.4567697170517	12.6832501423242	-4.9918271372065	-1.71868964567275	-9.13931631601074	2.4814599759801	-24.1600204307153	-13.8573060092097	-3.27694866080378
HG01926	1	PEL	Peruvian in Lima, Peru	AMR	123.946097304451	-73.2982094417524	-172.463595107433	232.227326679074	-14.1782499053758	0.12128000997736	-12.8125067693499	2.83469373628366	-3.84728420089073	-7.87496905834748	18.9552923079328	-20.1410001301159	15.6232233559223	-3.18544131105371	-7.86235702507798	-11.9265902831566	1.63285316143782	-26.9231216788731	-9.76257195461856	-8.05201176592844
HG01927	2	PEL	Peruvian in Lima, Peru	AMR	121.569557720554	-59.865726704254	-165.947750005974	220.136250558585	-13.3916788328824	2.11717125253154	-15.5320448262452	1.19258761269914	-4.83109547601088	-4.53754710023606	17.4898425380591	-22.9108316240731	12.6512723307115	-9.78947545000665	-9.73085999535155	-6.77175923426841	-1.36730803309492	-24.5823115295669	-7.97149806331701	-3.76613716147011
HG01932	1	PEL	Peruvian in Lima, Peru	AMR	115.740862723596	-27.4769743791939	-144.494994239622	185.180745926202	-5.04841319851861	1.60891509108763	-9.04470319722003	0.680999651018279	-2.88567545335645	-6.62946583965602	13.7678495951122	-17.3103356896142	13.1667249145046	-7.42510407546408	-12.3070071726911	-8.84030764399939	0.60272097346008	-33.9799875849771	-5.55029980897625	-4.58932613171344
HG01933	2	PEL	Peruvian in Lima, Peru	AMR	74.8219498639972	-25.0290755086776	-114.871910678761	135.136496020582	-3.10191778211567	1.41516892153358	-8.29442698814062	1.6556511182613	-2.82658864196973	-1.33016675470374	-0.221354862033478	-3.40183024523265	5.34812246964537	-4.97103054649892	-2.18451181374075	3.5710330651619	0.729236423517324	-14.47771465213	-8.9160395794947	-6.11953911645306
HG01935	1	PEL	Peruvian in Lima, Peru	AMR	110.477392163507	-16.2524612779583	-136.497459010058	164.548156512192	-4.52168186094945	0.214916112087072	-13.0026097524037	2.59096416426329	-2.98635842684505	-3.13215157060575	12.283672657708	-19.8980672579109	18.0837491768576	-5.81520483545776	-9.45992483215237	-6.2620120216248	1.15842590295379	-36.2700347890669	-15.6958653991322	-6.35939713800087
HG01936	2	PEL	Peruvian in Lima, Peru	AMR	98.6723430468431	-5.46841439947822	-120.497051277719	141.238973987973	-2.02131120681458	-0.53930299571815	-6.27823046660338	0.24510918204562	-3.83687507584194	-3.95739878665298	13.4075095479935	-21.2497858102263	9.91045703240494	-9.67912838119661	-12.4424517333455	-8.53217201088707	-0.345897493139562	-24.4109045708232	0.441324314331381	-1.95565430665089
HG01938	1	PEL	Peruvian in Lima, Peru	AMR	121.072074930758	-72.1574805010201	-172.558244432648	234.833378094247	-16.4667361194713	1.61547942585628	-10.817020356844	1.62361638807225	-1.43373386415109	-4.80120791413439	14.8285152741403	-12.1040103848986	11.5893715056675	-6.78762546874453	-2.83530258723582	-6.75023410051212	2.56894767673044	-17.6659277174516	-8.12533734942384	-3.03654343780018
HG01939	2	PEL	Peruvian in Lima, Peru	AMR	109.711368888359	-24.6501317454145	-140.367838152103	174.465381214475	-6.28476532240179	2.63166097566894	-9.96853544930041	0.894352277017761	1.12227586421775	-6.79286401915459	12.7288854481118	-22.4296200303293	16.1195014050095	-4.92642456439722	-10.5147869863512	-14.606746092978	4.12849568927095	-31.8974002070476	-8.91088334928931	-6.37220633190072
HG01941	1	PEL	Peruvian in Lima, Peru	AMR	93.1553214399988	-45.6053036919592	-140.161395543276	181.371138781912	-7.39598819957621	0.998707056829938	-7.50952675368206	2.5544820155349	-1.49086145925894	-1.23142061318683	8.46026330664421	-9.66465695282004	0.479259993441499	-2.4058124238459	2.19242834412421	-6.77187942468593	-3.05189837516222	-5.79732513644594	-2.11117898483079	-1.2028290666482
HG01942	2	PEL	Peruvian in Lima, Peru	AMR	113.481323822985	-39.7756403482869	-146.505618148131	189.920923007436	-5.27132043367296	0.471676425966338	-6.58240743256774	1.38207551505615	-2.6246478156897	-3.25131326147615	12.5025960620832	-18.946646319826	10.9469264201437	-4.94724865807967	-5.13742639546914	-9.78205727917686	1.82799258128862	-21.52839147193	-7.86546427183642	-4.39514249017679
HG01944	1	PEL	Peruvian in Lima, Peru	AMR	113.495390592305	-92.5354281324082	-97.478614294131	99.7650578115283	-2.73847706012929	1.92438537007839	-5.95430218373569	0.661810850112092	-3.44174794139954	-4.92192449723909	10.1269668613407	-10.1722747702781	8.50651675778755	-5.69424291472703	0.795330787830722	-2.67642494949212	0.669621294761528	-15.5819375006926	-0.614997576244037	0.170188741498163
HG01945	2	PEL	Peruvian in Lima, Peru	AMR	112.742682579042	-29.3857300651172	-138.77265819903	171.991785898561	-5.53632727987095	2.25532559789568	-8.95969850591761	-0.662882947440023	-4.60456083872455	-2.12315319948732	16.3153542312201	-24.0496144714659	21.3046653736495	-9.80007611558124	-8.69525292993053	-14.1566916491627	2.68469094147443	-34.3795269378406	-7.59193554340029	-2.85314789216332
HG01947	1	PEL	Peruvian in Lima, Peru	AMR	98.2016992740068	0.132587701348019	-111.43791138391	123.879207447316	3.01660560985903	-0.617052792930584	-0.855531042200935	-1.53542622422778	0.0765494110136013	0.121958405121705	3.3683000611428	0.32328439269644	0.80306769608308	0.0974131444995812	-2.25937961243529	4.59315716505763	2.65426330595817	-6.30819687158701	3.93736853977573	1.09084982102185
HG01948	2	PEL	Peruvian in Lima, Peru	AMR	47.7892446285863	-45.2602399429955	-115.249501140068	146.365713761723	-3.48188406675237	1.7460605380722	-11.0728748039846	-1.05427304909837	-4.37973197520488	-4.98407847612867	8.66747096354833	-11.3435583322796	11.3166719066944	-3.51191024680253	-4.98053073932215	-10.7487192101889	4.97981148239741	-28.3105010595287	-16.4506968663765	-8.79617963752409
HG01950	1	PEL	Peruvian in Lima, Peru	AMR	95.1661040446441	-51.2831162915233	-147.128954352963	191.827322912079	-6.780413305789	1.52445698749079	-9.90304528045634	0.387014189891987	0.880451425679657	-2.27023502497243	9.69483136997544	-2.07747876855291	7.47777926723012	1.44590788711379	-4.27430629733454	0.606126569666053	2.50245312871995	-8.06617147690647	2.20960479560531	-2.98076972214691
HG01951	2	PEL	Peruvian in Lima, Peru	AMR	113.848457064542	-68.6329803959737	-159.915324811199	224.504425074852	-12.4264173176749	3.70523897942591	-9.56249240736997	1.26476916666165	-0.0802694995586647	-3.21210549138106	5.50564534921974	-9.94588484451655	1.12282997644908	-0.566644169031794	0.922828087551376	-1.20432002934411	2.2136402928894	-6.1397580706828	-3.7598352466104	-0.0734599369611526
HG01953	1	PEL	Peruvian in Lima, Peru	AMR	113.832116482652	-50.5556084379317	-155.786742547922	204.83593538204	-8.88868501406419	1.55150292915768	-10.2679553492617	2.09150141010853	0.343916924249744	-5.7941025545064	18.7033895360444	-23.1858119717331	18.2951468212207	-11.0434160964465	-6.35436343332385	-12.7417592944188	2.25786114626806	-26.8973140237517	-7.05858982516391	-0.413855856978913
HG01954	2	PEL	Peruvian in Lima, Peru	AMR	119.528426344713	-55.2536286358239	-158.260151522003	210.346015601061	-8.83646769549259	0.999332915628942	-14.6964630514798	2.70385681357592	-3.66081548301347	-6.13829804307581	16.8248614552496	-23.5330486436425	16.1782436208998	-10.2017059194576	-8.30805243335834	-13.6714968344438	5.17804061385492	-30.6369333070969	-9.62729605200607	-2.45134208036334
HG01956	2	ACB	African Caribbean in Barbados	AFR	-264.974862504499	-4.02783966116717	-5.50958122836864	-3.42597818215692	-4.06421415875308	14.5167215409347	-1.35760778993157	-15.4612008587207	-2.20664482845938	-14.512458081407	-2.94338344677875	1.66469702998635	-1.03926153349966	5.76567640279565	3.11136972549061	-0.637943655017948	38.7126925987759	-6.65831925407658	-1.78392490963239	-4.67068014852988
HG01958	2	ACB	African Caribbean in Barbados	AFR	-236.290096783615	3.43560074772007	-4.74889275808482	-5.67813059023885	-1.46071120264288	8.97997530146528	-5.93041694533637	-19.5997610685037	-2.18516308112557	-10.9113427551841	3.12611155825247	-6.24224350241809	-0.917781455984606	8.02768022711434	-1.82967839585963	10.6199528737551	39.5185802829597	5.65339176012782	15.4467453679304	-10.311108113736
HG01961	1	PEL	Peruvian in Lima, Peru	AMR	124.078611802363	-71.6120624808087	-171.992718512261	234.600386758656	-13.763610027568	1.17755006409275	-11.3066526603307	2.34681785010374	-6.04228074059432	-4.7997481539321	13.1174132569479	-18.6335009970946	9.49897436572638	1.20159882981332	-6.49130534132464	-6.65993993247026	0.0712131382875757	-15.4168714998956	-11.4521702656109	-3.06155592880838
HG01965	2	PEL	Peruvian in Lima, Peru	AMR	76.5684515404536	-3.11158115091615	-108.611832327915	124.093583071015	-0.567252514128892	-1.0313933939733	-6.97352648620256	1.10919318448558	-3.55537616049026	1.68197858531454	7.73810374866731	-0.325060456752269	1.43858648116817	0.197830921560689	-2.8794798403965	-1.40302794724572	-3.01666985296383	-6.44024347206098	-7.82078985195839	0.407545113892003
HG01967	1	PEL	Peruvian in Lima, Peru	AMR	106.60791417898	4.19404646560644	-119.617560327025	131.909732757637	0.797869690154731	1.04490851448065	-8.77152043601518	-0.545043649363177	-3.9354143081605	-1.93190948759396	13.0316412740765	-18.2223097889906	11.6696213416401	-5.63440347977337	-5.78889950364851	-11.5801563716624	-0.223841996998157	-27.5942798442511	-2.52038368369068	-2.63653959612119
HG01968	2	PEL	Peruvian in Lima, Peru	AMR	121.675837952725	-66.2669963070326	-165.205620563073	220.740175901232	-12.8030174159572	2.15165563042222	-11.7694128226066	1.89109299043037	-3.61333657960312	-6.87772392753085	16.824147575977	-18.3441757885747	9.38036375209387	-7.69990836223241	-7.37541237277737	-5.94665621392536	0.511860427171375	-22.2482676968658	-7.02150325900785	-5.96103645693118
HG01970	1	PEL	Peruvian in Lima, Peru	AMR	109.002879266756	-2.72208493705088	-121.860718017879	136.26356421951	-1.54384591803773	0.897855220800907	-3.11649352368378	0.871916450023907	-3.04088054509809	-5.30094821703572	12.4422340645466	-19.8878734994327	18.2326823878597	-7.29888138957441	-8.36956346610367	-11.7857456573202	2.77365019319815	-28.1173867534627	-1.91194197665528	1.61983287057286
HG01971	2	PEL	Peruvian in Lima, Peru	AMR	46.3529121340975	-9.24748921215434	-104.805003373867	118.783279617154	-4.49603940768971	0.653634287262461	-3.57445053379572	-6.59745723199004	-3.45468888912711	-5.80966531926727	5.20870254997739	-4.13639547717865	8.57423353708026	-9.03096652109866	0.129672750209661	-5.06484160070227	11.2989428671915	-11.2084756324963	-8.58326063514308	3.07725909050173
HG01973	2	PEL	Peruvian in Lima, Peru	AMR	103.477532048845	-37.5341994418508	-144.287630822059	181.775310852143	-7.52282843807817	2.85082869740266	-10.1234870751375	0.917404454138238	-2.51893550452368	-6.02155788760861	15.9759786240279	-21.4437662644267	12.8076625898595	-5.54279367898211	-7.70407582560354	-8.06242422002028	-2.67492968269568	-29.1006049189094	-7.37825428650682	-4.52788115181651
HG01974	1	PEL	Peruvian in Lima, Peru	AMR	117.791909282637	-66.3300071829242	-163.741661615682	221.033272092493	-10.5646726803895	3.82466691046465	-11.2177233054905	0.721702850950423	-1.58697147079965	-3.00083659498428	6.91963678358077	-10.383897906085	2.46755729771569	1.62805721869141	-0.263913774109863	-4.14955516347991	-1.02024101682599	-1.88924792153492	-4.78947172686624	-1.87452461943466
HG01976	2	PEL	Peruvian in Lima, Peru	AMR	108.059533266581	-5.61446132894854	-125.224807774173	145.949266035855	1.30947306726919	1.16881486349497	-7.48831984090135	1.56969252222684	-1.48454645337479	0.612422360038878	3.49496049150765	-24.2305058608658	11.7529509050959	-6.49472112236693	-12.3484766375782	-8.6993415604257	3.14710759325773	-21.2312006723433	-6.55926219275508	-7.68170147112409
HG01977	1	PEL	Peruvian in Lima, Peru	AMR	114.221562900187	-28.9761605587809	-145.552073729659	179.823349765181	0.687784763162394	-0.45800896652309	-8.8908942122193	-0.770558867300016	-3.52062261298832	-3.5611956835227	11.1204728022077	-16.8908076375896	11.0667957012763	-10.2234033339433	-14.7126358352226	-8.28493222745275	3.83747552515742	-19.9371642088506	-3.97132990953199	-5.65863854044791
HG01979	1	PEL	Peruvian in Lima, Peru	AMR	109.601775587752	-14.2040865609528	-127.744543608043	154.400123133865	-2.84158951779511	-0.114242478298496	-8.92328715444677	0.736547596270529	-1.33284528113211	-5.13264206144443	13.4640200408427	-18.0169497870723	19.8157780349072	-13.511233862853	-8.27132196606892	-9.91225281104056	3.78033954433608	-34.9039311814857	-6.47789390267759	-6.70632511380252
HG01980	2	PEL	Peruvian in Lima, Peru	AMR	100.157110910668	-20.0303445055171	-129.708637262484	162.206628188787	0.749506052306333	3.56340677834912	-8.37358950129699	1.11695649856348	-2.08070072467192	-3.06892665822456	7.99139416914384	-18.0198172956072	16.364333405478	-3.1245181136397	-9.75143781921389	-5.89627138424519	1.49962870317463	-17.7797023261844	-8.26836428479758	-5.39184199891706
HG01982	1	PEL	Peruvian in Lima, Peru	AMR	114.205154244494	-28.8960382624467	-138.121668868941	172.405006593969	-5.61773524536683	2.07886223510574	-6.77591395899104	1.75340004080081	-3.36431866719202	-7.10382523742768	16.6099539578764	-20.596008569073	17.1171115441446	-8.79782317342811	-6.59333114481867	-12.5141755918918	3.08298641609944	-24.8643991435384	-4.5298728992687	-3.22101021922088
HG01985	2	ACB	African Caribbean in Barbados	AFR	-261.878914716569	-3.44043085034668	-2.82805376978477	-2.65340306082591	-3.71726564267215	5.18916526137743	2.0996283097532	-12.4879296137676	-2.25954784479542	-4.49920302378973	-2.41949983367546	1.28284597714653	-1.53180692494572	0.610964524332386	-3.69991469810539	3.26010968112426	22.823613752933	-5.01090832837763	4.7021536242132	-17.7319552525984
HG01986	1	ACB	African Caribbean in Barbados	AFR	-242.375634994142	4.99659801946772	-5.25679503322963	-6.04842834551589	-2.17346645597506	9.5769165701758	-0.413008840562776	-18.4682505721457	-3.25312047131933	-8.72684254212431	5.81983444507575	3.7290966922537	-0.0237799622854218	5.97859299853683	6.12414071561214	14.8173348434019	46.1412377653368	-7.08366180539594	15.4237763847011	1.54654874438337
HG01988	1	ACB	African Caribbean in Barbados	AFR	-123.382866599429	54.3394389330644	-11.065354038118	-20.2545997398825	-5.7094165807998	1.90503590365654	-0.67445979522704	-12.0356621116121	1.10415189416648	-16.3749934057798	7.57844036569217	-8.70842536093557	-12.7293415195443	0.679192699920933	12.4934333329931	7.79207287743818	5.96391163909856	-0.450961416696281	13.1071954447206	9.88986352158208
HG01989	2	ACB	African Caribbean in Barbados	AFR	-232.400922741223	5.90300827432334	-6.60485570188743	-6.72940058046266	-5.17402352091461	9.13738154663739	-1.30135053979733	-17.0061164893315	0.002741511313602	-16.4448283166927	-7.81471167916417	2.48374937466362	-1.17344363510388	0.901662623511722	3.19439043832851	1.69603164225057	6.84526881355501	23.1923499255993	26.0480884454803	5.09990055093732
HG01990	1	ACB	African Caribbean in Barbados	AFR	-262.577608656709	-6.64003295635689	-3.72745402375843	-6.16154896043001	-2.36876202010545	2.39318023375155	-4.4762030984126	-17.5519891263166	0.600791402961487	-5.73569233591661	-3.12762486102946	0.70502401382153	5.4503908498664	1.04592079629305	4.30594251047389	5.43208427276179	21.388083772689	-4.29336601604907	5.7333968451183	-9.38326307821099
HG01991	1	PEL	Peruvian in Lima, Peru	AMR	107.032807601259	-22.1588371362146	-135.973486822959	162.935525003513	-4.03221511828782	-0.160428278286877	-9.28566662952781	-1.09254458463361	-2.16211894935408	-5.53931115953696	17.3109994823216	-19.3009903034068	17.2196756290357	-4.40497679442464	-7.79312021041644	-15.6728895521655	1.75008007213825	-24.5209429428279	-1.88240811652558	-6.63309826525299
HG01992	2	PEL	Peruvian in Lima, Peru	AMR	120.391583846475	-54.0301946336007	-157.20229289202	208.933383435534	-8.77986011584423	2.05726551272652	-11.2830094417003	1.34665281285136	-7.3284561030323	-4.55304513043657	12.4884791948529	-15.9918904749243	5.65438508526956	-3.94562443772658	-7.50864726055949	-5.17961073590553	0.660009645202828	-19.5091767534246	-10.6354405394355	-3.0504460787982
HG01997	2	PEL	Peruvian in Lima, Peru	AMR	117.616383019091	-48.184443825235	-153.18457468069	201.481788777278	-11.2487136459224	1.60695916091045	-10.5782582750616	1.36630781832694	-6.90376812839912	-3.62474953992001	12.3765876758361	-17.1212633143539	9.50675757621308	-6.73800899715999	-8.62888430190779	-11.3511669939325	3.82673246847374	-19.0771681674609	-4.44452856700032	-3.55002093422424
HG02002	1	PEL	Peruvian in Lima, Peru	AMR	112.336236777423	-27.86491994384	-138.153014628599	173.047635027086	-5.58482768172819	0.654912043731246	-7.2156792642232	1.08312567884106	-0.00768717120316453	-4.72489097648763	8.11864901542258	-26.7917630701266	10.2986395962761	-5.04949459201043	-10.5508827655827	-6.14040915710847	1.62373146610915	-25.3155524933326	-6.47702192028375	-2.97016815084113
HG02003	2	PEL	Peruvian in Lima, Peru	AMR	112.781099550692	-37.3643369112716	-147.47505474447	183.492128941174	-3.88880811444741	0.934732247073057	-11.2147021062786	1.34294255397444	-2.59727473406898	-7.18633762752012	17.5710440113353	-24.1040896942002	17.293725565164	-14.8108555796473	-9.55645664811741	-17.9353509181936	5.116879021325	-34.8725790490841	-7.53908071012091	-3.96970721219346
HG02006	2	PEL	Peruvian in Lima, Peru	AMR	-46.7161780233448	10.8867192127873	-64.620662121947	63.1714526055255	3.24963744849844	4.22035168794193	-1.65565149313823	-3.56435966825106	-1.01751559467541	-0.262870034879912	2.98054505749461	-3.97497691861794	6.9624974423768	3.08552492207497	3.63366445537135	-10.3224568491217	1.4027372812885	-26.3749034229407	-6.17829326986722	4.85501395532948
HG02008	1	PEL	Peruvian in Lima, Peru	AMR	113.92952221066	-42.9113512609083	-144.754809771524	186.973320908532	-7.5628712642381	0.348168646693135	-10.8767019865783	-1.0384223892411	-0.26429457556128	-3.02550760692227	2.3823074525043	-8.09488038260879	4.39196725726919	-1.61537471050304	-3.32434351008612	-5.30670951472162	0.095745533058343	-11.7255175909401	-3.32841651199729	-0.254804004191201
HG02009	1	ACB	African Caribbean in Barbados	AFR	-234.73554192294	6.85621102331648	-5.73337188654067	-7.26599983162193	-2.57136326566749	8.74740789757304	-0.87883126695538	-23.8779949865543	-4.01257978275261	-3.31577957361687	7.91116112666134	-4.07005231752142	-0.857437796928638	1.38381670792771	5.8287546338916	8.97937245531002	36.9271853152968	-30.0199807089404	-13.3566226187664	27.0021589719768
HG02010	2	ACB	African Caribbean in Barbados	AFR	-230.684964299757	8.40677258935328	-3.60601274714654	-7.33728359965617	-4.46236809486563	9.31178374688788	-0.757899305206331	-15.8057233960683	-0.346026978961865	-9.20518137456432	-1.04855960289862	-5.23917234487604	-9.14784282874244	11.240643658745	-7.01697877915465	3.68290201840849	49.4495962657034	-24.8509714638915	-1.00228458382908	-9.32859938093168
HG02012	2	ACB	African Caribbean in Barbados	AFR	-264.121023234756	-4.62681068429957	-1.94660649549603	-4.52550395293405	-4.70954064979562	7.20817223339227	-0.470358512060343	-17.3155682297522	-2.90220077972589	-10.4535290228625	4.83758216223113	-0.546204399440868	-2.39411405597271	3.73463886081696	0.452585666484752	-1.93699588971249	20.9184718704406	-8.41375106152324	28.4630194987171	-5.51941275457095
HG02013	1	ACB	African Caribbean in Barbados	AFR	-279.008476812558	-13.4778447916319	-0.107874464174287	-0.859314856375199	-3.61141766895927	17.7363805923686	-2.40905981225022	-17.7309279667658	-2.43411348229994	-15.1377958836052	-2.88407799630449	-0.997915230288311	-4.87429818880183	0.292160930713963	0.210551666967119	1.93294651235447	19.8344941613207	12.5994226727896	-0.80570246574876	41.6047961469314
HG02014	1	ACB	African Caribbean in Barbados	AFR	-242.961044737012	2.12173463347388	-2.97230977034192	-6.2959529561755	-2.44160353250359	6.41345343672798	-0.917433065756685	-14.0327886574622	-1.68675252355637	-9.95037568065239	1.06167116447617	0.926028254304177	-0.672732449857521	8.16815066190416	7.71252157640865	-10.7799297535116	45.8038605851422	-5.49504320595658	-27.3553712370459	-26.9814717413645
HG02016	2	KHV	Kinh in Ho Chi Minh City, Vietnam	EAS	113.166715392433	-156.625590758419	3.57848234307104	-31.2274103712609	16.4185598851411	-0.446080942793114	-45.0104490929147	1.44769228708725	2.87220686213129	-0.416835063559786	-2.73615735209366	4.31690208582899	-0.165443336890809	3.81454420651068	-20.8632989456748	1.20991963498667	2.271697620105	4.85581903595081	3.25835262848132	-0.619791657013948
HG02017	1	KHV	Kinh in Ho Chi Minh City, Vietnam	EAS	113.197276824066	-170.102909055164	-4.42207484692366	-40.2173981484078	15.4629586228216	-0.121019319006204	-41.3586479685584	2.21611206682871	1.55364544346533	2.00570886747974	1.21081763622687	3.49305384031471	-1.15224750012485	6.33815090035131	-15.3265005964826	-1.78057649573544	3.77744438270463	5.42485300223264	-3.65398133515214	-0.523925455489793
HG02019	2	KHV	Kinh in Ho Chi Minh City, Vietnam	EAS	115.863787146996	-174.184763995023	-8.00453792271861	-42.0881820753911	14.369020834363	0.469218045815421	-38.101322170489	1.35919292540253	-0.691045006757834	-0.163703609784951	1.25755194879922	-1.47240857577609	0.706642467415698	8.18127709968328	-11.9649003791688	-3.04745330510053	-0.45263553112694	-2.2856338064427	1.48844230847374	-1.94958320064445
HG02020	1	KHV	Kinh in Ho Chi Minh City, Vietnam	EAS	113.844443353236	-171.683313221393	-5.86100174199976	-41.5810233106717	18.077449789303	-2.1395661659116	-45.0406346156117	1.23173513801665	-1.20596549915648	1.4850812152834	-1.22980011416873	3.15738985226217	-1.51349174548333	5.09725810002703	-13.4690536696962	-0.260802548747776	3.5718875318256	-0.00624384817215232	-5.42077459725541	-0.0139662141476779
HG02023	1	KHV	Kinh in Ho Chi Minh City, Vietnam	EAS	114.173856002325	-174.199706772355	-7.78279485817975	-40.4064901371029	18.0283926246922	-0.00261623091051312	-45.3649913993736	2.16027546941784	-1.19022565683836	0.805028383303821	-2.47779566190213	3.41347133032667	-3.07303450324534	5.07192873691539	-16.902408897753	-5.87765996240795	-1.2314109453006	1.3688226914529	-0.496264302628442	-3.07101699513535
HG02025	2	KHV	Kinh in Ho Chi Minh City, Vietnam	EAS	115.917462058645	-174.733649843184	-8.363583807487	-40.5371118984514	17.2059757993382	-0.622953509154552	-41.5394394852549	1.00567219481419	0.369119674297075	0.656911359010667	3.0602553731252	0.180111857421712	-3.12775989805374	6.27213484297119	-9.01896456973645	-6.51729632585565	-1.16729636928724	2.93469273212403	-1.45715190038713	0.0363831197997084
HG02026	1	KHV	Kinh in Ho Chi Minh City, Vietnam	EAS	115.529835896029	-176.552416819204	-7.46578935052093	-41.2509921524613	14.8899265150345	-0.328657412752563	-44.9934235327125	0.415816689228573	1.64469303178615	-1.48747257065009	-1.08601120144923	-0.682217404687769	-5.24408177585655	2.98261837352757	-13.9385446830286	-3.3834257663954	4.04604617723053	6.72967776135331	-3.80186398215204	-1.17911236310704
HG02028	2	KHV	Kinh in Ho Chi Minh City, Vietnam	EAS	114.688427723707	-173.362044352214	-6.71524773915885	-44.6819285502006	17.2026514510976	0.0567812908294603	-45.1999828159437	1.76531856499198	-0.132860989559055	0.869686501610616	-3.26065142969472	0.0501028909243449	0.221470372573792	2.07916578329568	-8.59267389630549	-2.97359104603924	0.198946288506489	2.74733090078218	1.33526783534577	0.103707516814603
HG02029	1	KHV	Kinh in Ho Chi Minh City, Vietnam	EAS	116.430719774697	-181.267515596607	-11.6840300284027	-40.9226274800463	10.0094827489076	2.0712260864438	-24.5586281947926	2.50330679045137	-3.34572462836053	-1.53769127592964	1.10940230953512	-0.555626505144155	2.47234236778771	-2.83409229599609	3.67293300927766	1.8531207564506	2.55062119411962	3.02158271055507	1.05412676686258	2.14441745505488
HG02031	2	KHV	Kinh in Ho Chi Minh City, Vietnam	EAS	115.123891431555	-177.540978074544	-6.85326709408174	-40.1277898130063	16.8271567920914	-0.20622540216229	-39.1661743243617	-0.0168553682732658	-0.230577698094051	-1.29108519279706	2.53556786389235	1.45038211543794	-0.135110906928293	4.82390401573717	-10.8777794465453	0.749351671304842	-1.12506495828416	4.34894247359358	2.75096884170928	-1.90439707685606
HG02032	1	KHV	Kinh in Ho Chi Minh City, Vietnam	EAS	115.913568823714	-174.579936148231	-11.1560722476947	-41.5160699982501	8.69786952751685	-0.778985312616478	-26.5828610859609	0.339892588485573	-0.978381424503592	0.270796150786565	-2.15020528724925	-0.462002268431935	-0.786548773349493	-2.59285185190051	4.45769199563914	1.56852080477269	-1.71103401372876	-0.0531442926156684	-1.20523022435088	1.55003357333615
HG02035	1	KHV	Kinh in Ho Chi Minh City, Vietnam	EAS	114.319833118991	-172.90133667405	-7.46558812673787	-42.4319750335202	17.5578131507151	-1.18806651728968	-41.2518421545467	0.946571891275612	-1.4905035621691	-2.15714057700943	0.630805484574003	1.20952178808965	-2.05763536640051	1.26088438921263	-15.923672039804	-1.0611637222747	-1.01909899506357	4.61421835282482	-0.231209740701974	-0.448744618320709
HG02040	1	KHV	Kinh in Ho Chi Minh City, Vietnam	EAS	115.089154482537	-171.82585376815	-5.91389318181928	-40.8272476090284	14.6258644711757	-0.942392131715762	-41.0012544882845	1.10694216326375	-1.21777889271102	-0.440736690402526	0.95519076164788	-2.09785884042643	-1.20207379512246	4.63917110227493	-8.02151293650996	0.620912740344233	-1.14430292381491	2.4206585117218	-0.132433921947194	1.25414329822296
HG02047	1	KHV	Kinh in Ho Chi Minh City, Vietnam	EAS	114.519691660357	-174.393333136302	-5.67496126926768	-41.1485245298607	15.9392769921251	-1.48399967729231	-42.9329706730356	1.20887327532972	3.61426349650842	0.133941498947822	-2.40493114984625	1.09557874565623	-0.729606070434509	2.84478003857439	-17.0006575020369	-3.40784303755333	0.647466226487947	2.19870600716049	-1.80903083722531	-0.591947352336376
HG02048	2	KHV	Kinh in Ho Chi Minh City, Vietnam	EAS	115.070028081098	-170.297471088458	-4.6471552234034	-43.313880518495	17.4097692369223	-0.0513895951737302	-44.0429932307747	0.792783781242765	2.79610136453376	-2.80794546846816	-0.469610274750409	1.76158755150628	-3.63727372066845	6.68454574748121	-9.47501275399598	-2.1797669886228	-1.04021321563486	8.45363156353442	-2.41393307721801	-0.0849949564956996
HG02049	2	KHV	Kinh in Ho Chi Minh City, Vietnam	EAS	113.774267810229	-173.370599601279	-7.27036684303298	-39.2861171871975	18.6284179775517	-0.961656594262875	-47.6462171222388	3.27993057546023	1.62363110994188	-0.951355208489979	-0.105222930555048	-0.332752625008634	2.45931557571916	3.83377208628469	-13.113470565878	-4.49782847609502	-0.892695094837703	0.877087238318528	-2.93807260752747	-1.37804021231317
HG02050	1	KHV	Kinh in Ho Chi Minh City, Vietnam	EAS	114.545293076142	-174.806763384053	-6.4767839854233	-41.527855158979	14.4317152354792	-0.189302389582536	-43.2636896475447	0.823705112601825	1.46710486815974	3.19796096127487	3.14251825245331	0.729613405522454	-2.63777808291426	2.89334187365269	-10.290064832445	-4.6009184803081	3.27874012329604	1.63427352478387	-1.81109295490069	0.159137494475931
HG02051	1	ACB	African Caribbean in Barbados	AFR	-283.416623833352	-14.0787280751437	-2.21816104808902	-1.22248641679459	-4.41059266583233	9.04980831005187	-0.4610376440671	-10.2085901894648	-3.1711972128779	-13.3199745856525	-5.0792002705644	-7.50461115363104	1.97965710693319	1.88301376540561	1.55354174127665	0.412542025877597	25.6906216631223	9.40017487071856	11.0260257215555	-10.3214966732631
HG02052	2	ACB	African Caribbean in Barbados	AFR	-282.086939161112	-10.7448432439114	-2.56006756276495	0.204821590635052	-3.26603289229796	9.09261733896404	-2.05939407362989	-24.1052180901651	0.616230532354027	-11.9592226872792	-5.55878659115759	-4.62342034577371	3.50383705334436	-0.20528194713984	2.85318201475299	9.01373988882095	26.9238524223233	-6.72375187782335	27.8382618052595	5.96374979115813
HG02053	1	ACB	African Caribbean in Barbados	AFR	-265.388799139038	-7.69806594572534	-1.24309391606756	-1.87262408037641	-4.15226951676415	6.03959542706473	-3.14716809790995	-13.6203726203236	-2.07945512158938	-12.1593010126769	-1.04192099617344	-7.5372736538783	1.57245605798897	3.89033079190506	-6.06115965362537	12.5788131635578	12.2571662476178	-2.48258149419129	12.535362487857	-3.6640656845296
HG02054	2	ACB	African Caribbean in Barbados	AFR	-242.652288989156	3.29180682921192	-4.96848854456922	-5.55828563903079	-3.33759288106257	5.82855517997424	-3.22664767724426	-15.3292956539567	-0.463917180305059	-8.28435818600365	-1.01220491250379	-4.18481732980435	-3.02407807775166	4.89672270697635	-5.40252486649765	4.8488397640143	27.9716489766511	-1.28132946648452	19.5916194721903	5.97381979711994
HG02057	2	KHV	Kinh in Ho Chi Minh City, Vietnam	EAS	112.962634033159	-174.77191867472	-6.18600822234275	-39.9610110831009	16.5717108739158	-0.859221297820965	-40.3080176765212	0.320320678622913	0.418695216938645	-0.857119927613958	-0.153821099914505	1.18994638051485	-0.370854269925772	7.80112728122015	-14.4897751060343	-5.15980345411262	-0.806687385727822	4.52942559469862	-0.824470917537636	0.248937949214766
HG02058	1	KHV	Kinh in Ho Chi Minh City, Vietnam	EAS	111.491909980213	-166.974506003432	-3.17293812959003	-37.1164922914455	14.233249389192	-0.117101204293123	-40.6154173220097	0.698766438402619	1.85574956746188	0.890130422745382	1.45078518077597	1.99973220867471	-3.16537403815274	6.39508792746314	-11.7333760783036	-1.892259008649	-0.646495964016848	3.96512385324471	3.45150250975654	2.73427730359503
HG02060	2	KHV	Kinh in Ho Chi Minh City, Vietnam	EAS	115.380536796039	-173.54779416692	-7.86159776510068	-40.8276752967722	15.2137948524965	-0.115672797893072	-41.719854146159	0.745005555998573	-0.517338457256908	0.224566826887666	-0.747961656564708	2.03369594350009	-3.74894746000657	3.75193471667123	-19.4004771537032	1.77239651692794	0.30020668825291	7.28871720045699	-4.2384313649096	-0.192358284972081
HG02061	1	KHV	Kinh in Ho Chi Minh City, Vietnam	EAS	114.728011757931	-170.98587932714	-5.98222277344918	-39.2841513282317	14.511057018948	-1.30749280383394	-40.0789043995204	0.406950878954497	0.492505220109321	-0.539375624554809	1.61165183230804	-1.25511746159132	-4.26865804024458	6.0480314609231	-10.1366647232808	-5.91773770396083	-1.93717941939364	-1.97567739756289	1.01833784523614	-0.0396880435622493
HG02064	1	KHV	Kinh in Ho Chi Minh City, Vietnam	EAS	113.910668194566	-174.316213632882	-7.87484633529553	-40.3140413272684	18.8036256824147	-1.63031844360216	-45.0365690705054	0.884003079369393	1.78512505270412	-0.469726429167195	1.09481244856194	-0.344210390608494	-0.835297171880373	2.53446858271942	-15.6018793818025	0.630095342189564	-2.05242948206646	1.85551663835829	0.399081876798122	-1.60266779680052
HG02067	1	KHV	Kinh in Ho Chi Minh City, Vietnam	EAS	114.795037964619	-172.106115089333	-5.25539980903522	-42.093351312886	16.1720646841483	-0.755481570748782	-43.2661087241206	2.07820057525858	2.06538926886905	-0.31942029732943	-1.97327972292064	-1.29519057428885	-0.678229489533268	5.49363071688202	-14.656791914467	-4.21636915941134	-0.0607330708178606	3.87766141207905	0.963292277888639	2.42101907735858
HG02069	2	KHV	Kinh in Ho Chi Minh City, Vietnam	EAS	114.676199422507	-170.60052033887	-3.87377563574779	-38.0937026895717	14.730849481029	1.50228500595863	-42.3386927300652	1.21921429997064	0.201556110254336	2.76495594238136	-1.2520389206209	0.717114534158242	-3.48170222709506	8.71506878734045	-12.6115018354404	-1.38184488047896	-1.2493129768452	-2.70532464125393	-2.24514769529104	0.917949641940132
HG02070	1	KHV	Kinh in Ho Chi Minh City, Vietnam	EAS	115.668122745721	-172.536003161431	-5.38512183764646	-42.2881588340773	16.5445600298014	0.564245348826896	-41.74775359322	-1.09470516582336	1.88174208414851	0.758980130873392	-0.34787489596971	3.12756724610107	-3.244451622933	9.63401837875325	-15.3552533365024	-2.97148969539746	-1.458138368332	3.42835489534071	0.231077443865238	-2.65754322881484
HG02072	2	KHV	Kinh in Ho Chi Minh City, Vietnam	EAS	114.736000112701	-170.029390642131	-3.971253488761	-37.7126934176831	16.7349346860162	-1.34914612502015	-44.960439463558	1.07582583643631	-1.61740440661763	-1.41420514924269	-2.22777232811082	2.47918972636416	-1.9014072633304	6.52632442872042	-17.2982257693224	2.81218975365737	-1.63293683016627	6.15849048373974	0.45099190685437	0.665869170164397
HG02073	1	KHV	Kinh in Ho Chi Minh City, Vietnam	EAS	116.05245672711	-174.770765301913	-7.0895711383277	-42.6075366090257	17.7788840766988	-0.483920360195912	-40.9063987563938	0.041541300167593	-1.73998116877852	-0.169192525982191	0.41046338941906	1.47497618616214	-1.60481931885927	0.784793536119332	-8.93996473620569	-3.19729852721512	0.381375201691047	-0.176749894189797	-1.18834634655113	2.19109401886306
HG02075	2	KHV	Kinh in Ho Chi Minh City, Vietnam	EAS	115.194526808419	-172.556867073308	-4.53426160174987	-41.4893873872778	14.9971198568452	-1.92013679098231	-41.722107418195	0.0676563066968767	0.149153410916386	1.33283186966467	-0.144018774840831	5.11956752077818	-3.33640505738784	2.03880183367977	-9.0715977179189	-3.18263454283001	0.276740144716569	-1.07691615490775	-2.33932662094292	-1.83781052183594
HG02076	1	KHV	Kinh in Ho Chi Minh City, Vietnam	EAS	114.774919045261	-176.199959129307	-8.09369213996853	-40.3390374388257	17.8010758514259	0.0440108362075774	-44.2396775915185	1.00337458357294	0.899597459497678	-1.33915076994711	1.30009379673652	0.307804277438658	-3.32129179188981	4.84605968061491	-14.3089565383412	-1.54434158433697	1.66431027852043	5.99963459725369	-0.790235698729198	2.45247022895316
HG02078	2	KHV	Kinh in Ho Chi Minh City, Vietnam	EAS	116.349480639081	-175.67168255864	-6.6746903301878	-41.9756486650386	18.7645293968367	-1.45748372588601	-45.8449518618842	1.10817917175711	-2.46245064188288	-0.848354357172044	-2.12068897951762	0.645202640248197	-1.00819773750935	6.36352163127292	-18.7090886607465	-3.16951070223358	3.15535516307788	2.57259185191126	-4.27040124030052	0.858711308081679
HG02079	1	KHV	Kinh in Ho Chi Minh City, Vietnam	EAS	113.946214961074	-176.390665410357	-6.79488383648686	-44.51439187492	15.9782365312045	0.457722712384298	-43.0443519964177	-0.69970887634057	2.41323484358311	0.12533729279639	-1.37658137532112	2.2108868731368	-0.732487245855766	3.45916916948865	-7.53710070643103	-0.355669005729066	2.53945817662715	1.14751286939362	0.840644321567516	-0.956866499986527
HG02081	2	KHV	Kinh in Ho Chi Minh City, Vietnam	EAS	115.558497394106	-174.226791685479	-4.70479247767088	-40.9388241108994	15.8634351753267	-0.218618564192648	-43.7489985986126	0.573022225331124	3.01044419446639	-0.175121920973953	0.737180276916265	-1.83344978362291	-1.06623845551813	2.08663344496204	-11.9998306689271	-7.19106106362869	2.03879470976131	2.18204684514933	-1.24221707167174	-0.934835845810093
HG02082	1	KHV	Kinh in Ho Chi Minh City, Vietnam	EAS	114.814528800491	-175.423264720257	-8.37699516502623	-40.6234338189924	10.128570954998	1.32575954860641	-22.7508437213197	1.33496984035211	-2.21242406784928	-1.54167077735563	-0.0319570832539145	-0.452878377880253	-1.25473343718446	-0.845704124018168	3.2582419370706	2.06961025497156	-1.39315137539945	-3.67768959199518	-1.39877601775105	0.74469793397794
HG02084	2	KHV	Kinh in Ho Chi Minh City, Vietnam	EAS	114.161368009505	-174.632017164376	-6.23813135531409	-39.6215841520459	18.2615913897254	-1.91634627460998	-43.5506262924952	3.05667994712501	0.574246755306493	0.115861381712183	-2.02789878227444	-0.847706407558475	-1.24636191598799	4.6960678493903	-10.4446157098815	-0.883844747342054	2.45766813225531	2.48261872570843	0.129944357362637	-0.286577013944801
HG02085	1	KHV	Kinh in Ho Chi Minh City, Vietnam	EAS	116.153077572606	-174.118329471446	-6.10230968701385	-40.7526824331044	16.6990305526891	-0.640418804338411	-43.4626355134941	-0.778768813462422	0.00177272663824265	-1.77734618616935	4.00002665189939	-2.20864476064554	-3.30741791828682	3.68303349934381	-12.3328133267385	-3.8443457014631	-0.813348086814095	2.40517569340129	2.04051385642907	-0.580859083733479
HG02086	2	KHV	Kinh in Ho Chi Minh City, Vietnam	EAS	113.88541237763	-171.891958320957	-5.27469408654387	-38.975415185569	17.5957953358177	-1.80245585198411	-43.2544499796696	0.656891737823145	2.2399694131784	0.23334259314027	-0.0862404339228032	-0.964866890428346	-1.87269961635795	5.45007202371613	-15.081866959314	-6.31352320971094	-0.359246665046283	3.85047287441557	-0.562279916290909	1.50387724500935
HG02087	2	KHV	Kinh in Ho Chi Minh City, Vietnam	EAS	115.622485882603	-173.779321047492	-4.81829521127436	-42.0667472642685	13.3361158319119	-1.0911311653692	-43.9434073197693	0.552879607131408	0.665328188744889	2.86796797440823	2.26305051614053	-1.78287145787276	-2.54451636231552	4.53458849685235	-12.747368063053	-3.35703480280915	-0.222164230177101	-1.44222026442752	-4.5696663462917	-0.922342211394879
HG02088	1	KHV	Kinh in Ho Chi Minh City, Vietnam	EAS	115.79213577563	-176.163221749623	-6.99082960519581	-43.0714619556533	17.594196150714	-1.25670304418072	-44.9358721566682	-0.0619155131468873	2.10550369204828	0.230652910635076	-0.544012391943788	1.0609715832072	-3.77625420405371	2.38848506501926	-12.209474529745	-3.36790121216297	-0.741923172475418	5.41496237553921	4.93072026898914	0.703800354867548
HG02089	2	PEL	Peruvian in Lima, Peru	AMR	106.413625363831	-2.24615703504171	-122.161509994243	140.834107555274	-0.200019964663426	-1.26030485891328	-5.05688439750947	0.889057295458674	-4.0929664267637	-0.341775891205207	9.0232727769455	-14.1151769542539	11.5214160222704	-5.86420590423522	-4.68011261973476	-11.7248353303512	3.12597544904096	-24.2849904539495	-4.53512645444121	-4.72669556391699
HG02090	1	PEL	Peruvian in Lima, Peru	AMR	61.6590495013614	0.841088672985845	-105.905442965541	119.215901190297	3.60893917183385	1.60898407018288	-2.52445344764533	1.30638575216672	-0.513356766878039	-0.309791840998192	3.45029916645169	-12.5741110371401	14.1812938499222	-6.50090087534178	-3.84230511752891	-6.11962178346957	2.64316503318316	-19.4247826551943	-8.01468546546689	-10.5611509746547
HG02095	2	ACB	African Caribbean in Barbados	AFR	-266.523811628884	-9.59195800604344	-1.86468119840831	-3.68051151510763	-4.32737054544683	10.4443068321838	-3.41528042894884	-22.7064015224568	3.49796534357945	-13.024442542156	-6.25926327676865	2.14615217897133	-4.8128753378575	-1.74988832883414	6.38429785054108	5.00025493801204	36.662832388546	4.49524522678452	15.4713678838631	-3.94824968973913
HG02102	2	PEL	Peruvian in Lima, Peru	AMR	111.598924077268	-41.405990021417	-146.986219271755	188.825352020361	-8.098401188053	-0.0143965827831224	-7.1793242281875	0.276943993393998	1.27438702874016	-4.45512421129956	15.5511565323205	-22.3214630479044	13.4677123881858	-7.89956579260555	-7.50404031902986	-8.74491069372959	-0.0432538024379142	-26.9185086754432	-8.47890628056579	-4.25611121277567
HG02104	1	PEL	Peruvian in Lima, Peru	AMR	117.308259880255	-54.0955144368584	-158.072366221039	207.97018014447	-4.57528196316875	1.79169123777879	-10.7802673411746	2.50410293246753	-2.85626184016922	-6.25516454590612	12.6534798088165	-16.5287249324369	13.541065110738	-4.64031343265342	-9.3453497046719	-8.13518356956904	1.23329956974492	-28.5274519119143	-8.01671520622159	-2.98836274143525
HG02105	2	PEL	Peruvian in Lima, Peru	AMR	122.679522356571	-62.3508597914632	-163.697489703547	220.017861532186	-12.2894998970776	0.320195999813483	-15.3912037773655	-0.964453676687905	-3.90526842534988	-5.24264014359218	15.844634367838	-17.0497468853405	8.12076006991351	-2.88028900394107	-4.51891404790395	-5.32139254182236	1.91834487068436	-24.9078087264154	-7.40010703135747	-4.14202762817788
HG02107	1	ACB	African Caribbean in Barbados	AFR	-279.656012644687	-11.1256766029194	-0.914352559637826	-2.70661744264575	-4.62112560222036	6.2883273134151	-1.96774756412853	-16.0484135632133	-3.28486569906962	-18.6662521632806	-5.26276736221422	-1.14781531529336	-0.300804914385441	6.76746843853034	0.98350560265079	5.51798142795152	16.4041386563253	8.39170681025644	2.47222741163898	-5.25466093398092
HG02108	2	ACB	African Caribbean in Barbados	AFR	-229.360672538617	10.7248586954142	-3.89172383326721	-8.66626508005002	-3.01910058726284	4.42946662544945	-3.33362200046534	-17.1551174801116	1.36225575413558	-16.2961171584525	0.193830786807241	-5.8327209415662	-2.46488022417242	13.0363742965517	2.2806716646961	3.75014252356975	43.1728406846361	-13.1001514169144	-1.53337672356397	33.2360477425981
HG02111	2	ACB	African Caribbean in Barbados	AFR	-263.205442152021	-6.43378170052423	-3.00825567411643	-4.60297070024687	-3.73434759742759	14.9321037906816	-0.673748024109675	-21.8652712234758	-0.76542378370086	-4.47113320863661	1.69349063221375	-0.643784747362147	-0.989762617195731	4.33815575937505	3.56789850837743	1.94704458128123	22.3584726081649	-6.25544650178816	-17.9817821904865	-6.95369811808587
HG02113	2	KHV	Kinh in Ho Chi Minh City, Vietnam	EAS	114.975938245638	-173.681081620912	-7.86951219344724	-39.531611945547	17.2391233664174	-0.610466112468506	-41.8329258711699	1.65675711147975	1.82022937879475	-1.11884467270556	-1.02971609445172	1.22591331912937	3.24729156800848	1.57380249998575	-14.7840677337933	-1.53847729889132	-1.33221415443202	1.92689782980268	-2.85147966399662	-0.665685899421398
HG02116	1	KHV	Kinh in Ho Chi Minh City, Vietnam	EAS	115.401110640992	-170.76512789532	-6.57567260993607	-38.4968467087238	17.0322144165567	-0.175865219223102	-40.6787370192176	2.22735676114835	-1.26136254945811	-2.74829309223799	-1.65403395046808	-1.3251495977508	-2.02405595549906	2.31197371944028	-13.3906467332667	-6.10901362786554	1.7820280709491	3.47635094623866	-0.46230723253921	-1.48066450802805
HG02121	2	KHV	Kinh in Ho Chi Minh City, Vietnam	EAS	114.200545274419	-172.522635458189	-6.23624866545134	-40.39804551114	18.5998784431432	-1.71915903296603	-42.3500474185667	2.23428342282037	1.98494725858641	-1.33950137127268	0.0790737732810394	-3.09222886717927	-3.25319876379606	9.6935051612595	-18.2850698978601	-3.13113850903771	2.33658766863719	-0.252103323282483	-1.41932797320314	-0.137598663918866
HG02122	1	KHV	Kinh in Ho Chi Minh City, Vietnam	EAS	115.13051595459	-175.97688433241	-8.26820545121027	-39.6549959606593	7.17006322968762	-0.329958880486314	-17.5476792653592	1.01820102645766	-1.63215177927179	0.680704436102967	2.4047153285337	-1.6106393975454	-0.128097348388652	-4.91941169015091	9.92108480175095	0.435595213318329	2.45036156305855	-0.299347638835963	3.3111677104128	1.38803712228793
HG02127	2	KHV	Kinh in Ho Chi Minh City, Vietnam	EAS	114.996361195692	-175.957273101581	-7.79818604908905	-40.8950987477	16.5959563727207	-1.34464011617784	-39.9973209757346	2.51282299695673	2.288219082583	0.966327456282833	1.14612811448965	3.06291563826209	-1.9007370996047	7.06362716077842	-15.7178573178006	0.247727513885899	1.3494757767262	2.32462284226198	-1.94994640237268	0.202848865774657
HG02128	1	KHV	Kinh in Ho Chi Minh City, Vietnam	EAS	114.424469758156	-171.263634328591	-5.18772682132949	-40.5522963218975	18.937992599783	-0.815182158037932	-43.590076444229	2.65560019345908	-1.96752952725515	0.864525767180031	-0.426486613453348	-3.92569929610631	-2.92146275626257	7.1390342769982	-14.7684032522728	-1.19376308911629	-0.949818956606626	-1.57514881530737	-2.24327418652552	3.00008114864139
HG02130	2	KHV	Kinh in Ho Chi Minh City, Vietnam	EAS	116.185314281785	-172.482920822432	-5.1765847824547	-37.578038024537	18.3378587405003	1.35281862156655	-41.6739785131641	0.161123103590199	-4.09859832446648	0.205544398867266	-1.3141293082199	3.78524634845402	-1.31441874690913	5.02624217666226	-14.4833223604197	-5.50339648333825	-1.04094103027548	2.30446800879741	-0.638052740540694	1.06302665136009
HG02131	1	KHV	Kinh in Ho Chi Minh City, Vietnam	EAS	111.870087915056	-157.442961594153	4.19104677478619	-31.0663313931136	15.8790186800022	-1.00435494876561	-43.3511910628708	1.2470201150701	1.91564795928676	1.01256956190015	-0.921838413965	0.870391077832855	-2.3564548391247	7.16858062275952	-14.9384417196971	0.753744532431336	1.61772774207885	2.84766620429837	2.21609243704303	2.8166245777415
HG02133	2	KHV	Kinh in Ho Chi Minh City, Vietnam	EAS	113.968815799641	-173.824379993597	-3.15683232754789	-40.8417155221976	16.0012638650034	0.0380209219682056	-44.4120613223757	1.41371288162527	-0.84319441435492	2.48615903368842	-2.03465505705656	1.40451326096127	-2.92844688229333	3.6839806912214	-14.8152321458532	-4.25636295393138	0.602598939800256	5.41269012845679	-2.37840604386387	-2.30335695534781
HG02134	1	KHV	Kinh in Ho Chi Minh City, Vietnam	EAS	114.861167224301	-175.680464181019	-8.47299595957595	-43.5000297929553	16.5007031928338	-1.03982668675376	-43.7807546229936	1.87255290104288	-0.0317448890288093	-0.11855389803784	0.278633839775657	-0.166431640708363	-2.02453080306128	6.17162999620874	-10.6509285272089	-3.4547355315032	0.772873241501368	1.46636284565866	-0.898360652171071	2.80695338771506
HG02136	2	KHV	Kinh in Ho Chi Minh City, Vietnam	EAS	113.330538772234	-170.960387338786	-1.53693878134172	-40.6308544329523	16.0502473060338	0.397802244341813	-41.7899608921886	2.46623245144722	-0.281041711052573	2.84317397324887	-2.89041756978421	1.04617780773091	-6.11719310821625	3.28059426588382	-16.2472792557704	-0.939323077179858	1.48202887015246	1.08266672427387	-1.61756798657388	0.0068362845754959
HG02137	1	KHV	Kinh in Ho Chi Minh City, Vietnam	EAS	117.03767175829	-175.485096662278	-6.04597458370465	-41.0709783603277	16.4899086238949	-0.165580854514049	-41.6520844904902	2.34312129351729	-0.137211595322377	1.07248658952467	-1.09125540101216	1.47689245902539	-4.64034914958612	2.8708640724041	-11.3269462415449	-3.34359598713748	4.12076650750368	2.13940781440509	-0.898606533617058	-1.56566625887901
HG02138	1	KHV	Kinh in Ho Chi Minh City, Vietnam	EAS	114.016854216525	-171.966680302137	-5.72864226484059	-40.3565938133603	14.2184375262761	0.133086093557154	-42.0016950942913	0.0750999363531734	-0.557376114578981	0.492752900033741	-2.64561343867894	-1.29926521983847	-0.654846809381105	4.33313407744971	-10.8296442306953	-4.93284814538658	1.41408341914326	0.937876675075832	0.582216052090724	-2.07739743291123
HG02139	2	KHV	Kinh in Ho Chi Minh City, Vietnam	EAS	115.503694522733	-173.629473041623	-8.10112543344586	-40.8546723710861	16.7731102418555	-0.569135053085306	-44.118895360112	-0.591943409914423	-0.230071231006458	0.516912110673346	-0.618415882798966	3.6831839601515	-1.59523472323655	8.33635138190726	-13.3567841232427	-2.04777384429888	-0.228650540903593	4.30137748371124	-3.19152699445202	1.20963866268485
HG02140	2	KHV	Kinh in Ho Chi Minh City, Vietnam	EAS	115.853903457965	-174.914495097732	-7.97990149261176	-41.2824798757732	19.4904627148837	-0.37644307087803	-39.8490956684894	-1.14377005058437	-1.43043682572739	-3.44497585797549	-2.14943820099606	0.31706622129908	-2.45507911096599	2.60566334079402	-9.47568072488813	-2.30050428921302	1.20396595381877	2.05389905548184	-0.608949726729548	-0.493231308896903
HG02141	1	KHV	Kinh in Ho Chi Minh City, Vietnam	EAS	114.760245019027	-172.827274254123	-5.15483230742885	-41.7185828152563	14.2201512598957	-0.459432877341594	-41.703411006757	2.3391828115486	0.00619065161518817	0.973232980434053	-3.03885403164258	1.34466620779421	0.158437191645288	1.82487055051761	-14.876180700557	-3.65375824511875	2.30649020975225	4.45690873642477	3.75399393282606	1.17804888691177
HG02142	2	KHV	Kinh in Ho Chi Minh City, Vietnam	EAS	113.499526887376	-145.681823310259	-7.84280046585836	-41.8788462663957	17.199625691906	-2.35684444426958	-34.2209994870811	0.214165956351921	-1.41783710073538	1.26627987249284	2.02372163727648	-0.947749915663752	-3.31117873811187	3.46880394650742	-6.68407241715531	-3.4278433245317	-0.0983618953635108	-1.01410891459927	1.17765076853782	-2.60209648681538
HG02143	1	ACB	African Caribbean in Barbados	AFR	-223.221237851682	10.7757069083727	-3.69370969930205	-7.78754528636343	-3.24441800232048	8.00852678976474	-1.75394783777314	-13.4545918436677	0.761758701843473	-15.7398541099888	-2.09110625920957	-3.26309096390032	-9.81182021714422	11.5370274250414	9.64957240041668	13.3773966641134	27.0949426159305	-2.29778582514825	-5.28674408996498	24.810851869837
HG02144	2	ACB	African Caribbean in Barbados	AFR	-268.358703659242	-8.23363694617494	-2.86775183525625	-1.69247081867756	-6.34241399270179	1.34507183505018	-4.30679569350638	-19.6912578444534	-0.213951090474959	-6.03922947943074	2.34405653031769	-2.42436661881518	-4.90409888852877	-4.0461910602207	0.643202706868393	1.62791169463503	34.9927951054118	-4.38345908455791	-3.04716756135178	-7.16622710663194
HG02146	1	PEL	Peruvian in Lima, Peru	AMR	117.972183240175	-46.7020521172188	-156.883146839443	204.08103783575	-10.8243979985268	2.08460714667417	-12.0166807474209	-0.0984553818140016	-4.50067131157572	-7.47312958794081	22.3109580801469	-20.1133896055122	16.0036293533508	-9.74781792386146	-9.11498947780355	-12.7534140302248	3.8521576910149	-28.2874651990511	-9.01389403360946	-5.50525172054047
HG02147	2	PEL	Peruvian in Lima, Peru	AMR	118.50841045626	-56.3988981593177	-162.027376078631	211.423170845611	-11.3891863570806	0.523364388621633	-11.0442898919136	0.935333601118978	-2.56745970481376	-6.78233406181329	12.6123673896282	-16.7454691685965	13.2933224808016	-10.179491802961	-4.17042532001767	-8.20407512138276	3.07430101040356	-29.9434581702886	-10.4698228889769	-5.46023394815026
HG02150	1	PEL	Peruvian in Lima, Peru	AMR	121.185828250958	-59.9840246732389	-165.742536746452	225.108962302766	-13.2186347317507	1.57594353245276	-12.0161481300798	0.744959639033092	-4.0619001128019	-5.92104636867381	15.6156497255304	-25.7715431294486	16.8269311877829	-3.98711664893411	-4.33432308808021	-11.0303815681561	2.17308186704539	-29.0265863918316	-5.62679637216293	-4.27684019498794
HG02151	2	CDX	Chinese Dai in Xishuangbanna, China	EAS	113.891027708004	-175.655074368339	-6.9048162101681	-43.5362807138837	19.9622430486852	-1.86341964873789	-55.2364333217909	1.17063331113612	2.0938367989947	-0.272209264035073	-1.35401891763452	-0.502894118042049	-2.23701582661122	8.25578753142858	-25.2679763733227	-5.50740796120091	0.705043888044703	8.59829565608185	-3.70237706983445	-4.01417371633361
HG02152	2	CDX	Chinese Dai in Xishuangbanna, China	EAS	115.003793553474	-176.495314584177	-7.78271098122989	-43.8191228380635	22.4709812726178	-0.0608135786923522	-58.5046931939369	1.21187505711069	3.16494475059716	-0.478066480121437	-0.196810526949091	5.89637478528376	-4.65337348050933	10.929502567105	-24.3101171564699	-9.18490690345029	3.92704405850903	7.79261431470571	-3.99823733696264	-0.748748575369243
HG02153	2	CDX	Chinese Dai in Xishuangbanna, China	EAS	115.266997730325	-175.481455448609	-5.17091530677837	-40.64653472028	20.1265513601761	0.507342913846642	-51.0488127320646	3.5861767691085	2.89357329714736	0.156367234512273	-0.443148622490693	0.662738761309789	-5.50046847112191	5.26310814691078	-22.8707453226802	0.500480810792711	2.07351250320138	2.97298278375342	0.0195086776931556	-2.17546187608487
HG02154	2	CDX	Chinese Dai in Xishuangbanna, China	EAS	115.877140361584	-177.32493494048	-7.27577517421478	-42.6211475958726	22.2836183786379	-1.52572939385705	-52.3056967385613	1.43946886405076	2.22901166684352	-0.531730172981226	-0.361894156031629	0.963807218645235	-2.89380147685874	6.28476559067789	-24.8986948344221	-4.17976265476527	0.900637180858491	-0.73125450195413	-0.1099956984073	-0.493148895671561
HG02155	2	CDX	Chinese Dai in Xishuangbanna, China	EAS	115.420749798173	-179.793204361851	-10.0585397030826	-44.4599546239663	19.0554749702534	1.36667813082042	-49.8970140034963	-0.374111332992691	-0.0116082505579927	-0.394411735374722	0.176984061367456	2.57201998033466	-4.89754137355409	9.56969122238491	-22.3703598176561	-5.45131199087261	-1.02071176716487	7.97524136152318	-2.70125267195019	-1.39241637758449
HG02156	2	CDX	Chinese Dai in Xishuangbanna, China	EAS	115.150514611201	-176.949305676282	-6.29326091668617	-43.2110466804811	20.1663530134698	-2.20422640090938	-55.5352959841239	1.23485038232618	1.95704717287252	-0.944584369815728	-1.87062775237623	1.03849561956038	-6.29987387344036	8.60696224240396	-31.7564089480957	-5.0458077705159	3.62514943932326	3.15547238670058	-2.74987221626681	-1.21032368636991
HG02164	2	CDX	Chinese Dai in Xishuangbanna, China	EAS	114.196987653106	-175.969193599777	-5.03616956806281	-41.7725019927904	17.3646823523045	-1.50741987476383	-48.4496567480625	1.43393479289367	-1.00550399979444	1.005111787301	-1.90025547924499	-0.691352378785881	-2.36305432569903	8.62089446995964	-19.0943855652259	-0.322084431472821	-3.4798156374614	0.311750774001197	1.13704299266588	-2.52270888568394
HG02165	2	CDX	Chinese Dai in Xishuangbanna, China	EAS	115.23863599675	-174.327231503361	-7.1547351062768	-40.3206194816305	15.6967888307359	-0.131699784063728	-46.0001723471187	0.891635028233165	4.39754066628886	0.232024734032682	-0.180544626089992	3.15508974089364	-1.94063683827836	6.07949099291977	-16.0810199797522	-3.87341188331039	-0.29691446712523	4.12983377143434	-0.76045927593722	1.77461051787988
HG02166	2	CDX	Chinese Dai in Xishuangbanna, China	EAS	115.29087025868	-179.610371804581	-8.59283098224553	-43.7608711677422	22.2558612866559	-0.896005108594434	-57.2685901342721	1.11663439066212	-2.17134206668921	1.33926679852646	-0.664758238367172	1.547914772029	-2.21072226536479	8.95516676182189	-21.1319246077925	-3.04964116426708	0.432266059775282	4.22031412242811	-4.41812189507572	-0.332199035491256
HG02178	2	CDX	Chinese Dai in Xishuangbanna, China	EAS	115.300363801088	-179.773656298395	-5.85093472585396	-45.5825007236462	22.0047612873525	-1.12006681708187	-55.0068844458117	0.754628417808678	0.345325915000035	-0.174320290836958	-0.948239912606282	-1.46413822960769	-3.4996160265572	10.3451650592581	-24.7690408415184	-6.68882510401576	0.847787588174945	1.49126838477788	-2.06097514026628	-2.40081879663585
HG02179	2	CDX	Chinese Dai in Xishuangbanna, China	EAS	114.374680696295	-174.322318131138	-7.16994762985011	-40.1635518331698	18.6333204190428	-0.445263918695015	-49.2463310357518	-0.864938000054412	0.983173844335327	2.51602608058956	-2.10668439118819	0.601475835304761	-4.46822101299592	7.30277229334541	-19.3181213579515	-2.90615756134935	1.43807931860777	2.80414249401524	1.15691673977586	0.126088554146229
HG02180	2	CDX	Chinese Dai in Xishuangbanna, China	EAS	116.136295101128	-180.37552272329	-6.49834092135303	-46.2433653474044	21.1881938787492	-0.776616868869848	-50.5246689616112	1.38678302721115	-0.653792272785354	-0.0252647836424342	-4.7410617455808	-1.11256094106858	-6.95899755295278	5.53831415135309	-22.7739714562507	-6.80617978778029	-1.37198894776602	2.90838366242517	-5.69117989508075	0.388707053566396
HG02181	2	CDX	Chinese Dai in Xishuangbanna, China	EAS	113.817682097198	-176.975529342045	-7.18956956275803	-41.9912157108453	23.7475091915353	0.630771001085828	-56.376229789821	1.4784161784348	1.41454314697231	-1.00303549593766	-1.81656702865468	3.72306674105446	-7.06072481699243	6.3306275198564	-18.6359408791636	-3.47381535378091	-0.408827731687393	4.63910232824544	1.00445106456531	-1.74080502063579
HG02182	2	CDX	Chinese Dai in Xishuangbanna, China	EAS	115.692258003587	-177.856389161765	-8.01507054367547	-44.3829906660261	20.6963088502103	-1.37443968505922	-53.6570086393994	1.45881122971422	2.5425447243703	0.765329234519857	-0.34475889998881	5.342743086009	-6.91332444467419	10.7628924018166	-25.1368932209496	-6.25113087465265	2.30819155372509	5.28613856802341	-3.6595855996674	0.631558489917557
HG02184	2	CDX	Chinese Dai in Xishuangbanna, China	EAS	115.954656144116	-177.970814805454	-9.74322886693617	-45.8057831746653	22.5153080910047	-1.28455959409691	-54.8865024613011	-0.192682285789626	1.15708172279154	-0.365970754825567	2.41017354216324	3.40543964974869	-5.41219224273282	7.14046135132465	-20.1037428692844	-5.47117647335036	1.62994209296741	2.40405454930793	-1.88313957400528	-0.4026346851741
HG02185	2	CDX	Chinese Dai in Xishuangbanna, China	EAS	114.816722723476	-176.255857835786	-9.23292111782391	-44.9002572429069	21.8861869928948	-2.3827684842359	-50.6027934904011	0.77480926157617	-0.720998240827058	1.09808966225043	-1.00800611043058	1.75222233807863	-6.67545930673547	6.27374071943678	-18.1106422966677	-4.7187449680027	2.84700293677649	5.90689233154233	-1.9353038947565	-1.94060297583855
HG02186	2	CDX	Chinese Dai in Xishuangbanna, China	EAS	114.91286745109	-176.796814790819	-7.94615122488685	-42.7554189272678	21.4677489251364	-0.281578198502518	-52.4940779519026	-0.845725406704663	1.59515190131112	3.26829008945562	1.31969566871896	0.251032441977701	-2.5603938726294	6.63805762573487	-20.0607890128189	-2.37897328293749	0.581526675012773	2.5769609157722	0.25523528513462	-1.30831184550661
HG02187	2	CDX	Chinese Dai in Xishuangbanna, China	EAS	114.401404447093	-177.55806113263	-7.76438564743825	-41.8227644861642	20.4081300137212	0.190736083619783	-56.217007205016	2.72880499188955	0.285915710597461	-0.383261743277363	-5.95200260665536	1.80411752698402	-3.47785555339313	10.8040069954242	-19.7339905843371	-6.67821760696135	3.14307596505321	7.16627667681911	-1.92750448563769	1.30018391507295
HG02188	2	CDX	Chinese Dai in Xishuangbanna, China	EAS	114.360015546841	-178.480666628262	-10.1320169935193	-43.4168280791832	20.6915224107788	0.386163283924909	-57.8466080578463	1.36903309758133	2.3644510567905	-1.55366671730946	-0.334708185677431	1.18608935744556	-5.0485702358781	5.85777912261761	-26.4173554063602	-7.18393387095675	3.01911395344678	6.58884788000496	-4.51672754318601	-0.601160978891832
HG02190	2	CDX	Chinese Dai in Xishuangbanna, China	EAS	115.609058650665	-177.066450667197	-6.56482557201809	-44.4184504757311	20.9540401195766	-0.840226917524655	-51.5116652255825	2.28179404097173	-1.3499257192906	-0.686024101169363	2.86065684740112	0.461296196026308	-2.77792127473979	4.85760385108208	-24.012774923367	-3.74084740854679	1.32739236105723	8.07243075160603	1.41934207539956	-2.45360435820093
HG02215	2	GBR	British in England and Scotland	EUR	96.0247575288425	144.414670329598	-28.8214406836644	-49.8916419540138	-11.0669657387168	-1.1701982156641	-9.39785572044854	-1.68867690384019	-12.973322026564	-10.5548608947124	18.7536441334932	-20.4338973776944	-2.87050129881489	26.208197721743	9.40547094269918	14.8339225284021	-1.22816914994529	1.25272858018818	-0.636758212786581	5.64252822401852
HG02219	1	IBS	Iberian populations in Spain	EUR	88.5587837607929	140.675873499441	-25.8818424948097	-50.8219573837669	25.6451414787954	-1.38903357523264	9.22119584488471	-3.86966483249955	-0.086826299331998	-3.35206167220062	5.07967617108886	1.35655661194293	4.88993266292408	-0.345187076808753	1.30954118795651	-2.70033815782397	0.761487305554557	-16.4807335331042	8.28646418964382	4.47690514993959
HG02220	2	IBS	Iberian populations in Spain	EUR	89.4299249249429	140.010268419261	-23.9774933157855	-51.0190072212848	20.6996488514324	-0.438565669592262	6.95792883817996	-2.71270195579547	-4.16126679984706	1.31225134877056	2.21660597068664	-0.932286248597744	8.82126722299729	-1.69598962517386	-4.52902774639251	-11.6254949682866	-0.306749522970671	-8.99304971032437	11.4439424433369	6.40332513606559
HG02221	1	IBS	Iberian populations in Spain	EUR	87.5376665858326	142.494177775716	-28.641910960073	-55.1155759409681	26.0558890637808	-1.97875181013319	11.9724854363404	-1.64038924766631	0.42716392230161	3.12988201355354	0.691787881809562	1.71029490289274	10.7019591178487	7.51892500802685	-5.38050365248873	-8.7018471446869	-3.7257991036555	-18.4682084803349	4.2725413516333	4.33329525312871
HG02223	2	IBS	Iberian populations in Spain	EUR	89.2361016560491	142.70836881369	-27.1768527402687	-50.5405576818153	22.2099689866159	-1.34207335861086	8.34757196495308	-6.4913372969168	2.21256417411315	-2.0010780676759	7.59517046805542	-0.264177794772112	7.45942323905725	8.22521572559698	1.66099732949118	-3.59541778701059	-1.13375637080017	-16.0242220675164	3.34253550159691	4.18828134568693
HG02224	1	IBS	Iberian populations in Spain	EUR	92.4806926748647	140.648659872139	-27.4673015514297	-49.3888553846808	17.6761149338289	0.131060935866765	5.95026936901521	-1.87195118340003	0.811680824965378	-0.986583679131804	6.14677668046872	5.88088803921763	-0.504565077237986	-2.58398147270624	-4.97126298096125	-1.95101162770606	-2.51149177372494	-12.9453745047103	12.424511738525	6.08567799035817
HG02230	2	IBS	Iberian populations in Spain	EUR	90.9369554196107	142.669798556597	-26.9139892153549	-53.0082174889958	23.9443204479109	-1.58300469171841	6.00120196528597	-5.00227202541236	1.76226565044548	-2.87474488913208	4.91364913937364	-5.26136048763673	6.14971065897424	-0.992416757907767	-2.67671231725574	-7.39988212475643	-0.751744532166773	-14.353379903009	7.85863385893415	4.57515393610883
HG02231	1	IBS	Iberian populations in Spain	EUR	90.2087220293945	141.561310793209	-26.7010346009921	-48.0834228923658	21.1378890181994	-1.71322302754946	8.12976321695353	0.189184067578516	-1.221263957689	-2.06097324095664	2.53898567971262	9.24465761776235	5.28583200327187	-4.38464136054476	-2.93520918815108	-11.5335560686191	-4.25470514077323	-2.74427643056187	-1.16175831433765	2.06615384155186
HG02232	2	IBS	Iberian populations in Spain	EUR	83.212845127357	141.456945931592	-28.1223107803786	-51.1988810255261	30.1491738770122	-0.856358519956293	12.2273872170802	-0.973152987739223	3.89140246259373	-0.200253481537231	2.23694509989008	8.96154867383085	4.29575222931729	-8.89897121980937	-3.26906651209751	-5.72271946709659	0.630599355267777	-17.6327103829824	10.9449802248423	4.4085106196138
HG02233	1	IBS	Iberian populations in Spain	EUR	83.4731659062967	139.387217422002	-26.3158857920544	-48.0608387694006	29.3068261512222	-1.70143295310041	12.7595027829825	-3.58376594898935	5.60880716229101	0.4510431943562	3.19946894648214	7.82567686400937	15.6547194013226	-9.7765119063107	-4.60643457634397	-8.54508661604085	5.64622629542965	-11.1169058223377	1.44614841095329	0.487559270962717
HG02235	2	IBS	Iberian populations in Spain	EUR	87.0206660785828	138.537638321991	-25.5571884147702	-48.8962422590133	28.9816879697913	-1.53864278698432	11.8235369820062	-3.07205041712534	-1.34336293804319	-1.46466326235974	1.27113478275576	5.32101304234186	1.87324021010379	-1.00665057423497	-3.34545196682549	-12.3777886593609	-0.125689280246815	-19.2799381418159	5.80318143973006	7.88054513553202
HG02236	1	IBS	Iberian populations in Spain	EUR	87.1693342727046	141.492558895658	-26.5376372074458	-49.3705680934154	22.2014259012888	-1.92679555794306	6.58401353699537	-3.95203748852623	1.13515847012726	3.36064234156595	1.70988897101707	6.45496927392615	4.41515362911491	-4.85692554374825	-2.66394634098527	-4.78418752781113	-2.5261762022948	-8.86884562115997	2.87491980395755	2.77969604973628
HG02238	1	IBS	Iberian populations in Spain	EUR	84.2674309906181	141.833445692812	-26.9344760317254	-50.6108391449756	27.9021118593003	-2.83303328794096	8.88468402054367	-2.12803171403597	2.57601130897583	5.41972507011745	-5.02283503541779	5.80664419302542	0.046449381592018	4.67386372492377	-2.60021703802737	-8.55986394962909	-1.15378452253746	-22.2156060015873	9.23037346010411	10.4273033350446
HG02239	2	IBS	Iberian populations in Spain	EUR	81.6757863064263	134.335891996216	-17.9681413331868	-44.3443549095862	29.1365017141722	-2.45301331078266	10.2937456959511	-2.56562209097408	2.22195354471593	1.96731201460818	-0.289916523982769	5.95499802590487	4.73429743256945	-9.19515203348834	-2.06548543048809	-10.1132193610151	1.48329631680806	-11.7978546285633	7.86687280984665	5.00232749600198
HG02250	1	CDX	Chinese Dai in Xishuangbanna, China	EAS	114.699929525463	-175.258892825742	-6.5536638490313	-42.4462447257878	20.3358482935588	-0.678184799951795	-53.0136505208283	1.51715592672895	2.65776080499654	-0.183973649421763	-4.12452049056665	1.91285693723898	-2.77431095145386	9.6998936800053	-24.8447386375986	-4.35042913499124	-1.61038080578418	4.51706643942736	-3.77043683083952	-0.644256279075123
HG02252	2	PEL	Peruvian in Lima, Peru	AMR	103.896437393243	-3.31934263435841	-118.347058108942	137.331222201714	0.530406517408119	1.14608091639075	-4.23993017330889	0.492496071840111	-2.03957195301321	-4.84390067979071	7.95768952646166	-8.05612232245422	6.95794122191891	-4.20561610381843	-10.5530065755917	-4.84184996467184	-3.61290854164439	-17.2433647058111	-7.12633194232443	-3.92067894700025
HG02253	1	PEL	Peruvian in Lima, Peru	AMR	104.276612505917	22.4771507850803	-105.368771049281	110.147859260101	6.61504457870424	0.284659740942981	-3.57762218695039	-1.13040144606589	-0.454950937151652	-4.00264756119998	9.88737257887441	-16.7780507878299	18.1822142114091	-11.6861454977293	-5.73288401402265	-9.29689735313449	-0.541074908437732	-24.2676122838144	-6.73455124483742	1.16802952867344
HG02255	1	ACB	African Caribbean in Barbados	AFR	-263.80953591796	-7.83929718612052	-1.03344997236309	-3.70859742817029	-3.73848257677759	8.65394812845431	0.663360918196954	-19.6537689351924	-0.118902939615146	-2.26417893939463	4.41284323169549	-5.61958741365357	2.6844357114978	5.12283631583942	-0.496661923629083	-8.39221848878374	25.3845512901543	-8.75673139591408	-6.95839241852994	26.5463395297994
HG02256	2	ACB	African Caribbean in Barbados	AFR	-207.722276427794	14.2212492388216	-10.7892077231223	-3.19243219499081	-4.74869390300131	2.92090669763562	-2.09837262408383	-19.6411313579776	1.02660852155484	-12.8039442589436	-2.90155991568202	-11.5299754929968	-6.49862618742454	0.217605132409193	0.84179476576201	5.88774809948664	29.5700989950707	4.97586793788674	-36.8603378695666	23.9161528806524
HG02259	1	PEL	Peruvian in Lima, Peru	AMR	121.962217129035	-69.7939447638016	-169.43129034311	230.542614075626	-14.5096458007759	1.78318371541129	-14.3257413811677	1.0786021878712	-2.83294504759288	-6.11054197208245	16.908964587485	-26.25092637895	17.2252840113342	-8.36028029838448	-12.6743073825152	-10.2683675118994	2.84937233610588	-36.7515246352675	-12.635669095417	-9.39474663899031
HG02260	2	PEL	Peruvian in Lima, Peru	AMR	113.680924367997	-39.0321685448962	-147.77432932168	186.034017833552	-4.46248053627803	-0.198883007181495	-12.3242821139833	2.62238340590297	-1.69775538768905	-5.01974894466259	13.5714634810302	-12.5433879950277	10.4622344807996	0.395989975196986	-5.37621480681629	-5.32239293450889	-0.246818448194988	-25.6822053990593	-11.3120884440748	-8.16631829406751
HG02262	1	PEL	Peruvian in Lima, Peru	AMR	113.493560252597	-28.4927356743628	-139.685941366856	173.332903313588	-2.74516423231323	1.08074552324017	-9.65484479005562	0.034869609471232	-1.84566029891726	-2.93882200230475	9.77422489542225	-24.0977188531767	15.6489555645785	-9.43940184408526	-7.88782077797233	-10.1662453848803	2.25306205079567	-30.1417916748028	-6.96489431670441	-0.649188519821165
HG02265	1	PEL	Peruvian in Lima, Peru	AMR	120.633112459384	-57.4858831431686	-165.260472001885	222.222707055668	-11.5189519706155	2.32280443204232	-15.1830664848768	0.445288267258057	-5.39167931103122	-3.8107767571505	15.5967419987714	-24.1882079483577	17.0736973436734	-7.11021461313661	-11.3459441753706	-12.5593513610707	1.21610245054615	-33.676165999783	-10.9211433881109	-7.98037910697956
HG02266	2	PEL	Peruvian in Lima, Peru	AMR	119.107412467068	-61.5459577635752	-159.287540250586	209.862734800612	-9.30344209516163	1.10603103764506	-8.65265788037765	1.92546731307538	-3.18503444401992	-2.33067383859857	1.2528261781502	-9.66481935248382	-1.52416252349387	-1.52533835960134	-0.714006190022338	3.27543018499522	-2.27185175472858	-5.48302977767893	-7.29804903116953	-4.40725870799429
HG02271	1	PEL	Peruvian in Lima, Peru	AMR	119.851023739598	-68.6947621062958	-169.681615937185	231.231215897694	-13.6634752610008	0.248714193525831	-15.1860519111505	1.21342680696134	-5.18058727822857	-9.63717704019816	25.8572916030352	-27.0909548739213	19.4085257621966	-13.5471717781412	-8.90034462131513	-15.9962021024564	3.54430153569406	-36.6084757311124	-11.4601605087669	-7.1689590234532
HG02272	2	PEL	Peruvian in Lima, Peru	AMR	125.807956010108	-75.6305894657043	-176.445838150828	244.210871939009	-18.9791574844823	2.3670571711489	-15.4723616275747	1.60803135553837	-4.64327868328009	-10.5246744469989	22.8168525951059	-29.204423309228	18.4145423731121	-10.2576818750298	-11.5588148251269	-13.7566055650624	5.09013754930663	-37.7277082461142	-9.33558612808778	-4.91891308366859
HG02274	1	PEL	Peruvian in Lima, Peru	AMR	12.5566192353699	-27.7863996848981	-105.269150653488	136.039412745479	-5.37676333438124	6.74343442131185	-9.20608228731959	-4.86428790133212	-4.64837674323795	-4.44341177636325	13.6709149296975	-11.2884566167158	16.7668902887864	-6.46466824924079	-5.34269237921091	-9.90425253831441	4.96369637686543	-28.3232675222443	-1.65903786811468	-7.08414741885892
HG02275	2	PEL	Peruvian in Lima, Peru	AMR	121.613479000719	-63.3089152522698	-166.026323831323	224.299599031154	-9.76308303378599	1.1787645286088	-15.8806033019881	2.31467550295656	-4.24522327091155	-5.13292996500225	17.5103803954784	-20.1042796904005	17.6201928119364	-6.58030123306798	-8.66933195610305	-14.8483821451796	3.76421689915261	-34.2060399443988	-11.6358177609041	-7.97309239224111
HG02277	1	PEL	Peruvian in Lima, Peru	AMR	112.224722694079	-7.0225744926746	-124.163911009315	144.466746778033	1.67198529946549	1.75065661242413	-7.83751350583832	-0.988994840361374	-1.00993526691961	-2.58821146238819	8.38725695475823	-4.8329487329055	7.73431092989105	-3.0885172308373	-5.32549813813471	-8.46980466001244	1.02844288095516	-8.61740150135551	-3.43636333827522	-7.46646723112927
HG02278	2	PEL	Peruvian in Lima, Peru	AMR	115.887351511181	-55.2866628077129	-156.90298492517	209.324371814334	-8.93573218388805	2.04490963148072	-10.1782476544458	1.84108111976888	-2.8434916892696	-1.76110945805426	11.0991156136339	-14.0777903144408	6.96848703672942	-3.62752054107509	-4.75051143697383	-7.32423897167749	-2.22652248853534	-21.7424409219101	-3.17511454502174	-5.0443633309106
HG02281	1	ACB	African Caribbean in Barbados	AFR	-277.050522578034	-11.2675184393633	-1.10885350422649	-2.75416082687893	-4.65697447628616	13.5975204115701	-2.38978537110904	-20.0741862944403	-1.67329564001296	-8.97151682972002	-5.17568956915758	-3.71018322919454	0.765549531019082	1.37750666467783	-8.72730815434615	5.84031545514323	38.9758176996868	5.32420266328663	-20.7150968533252	40.2171108720414
HG02282	2	ACB	African Caribbean in Barbados	AFR	-215.751460962122	14.4765477276502	-5.42499255069083	-9.34765633726875	-5.66113919503217	4.2142279527353	-5.38415272372097	-14.3326055321614	1.82692730073413	-15.6174296111322	6.25470914176242	-5.39231648777253	2.4488110874737	13.5156985987499	4.42337011523001	6.69466032129845	34.4373150070802	-15.5449972520089	-9.92893070083142	4.13104018376266
HG02283	1	ACB	African Caribbean in Barbados	AFR	-213.697981577984	14.0269764908714	-5.49439821967315	-9.69871830887688	-3.70408603317478	9.39124403254443	-1.85271621455035	-17.1701997893669	-6.0514892226171	-15.9278317165583	-1.65760816512318	-5.14957708537811	-5.1072460700972	2.80604166054386	2.48731426163586	14.4880842634769	51.904841556607	-7.14977123211619	-15.0930160184911	-6.56627942568915
HG02284	1	ACB	African Caribbean in Barbados	AFR	-232.77193746779	8.16313262011653	-2.77944601603496	-9.84393043650311	-3.65938568239209	3.959071697943	0.55680003357522	-13.4240104888887	1.85572530871739	-3.54005306175239	3.0531157537919	-0.992951114231835	-0.907981942776004	8.76393869169433	11.0202539338128	5.89140342801812	14.5768614177229	-4.87906649133444	-8.91831441160633	17.2521105902954
HG02285	1	PEL	Peruvian in Lima, Peru	AMR	110.479587698356	-30.646502451001	-140.857234028297	178.560451206939	-6.32121968763162	0.432782977882278	-10.0564931645057	0.198854851802018	-4.67671178364279	-4.40012307699193	12.4555813803359	-14.2598446547163	8.02035206056152	-5.12993408687609	-3.64835052305814	-8.52690210951928	1.59494176323166	-21.0966187377023	-6.01880704676488	-1.27875006223274
HG02286	2	PEL	Peruvian in Lima, Peru	AMR	111.392676459293	-21.8561120602415	-134.743542561606	165.564214785976	-5.74409138728102	0.518389873378951	-6.72705473286541	3.00664312296511	-0.406392898688603	-6.61957249147682	15.7492142387351	-9.96854272537343	13.3823640637938	-6.78159706249203	-4.82337203956165	-12.1846494192128	3.83537807742963	-24.6989487722109	-4.50283084849904	2.1161565068869
HG02291	1	PEL	Peruvian in Lima, Peru	AMR	122.230099130838	-67.643637464068	-168.415159018491	227.710489343673	-11.2421375013765	1.29836580528591	-13.1883600219176	2.263426380301	-5.22473605202091	-6.9634802891502	18.8217920485617	-22.8764416927005	14.8321319743331	-9.62441363885783	-8.30241095039406	-12.4135029200105	4.21857393557247	-41.6320799354672	-15.3645448262086	-8.16070803075052
HG02292	2	PEL	Peruvian in Lima, Peru	AMR	120.032933176412	-42.2743337022954	-153.508227117421	199.410832818898	-11.4795623282335	0.719226467935383	-12.8844392357642	-1.67198228706981	-3.76144958781791	-6.39374868826378	18.6297921789278	-19.97052217179	19.9969252841993	-12.3909951377926	-5.55057229624701	-8.89119576812022	2.78335015992355	-33.955609849933	-10.3763992949432	-7.36221493549914
HG02298	2	PEL	Peruvian in Lima, Peru	AMR	105.296912966383	5.6289883535766	-118.44745308086	125.054660131315	-1.90597887422161	-0.730917517679369	-3.65042903141069	1.97173495843816	-5.74779893037543	-2.82017455923449	10.8073530900857	-12.2405785253847	7.41887451474535	-3.22240061684189	-2.95642450498748	-9.39126177261147	-0.082475674730604	-26.5397609805797	-6.61935908285234	-3.81740207386966
HG02299	1	PEL	Peruvian in Lima, Peru	AMR	118.689004548425	-46.5457851338528	-152.798511497925	197.695006086646	-8.4047932376114	0.611097820406767	-11.6300742446442	2.09725669472848	-2.5088613299029	-5.51816143538059	19.3678858850116	-20.3875349152111	14.8581793835804	-3.64607575541117	-13.860950565597	-11.3684210173785	1.86456842496527	-33.0046305367175	-13.6783019179739	-7.93791437618564
HG02301	2	PEL	Peruvian in Lima, Peru	AMR	113.224550659562	-34.7287377569991	-145.299538253482	188.879182279793	-7.22549307218453	1.29239310093286	-8.78024495742407	0.787113150898307	-1.41090816527955	-7.20748402490138	15.5271355790205	-16.2678177288632	14.8389875051907	-8.71691691206243	-2.66869261897473	-10.5763657718736	3.02180607854874	-20.9402167392763	-3.25897690366367	-2.14790682346002
HG02304	1	PEL	Peruvian in Lima, Peru	AMR	94.3689809382004	-37.6893701798686	-135.168373630045	168.836609628386	-4.45304766108987	1.37334077575345	-7.07780824492056	1.03273678292467	-0.860136522976454	-4.80589742660815	7.98610196602183	-15.739031581544	5.54035495682718	-3.86497023534129	-8.95835323553728	-6.18143090686299	-1.63621749649742	-17.1227407858279	-4.30815898130141	-3.45862693697155
HG02307	1	ACB	African Caribbean in Barbados	AFR	-269.370934758179	-7.24896714182958	0.153613870759798	-1.98733534021056	-4.59716024996512	-0.548205738746317	-1.70267122485602	-17.5044089349926	-0.187576186949527	-11.1879388511345	-2.23004139984629	-3.39372022889452	2.74396153505529	5.83179817758039	-4.04759798901612	-0.46613866528136	25.2132505701796	0.939083001421363	23.8764712535778	-2.29805425582321
HG02308	2	ACB	African Caribbean in Barbados	AFR	-249.972312813148	1.35141398529603	-2.87890882122706	-5.43895409178596	-5.41843735005537	10.9534328179929	-6.22474709807751	-25.6620031794485	-1.02840524334261	-9.90885474685567	-1.60260460764174	-7.61197998260831	-7.50609728492999	-5.129271033229	-2.65771409507197	0.558389259888131	7.58689123992246	7.77591869679196	16.4179130170632	14.9151189879593
HG02309	2	ACB	African Caribbean in Barbados	AFR	-252.753543504165	-0.360109933067437	-3.91603590408162	-4.86081223186079	-3.55946449063629	11.4975125524174	-0.236455192775163	-15.2249568025463	-2.74531728796414	-8.00834120582087	-5.91918839276807	-9.29115061684628	-1.16835467307532	-1.86607644661048	-3.48999468653938	2.94623048022932	33.9476460171192	3.78290748310546	23.5113941567854	35.7629300770981
HG02312	2	PEL	Peruvian in Lima, Peru	AMR	107.870866698461	5.42619419787012	-116.299785168236	128.794747452137	2.19817909972803	0.57279427086246	-3.31474148498238	-0.498350421585225	-0.111923032691736	-2.03302726849666	10.8713162755283	-10.8472441537054	9.87786057366448	-6.76711140910006	-7.2414920128873	-2.17153768614233	0.223218940583466	-10.8966687732299	-1.64760244260542	-2.14531469471084
HG02314	1	ACB	African Caribbean in Barbados	AFR	-267.209797045185	-6.2878233612213	-3.66640803573071	-3.64342739868146	-4.26770906818938	7.44488719804514	-1.0171362365696	-24.9023183474849	1.89190084416784	-9.62497215710741	0.349051200639424	3.31134496926237	-1.34945454120306	2.44901564544818	-0.0405846850486725	5.39487328421473	27.0511812218263	-6.88597451726444	18.6942632590685	-40.5775135677918
HG02315	2	ACB	African Caribbean in Barbados	AFR	-242.854833726289	3.84552204225886	-3.934372759271	-4.45697550909109	-4.36146218630108	5.87263315758786	-3.98703397086215	-18.4763887889812	-1.37525039098553	-10.6640615736568	3.94593775114515	-7.14435662879996	-1.64017767023163	9.84028260786474	3.27166078595059	3.34596387524477	34.2254711856779	-17.2407900726603	12.8916003095883	13.3254467337207
HG02317	1	ACB	African Caribbean in Barbados	AFR	-269.549802497923	-8.46791182845123	-0.688897295656177	-4.31165586760106	-3.65713120392638	12.8160503177323	-4.02981138909066	-20.3861638522601	-0.569286425532298	-10.9767762804498	0.229384618153328	-7.32951293043237	-1.81182647005965	0.430342374356293	10.1279310870557	4.13393987457892	38.5079873749235	-8.42377475046313	28.8402199390047	20.3624652293214
HG02318	2	ACB	African Caribbean in Barbados	AFR	-270.22533157391	-11.9275613253268	1.27762536988871	-3.52763106350222	-2.76874680048518	14.2163623872183	-2.10610095721142	-23.3742449404998	-3.78086230104798	-7.80552706831908	-6.33233121526391	-4.54437176180131	6.60307993074304	-3.76355353964338	3.54876501100512	9.03788785190011	23.7497601076501	1.88971336908925	6.2235085903476	21.1996841929672
HG02322	2	ACB	African Caribbean in Barbados	AFR	-243.861778457	2.59767818169502	-1.78263525810205	-6.49800385464202	-5.37115973174277	8.16379523462446	-3.76082055842135	-18.8051380699162	-2.18290393931204	-11.7564483582293	-2.55785080329702	-1.77539956937621	4.02126176204261	1.01874662364779	4.3053722764192	-6.32986506797694	25.7159249824472	-10.3416824897951	1.26663334055372	-26.2720875196854
HG02323	1	ACB	African Caribbean in Barbados	AFR	-266.447632042967	-6.13232723663871	-0.743781404343157	-5.70558403602617	-5.94438441541736	8.7685086246324	-1.97451782389296	-22.5544543487323	-1.63575115763609	-6.05762422348446	-5.37321242787322	-5.58872991378238	-0.783662241085781	5.81511308456167	-0.823691247287399	12.5055219724386	44.8958733097766	-15.477637179016	-17.4989078280756	24.8561790710087
HG02325	2	ACB	African Caribbean in Barbados	AFR	-280.029587738268	-13.8802818919772	-1.22339649144442	-1.94613909962859	-4.65620838664308	9.37538456321208	-3.53960002939176	-19.0829365964329	-1.7046969784928	-13.1543405981486	-2.14595934163883	-7.73131764732239	-2.12342827696167	2.50772744128095	3.71419734517586	0.872526525939556	33.4679195198749	-4.99602081357617	7.274209333993	10.0734747061321
HG02330	1	ACB	African Caribbean in Barbados	AFR	-250.161486586786	-0.592028260134911	-2.47525455767289	-4.48687606265586	-4.61631442962745	8.8242513630163	1.59999509210986	-12.1002233575356	-1.94240018349338	-9.61448158098049	0.8647988145446	-6.84540820883562	0.718229183546632	0.636501846917634	2.50947147037335	-2.46640695043257	38.0195458816909	-8.20173916292311	-12.6352860390152	5.86589229371964
HG02332	1	ACB	African Caribbean in Barbados	AFR	-255.595676745146	0.0461201216967101	-2.61329423525389	-6.02356048009172	-6.75241422374508	6.49578606032322	-4.26904611055622	-19.4016910195697	0.053531145961196	-17.0682989735331	-2.999392350052	-0.98189914814134	-1.06219607251883	-3.8628159262605	-4.98255444118194	4.01175619819186	32.7663970042585	1.22541413577089	-3.6996925909057	12.7407122399377
HG02334	1	ACB	African Caribbean in Barbados	AFR	-198.151871541969	20.5753394079784	-6.75401548824084	-12.0539576355043	-4.91048944521696	6.90003204533331	-2.37691560162082	-18.4191952244839	1.57079204648641	-4.33341931991592	-0.324174942015876	-10.2771136867867	-3.86667523978105	6.33651850395481	-9.7959930253497	6.3398540386649	29.2559685129212	-0.282652547565783	-22.3441861936627	15.7048548939165
HG02337	2	ACB	African Caribbean in Barbados	AFR	-244.265748298304	2.84820558765107	-3.33138567559321	-5.42626964844915	-2.60635286592737	13.9084559893509	-2.60427156777397	-21.225919679773	-0.0324120488505345	-14.6618692110579	4.60508463791594	-3.25798410625516	0.34080388624238	4.68710565439291	5.54102107191414	2.51608760507269	21.6375952011429	9.04045977391204	-18.9825413154397	-2.41500169328127
HG02339	2	ACB	African Caribbean in Barbados	AFR	-285.146430680762	-13.7171051490627	-1.13663942672198	-1.78128050542681	0.111236346590908	13.8630476430149	-2.74067071648127	-20.1337260683366	-2.75160737560935	-11.4755874906826	-2.19859622644098	0.876813452330192	-4.97863125618497	1.55865810487605	11.2404425544021	10.6858642527086	66.482330353127	18.4670176820445	19.6537705157805	26.1234790697143
HG02343	1	ACB	African Caribbean in Barbados	AFR	-204.992460960649	17.9290414398312	-6.30788283217909	-8.62420676461239	-4.95166886718694	8.76154882661824	-0.730181780897221	-16.3853448573623	-4.22951275165728	-10.8085570760459	2.42449863188695	0.645897365308626	-2.04889624420824	4.76735325547522	3.13934016424966	5.81987959647083	34.1627496008429	12.4643223607847	5.86919673503121	-1.6366471189226
HG02345	2	PEL	Peruvian in Lima, Peru	AMR	79.4380189582812	-2.40681025366162	-87.8371919284415	81.3672609869189	5.12274770167819	1.07585821599542	-7.93849591319953	-0.739105745852912	-4.22805887295726	-2.246742534874	1.97896712229111	-8.9738057967408	3.67038303920081	-1.78818300307803	-2.17620176279344	-10.1029833122468	-3.85540682232707	-12.0990485286687	-8.00782994510436	-4.36373890469911
HG02348	2	PEL	Peruvian in Lima, Peru	AMR	112.599510676611	-37.6454423200582	-147.292114991281	192.152552395954	-7.67870509178253	2.17876474079021	-13.0042890899618	2.02199101262701	-5.06635282764532	-3.80467298977912	14.036971465269	-17.8714819807616	10.0179506869459	-5.97467621381194	-9.28439466449987	-8.83435169262963	3.06207094258871	-24.0947869913751	-6.8021899482951	-7.05737947468755
HG02351	1	CDX	Chinese Dai in Xishuangbanna, China	EAS	114.624792259935	-175.885480254458	-6.30424836495963	-44.4311687439251	17.986832387363	-1.86537434618355	-54.7023307853413	2.05178120832003	-0.32626773347754	1.56386895570284	-4.19957452594934	2.93255041694731	-1.70699504385736	9.99710655188333	-30.6708759999771	-5.05048298026717	0.148101709465855	1.84597579572778	-3.04429122405395	1.72605359680261
HG02353	1	CDX	Chinese Dai in Xishuangbanna, China	EAS	114.905578626723	-177.146548921001	-7.15043149390253	-43.2890069291964	22.731655707363	-1.50438697745432	-53.9391705709772	0.591716130354196	-0.41213829629777	-0.247805983966776	1.16307950906091	-0.134932923248189	-4.58769600570964	5.92571123358692	-20.2095666109367	-2.24532175143882	1.34553190065377	2.80121039814135	-0.326038140755152	-0.366446242702308
HG02355	1	CDX	Chinese Dai in Xishuangbanna, China	EAS	115.674718914012	-178.219857502804	-4.95528079314276	-44.9430017499896	19.4139182484125	-0.840752264677331	-51.2422730614048	0.575953628175883	1.15475169285626	0.567564656359009	-3.91738674125291	0.401630551450673	-3.70604374523855	9.34165790497005	-24.0084068346635	-5.96589135531215	-0.658858418218734	1.89592376621751	2.29861948193653	-0.161340083334639
HG02356	1	CDX	Chinese Dai in Xishuangbanna, China	EAS	116.812116107471	-178.077983034076	-8.77799784595777	-44.4679432811421	19.4901984342544	0.561184609925135	-53.9918500416258	1.88040925579395	-0.192424630826314	0.629114537506824	0.139155420427013	6.27479798326223	-4.3688091580016	1.29084148996113	-25.7314268473903	-4.92679161972272	3.97449694754296	1.98924783981065	0.468959900335308	-1.72178889444432
HG02360	1	CDX	Chinese Dai in Xishuangbanna, China	EAS	114.618683629489	-177.496147422348	-8.39329993888768	-44.3017221858961	19.9609077791328	0.473333507470496	-47.9874632490887	1.22129941886287	1.21877549721417	0.0317936586422077	-1.38411695701387	2.4113213256729	-0.527956420052959	9.61079347729208	-18.6660648244517	-5.40216125577232	0.289676104098262	6.53727449523529	-4.08966037076416	-0.610945801938375
HG02364	1	CDX	Chinese Dai in Xishuangbanna, China	EAS	111.263478088328	-179.442700087214	-8.31566882940338	-43.077030242848	22.6848940993447	-1.08626878461648	-56.3476933154363	1.14711552439165	1.56211911723504	-1.25493368248548	-2.09326118938886	3.9805162267862	-4.968006309306	8.7059440054665	-25.6462825696959	-1.90575338024163	-0.277904033248866	8.4268257420895	-2.57758700221181	0.238218656487362
HG02367	1	CDX	Chinese Dai in Xishuangbanna, China	EAS	115.771167037909	-177.333201996703	-6.8005431842345	-42.4406083486428	21.7061683528915	0.304785463544669	-54.5683009114944	1.6337106714598	3.22871939941788	2.10981585160675	-2.13529748072428	2.28737529786967	-5.82324946619589	6.49151292383335	-24.5691294393041	-2.03284372002036	-0.663051514715331	4.62120731271924	-1.77474291140749	2.52872152464446
HG02371	1	CDX	Chinese Dai in Xishuangbanna, China	EAS	116.653018931901	-177.556573586918	-8.82523266196819	-43.6582727010703	23.0031338369054	-0.623441537066857	-54.1578443668372	1.56004985702215	-1.50529906061252	0.341109195043005	-2.76400485247414	1.69090140247844	-2.22344807808657	4.48597398408385	-21.6053225181712	-4.4250269263845	2.75866473094384	4.40007684261279	-0.779044650927989	1.77628649096327
HG02373	1	CDX	Chinese Dai in Xishuangbanna, China	EAS	113.665832190881	-176.109219190919	-7.87181099387579	-42.225605072133	17.9578518705613	-1.04113989515683	-53.4837206714883	-0.601231520667772	-0.841686957776151	-1.02425059831449	-1.57751292900738	1.18375996749956	-5.82539298905758	8.2052612757163	-24.8853280727022	-5.3878827691918	-0.489335373610848	4.11902017903571	-0.55465030250822	-1.20382975893669
HG02374	1	CDX	Chinese Dai in Xishuangbanna, China	EAS	116.567371381726	-174.869688065718	-7.56548508834826	-44.4974216455344	21.7408381265942	-0.307752716054472	-52.2357067015151	-0.827230227359839	-0.742910265752994	-0.742552443195322	-0.257074242880089	-0.102450410174254	-2.9077418913876	4.77247198068966	-18.2151370330599	-4.00445833429211	3.63253459600205	2.13693152502311	-0.17372796413874	-3.02347280998651
HG02375	1	CDX	Chinese Dai in Xishuangbanna, China	EAS	114.299044488722	-178.728731302584	-6.3137578145488	-46.5814501795996	22.7276270959878	-1.32591627167967	-59.1721326843533	2.22994221082188	-0.730230844896282	0.443679105092598	0.910486041529756	-0.61554294970848	-4.68706416569797	12.8772573353573	-31.343391465278	-4.33297598003405	4.70020223056478	9.0868386752796	-2.11401527681112	-1.23875158857366
HG02379	1	CDX	Chinese Dai in Xishuangbanna, China	EAS	114.681928368685	-174.606460277367	-6.41644475994688	-42.614905816861	18.8422228474185	0.0668325377376883	-53.4756897804878	2.05711946096957	1.70045337209345	0.430345398313184	-2.46596641820707	4.98802378346009	-6.92463191378888	6.92673147152451	-21.1858061995653	-4.17290554933964	1.46399853591453	0.271992840834029	-1.29786935979888	-3.12584437545882
HG02380	1	CDX	Chinese Dai in Xishuangbanna, China	EAS	115.633995894736	-179.554336644623	-10.0314383605207	-45.2530400025122	21.4452336870917	-1.67908866660918	-56.0376913470189	0.0644184290888157	-0.248141073669873	1.55318190105078	-2.44731095456639	1.00669663643956	-1.55541929656526	8.60371676084181	-29.3042589604081	-3.94921904827532	3.64579786723949	7.5532260107128	-3.79695215262345	-1.91294235324995
HG02382	1	CDX	Chinese Dai in Xishuangbanna, China	EAS	114.464139729801	-176.731337369041	-6.81717159910916	-43.493430224865	21.4348737638881	-0.256501160898284	-53.1298897506859	1.59375440639194	2.39270288039602	0.141512027809872	0.616816906974951	1.86531847927541	-5.79336367203288	7.39258909303889	-25.4229024638115	-9.31112147509016	3.04072704563873	2.96531853674336	-4.15148527338219	-1.23856033097472
HG02383	1	CDX	Chinese Dai in Xishuangbanna, China	EAS	115.858460206107	-177.527518391785	-6.00721810177687	-41.0507221740294	23.3821038575932	-1.26935334073265	-56.0869703945608	2.24448976960138	-0.0800257299641496	0.665798024648853	-2.0411203822791	1.11738764925883	-6.28139217497988	12.1950399315647	-24.6595398379108	-5.91925704677865	-0.399704729952866	10.0114065548028	3.61570725557297	-2.41366662562457
HG02384	1	CDX	Chinese Dai in Xishuangbanna, China	EAS	115.281746528972	-178.679425714916	-8.492919537093	-45.8407961029675	19.7018974788997	-1.13919213662775	-54.4243965473637	1.94449090754909	0.535175225414392	3.12225549168913	-5.72541747588911	3.29160959565549	-9.51688596913316	3.50368782359735	-21.3133271401168	-3.30613618110992	0.781208419132779	5.85923085541003	-4.68832060068369	0.129713400934395
HG02385	1	CDX	Chinese Dai in Xishuangbanna, China	EAS	113.68397902555	-177.690918803063	-8.87001132067528	-46.2142613316659	22.7025152891877	-1.93046776894343	-54.6103581790538	-0.661749345877787	-1.58284084887422	-0.238359632433841	-1.01513780606085	2.17880688479306	-6.45174851121875	8.26044923578949	-25.6372026150594	-5.44888551252211	1.02866583725285	3.83525045653984	-2.90140986022288	0.943838691078807
HG02386	1	CDX	Chinese Dai in Xishuangbanna, China	EAS	115.513773997205	-173.585497731934	-6.11053510020501	-41.4663197467021	15.7129957431115	-0.158516151887297	-42.2226584008209	0.840053401851225	1.28296310258778	-0.663255524843153	-2.54621992858073	1.43457349362964	-3.69661398915483	0.628009178044874	-8.6764114839739	-0.216137175026776	0.00642044228581492	0.72375656705836	-0.588518359420372	1.27633916155618
HG02389	1	CDX	Chinese Dai in Xishuangbanna, China	EAS	116.26621996076	-178.829837887309	-8.08490406492544	-42.3647473321568	21.2930219013454	-1.16635749029991	-53.3355434332857	0.606734935441307	0.744134034332292	0.108230949272295	-0.3240103169307	1.05145895961069	-1.99611898459045	6.01774466219669	-21.9775742041795	-6.40753352995258	-0.0169361231565854	2.45688314429824	2.20401483814474	-1.45324277381594
HG02390	1	CDX	Chinese Dai in Xishuangbanna, China	EAS	115.366715324982	-176.726468825614	-7.30694832740128	-43.5623030106521	21.0452097765235	0.358662426365592	-54.8566933400379	2.00559607596567	1.54644361652258	-2.04776939589483	-0.952699788194793	0.67029226479788	-5.17658310776945	11.1099135145987	-27.6203759813374	-6.59225672392898	-1.93649718924765	0.608502068245306	-2.17593567690002	-0.0415786357905775
HG02391	1	CDX	Chinese Dai in Xishuangbanna, China	EAS	116.022069063181	-178.742095811062	-8.11878397953937	-45.6181059124268	21.8127608888985	-0.400445396125236	-54.9780984203734	1.88794974320239	0.952235599919739	0.104404929721141	1.19012501283154	-1.16611906087195	-6.41146434932032	11.2494565237268	-22.9956317758797	-7.59751149117634	0.663616213893012	5.35285522582642	0.691474837355825	2.15863569098713
HG02392	1	CDX	Chinese Dai in Xishuangbanna, China	EAS	117.574991979895	-179.487993810507	-8.8097929560561	-43.1450052165821	18.608292895041	-0.119005977385416	-53.6352687619716	0.614862458681992	-0.184321908965745	-0.498729421549406	-1.08669258686146	3.22407214283963	-4.70066937525068	12.2309066908745	-26.1983315091481	-7.21869799064035	0.0817804143987809	4.53927180532277	0.563324786161975	2.21940596303593
HG02394	1	CDX	Chinese Dai in Xishuangbanna, China	EAS	114.185339151569	-174.747836226121	-8.36998138368876	-45.3348316091463	23.1986447566898	-0.203164875428723	-56.9182522579275	2.31770406650342	0.45832621549227	0.714217293564228	-4.53761119708115	4.16238766472558	-1.56843404103626	5.98542129226105	-20.6297135863367	-5.66706045389337	0.363287257343121	4.10398226915809	2.11728267395966	-0.0632085897379984
HG02395	1	CDX	Chinese Dai in Xishuangbanna, China	EAS	114.505153453126	-177.116769679704	-9.24363955975079	-43.0252789349743	21.5820773786525	-2.37803842336632	-53.6351858346061	-0.0498316359528369	3.57587268234179	-0.027282599006715	0.249722768007065	2.87929344519291	-4.05618015670049	8.83791904371859	-26.5897156486581	-6.88918893719238	0.437397779349656	3.63082581820564	-1.9320559483988	-1.65492447371254
HG02396	1	CDX	Chinese Dai in Xishuangbanna, China	EAS	116.409540816707	-179.699195353364	-7.81284402708938	-44.1316794766124	20.360415089613	0.285008530663996	-55.7393611861313	1.1558725340545	2.82784711661544	-0.759635305757687	-2.09181523007954	1.44969119229374	-4.45908686129138	8.4959470915761	-26.5279751117247	-7.81427199893436	2.61184876844398	1.93287395464482	-4.42445985910548	-5.46922314435883
HG02397	1	CDX	Chinese Dai in Xishuangbanna, China	EAS	114.380140552877	-175.272992764074	-6.98167070853999	-41.5584401515106	19.6351273791097	-1.46008093330797	-47.7864500777361	0.457619331692039	-0.459956394718711	0.0385215419399007	-1.63379961617743	2.13679947862281	-1.36793172903193	6.92660786173783	-21.6099644509212	-5.58148892594576	1.35868356691378	2.08257250374911	-3.51477307931563	-0.824232284514849
HG02398	1	CDX	Chinese Dai in Xishuangbanna, China	EAS	115.622879725241	-174.261285837082	-7.12323247716766	-41.728983949376	21.8551683981944	-0.808690017025802	-51.0374511977389	0.0503346929080125	3.10163045064262	1.06429738177131	-0.804953132202412	2.22290899054565	-5.94121724245084	8.81115587134234	-18.8803819933352	-9.9691421604986	-0.286797624006649	2.47598777443073	-1.67174816834058	-1.2665891359099
HG02399	1	CDX	Chinese Dai in Xishuangbanna, China	EAS	114.406695440551	-177.971977470456	-5.97850632597171	-44.713884216894	23.0535384000251	-0.7462783141962	-56.2919435913849	1.25507771474161	-1.94562861130046	0.578491165441875	-3.29478216865203	3.2865947720508	-4.00910345554055	10.4812044984861	-22.1915605731818	-4.59411740768822	-0.41344578607164	2.89291557419841	-3.71705572075235	-1.09128948963807
HG02401	1	CDX	Chinese Dai in Xishuangbanna, China	EAS	115.316349810657	-177.296089469384	-9.13913233865449	-42.5845710895934	21.2865601916328	-0.785875472832051	-48.3827133368426	-0.620195434385244	0.156696807043004	1.23954345334277	-3.68216562970348	-1.89531236081286	-4.7525762852616	8.72009949296786	-23.1109774191136	-6.09483850530657	2.27154224896403	-0.292752571674779	-2.15890351268352	-2.27229419281946
HG02402	1	CDX	Chinese Dai in Xishuangbanna, China	EAS	115.607755544859	-176.738722294684	-10.4947757408944	-43.4707112072852	21.6726285850632	-1.75815636273347	-55.9312925140126	1.76964420376213	3.11551374258973	1.9713270766394	-1.90236054668539	-0.699576753512978	-0.228186416056179	7.19909757300463	-25.4635201018868	-3.4902091694955	-1.85101822161863	5.9447448752245	-0.77637421367961	-3.4581677389765
HG02406	1	CDX	Chinese Dai in Xishuangbanna, China	EAS	116.028302655414	-177.411146207259	-7.64775347506877	-44.0346435467959	20.233916177523	-0.958113119255297	-51.8956593625497	0.245649197249982	-0.686415021430976	1.41286522218989	-0.352799636936957	4.58391641463485	-4.77160287607176	10.4239854802641	-21.7009658468121	-4.80725874584686	-0.250049957440984	1.42104349407377	-0.15995625089073	-1.22236634905145
HG02407	1	CDX	Chinese Dai in Xishuangbanna, China	EAS	114.198066828851	-177.561179815289	-5.65531078260694	-43.7795043059709	19.7851656346922	-0.473427480528163	-55.5848914603611	1.83950185990849	1.79385551245927	0.879117754733565	-1.71634594640785	2.13687521078131	-3.89267834703928	9.49891365838949	-18.1396625593165	-1.62208540095603	-0.533320455178755	0.197026847074411	-0.554053842057882	-2.09722309350006
HG02408	1	CDX	Chinese Dai in Xishuangbanna, China	EAS	115.627498815737	-176.865454093985	-7.08277222810065	-43.1413870546955	21.6245293469579	-2.60535278219073	-58.7927703870236	0.10886582566433	1.1603967769486	0.346849242316082	-0.121967058039602	2.32773312555333	-4.60394055064124	9.17185052990314	-25.3249619191998	-4.54879721356856	4.43399047921257	2.67260706753971	-5.71726029196402	-0.861128386474023
HG02409	1	CDX	Chinese Dai in Xishuangbanna, China	EAS	116.502029312662	-176.515678957099	-7.01323758319158	-43.9436615397678	19.8981042167685	-1.31929388953791	-53.4667866754698	0.833831915885128	0.689524378831508	0.973096444851134	-0.311892051442224	-0.684342835999196	-3.00110589791934	6.804145500284	-21.1172825831562	-5.85920120853637	-0.803908041791646	0.326515095259262	-7.06200993184389	0.240207326457519
HG02410	1	CDX	Chinese Dai in Xishuangbanna, China	EAS	116.482324707139	-177.012120579018	-6.83999480789594	-44.0865909750104	18.2530401312112	-0.309201404985472	-52.1599646510964	1.36449877313214	2.36662856070789	0.494557930008259	-1.46543223390157	2.52862636670392	-1.42516471976884	10.3695482328732	-28.45330685686	-2.54481814799632	0.8368016900096	6.67255569100473	-2.78037053186529	-1.64387549843778
HG02419	2	ACB	African Caribbean in Barbados	AFR	-264.837033912248	-8.46380991795848	-1.49801144343829	-2.80758377299452	-0.356065423988559	11.6884209274089	-2.56903241593237	-15.9781561049564	-1.39795054331428	-5.31931014869787	-11.7049204092659	-7.36359437022636	-2.44445449963032	0.426582685682039	-8.54978482129259	3.39327991842728	46.5256009201983	-9.00549298526739	17.6694579316773	12.1020133580678
HG02420	1	ACB	African Caribbean in Barbados	AFR	-129.599733364505	50.4656640583915	-12.2841500184445	-24.5475849201285	-3.20792798444295	3.57754478175932	0.153059733266683	-8.94875355749541	-2.14174983975697	0.0945094977115697	11.6218667578804	-9.82422497327785	1.98442072993458	7.37001195004061	9.42551554888692	-1.61550632090457	6.47270338520113	5.59851400090175	-6.12264870301176	11.6865438028596
HG02425	2	PEL	Peruvian in Lima, Peru	AMR	86.8936665228283	8.85960183190441	-106.935986308672	115.656470721307	0.511744960812951	-0.0976203224900371	-2.97031547944797	-2.82334138223504	2.79869667834944	1.73969033118976	7.29538464990659	-7.90620052178995	0.239439786990061	2.66825128827655	0.0723691179179448	-4.84161575023275	2.91509987599881	-4.115050210017	8.38986008800158	2.9435141337047
HG02427	2	ACB	African Caribbean in Barbados	AFR	-257.239575632328	-2.92286631709755	-1.19540589998015	-5.5144942339226	-4.94819153550193	9.20762120459925	0.219942062812649	-19.3030554753679	-4.75654909826727	-12.1684333420092	8.20657624470615	0.177018509485323	3.2170261819797	-4.44262881282156	3.97812951892846	-0.44586463618837	10.3096045477542	0.455748355682217	25.3636443630453	-3.18098116981996
HG02429	1	ACB	African Caribbean in Barbados	AFR	-257.28684374131	-2.40907290610031	-2.50240651415025	-5.90579841527299	-0.996560848791564	14.7185190810463	-2.36167387178621	-16.5439109307981	1.47317530035185	-6.3324705496391	0.0834296820358623	-6.30534645533798	3.1530236759548	1.96013396417207	-1.03583085230227	4.35231460907663	56.8123959553607	-2.05250784005959	-0.378701178776337	-0.809238768330596
HG02433	1	ACB	African Caribbean in Barbados	AFR	-244.926137648346	-1.50515228263477	-0.31673877816997	-6.17579301954811	-4.16323918745518	6.20094003116855	-1.83240748980156	-15.6425005862868	-2.03080327370794	-10.3413767705365	6.80179604805973	-7.44320299028853	0.650764170959507	-0.146459199106201	4.0101271886493	-2.37330126963969	18.1921915634182	9.46848818655363	31.2178109116025	17.1736708427175
HG02439	1	ACB	African Caribbean in Barbados	AFR	-269.855229589376	-9.5747478751883	-2.93420396629481	-3.49523518359605	-0.800051487501722	8.67029914529816	0.434223585113571	-18.5494024590259	0.14378325385211	-3.94178183955076	-0.506412116409433	0.237320905561042	7.84624933870705	-0.817034072770428	-1.92451038104859	3.9432615838811	39.9683609524072	2.10624742727105	3.52194256385922	31.3561699161011
HG02442	1	ACB	African Caribbean in Barbados	AFR	-281.566150831681	-16.2015556673046	-1.0353439560963	-1.72027164994216	-1.99406762993473	10.7405410756896	-3.2196134048526	-20.85172243971	3.56197611481072	-13.6652496502647	-5.48858676917437	0.114884647058104	-2.62438868612424	0.450217685030396	7.46319424193262	9.30708903495543	43.0695461830552	-9.97634436538675	-24.7756421819287	38.1487140611308
HG02445	1	ACB	African Caribbean in Barbados	AFR	-225.965803191066	9.24119402676539	-5.73446189459413	-6.68775875420168	-0.72945715198851	5.80630899187499	-1.9441487262444	-17.1391018050554	1.66570627485864	-8.8060807868476	1.14447083349282	0.0745989945693795	-3.27483651781391	3.55006420570867	0.800793301999983	-0.21057775605444	7.7077800788903	5.51176338634918	3.42164634580264	-2.26864311253464
HG02449	1	ACB	African Caribbean in Barbados	AFR	-270.274684737796	-7.85692328325038	-2.72678533599283	-3.26929351351969	-5.62601341516871	9.30584797975138	-1.00810197098795	-28.4781021371171	-1.94029571785303	-14.5788741009504	-0.514354400342923	0.106999234805429	-7.29468013141906	-0.121439239772223	3.80427928086308	6.99276821998719	28.1842804216238	-7.55081856436654	8.79517039699188	-24.8581668666417
HG02450	2	ACB	African Caribbean in Barbados	AFR	-261.027373750428	-3.53959671901167	-1.59769703006021	-4.5864405593798	-2.65135642879876	6.89497166572106	-2.67152933590254	-15.5704377322987	-3.06448123996544	-17.3510614594077	-4.40110711262377	3.91909392494017	-3.470762509142	9.10449811419548	-7.09705600407952	-1.27947799750852	32.8348318765008	0.594096415963177	23.8192863828775	-13.9016976169822
HG02455	1	ACB	African Caribbean in Barbados	AFR	-237.703314931817	4.02967176620264	-3.45428136481847	-4.12335844988978	-5.80778495624501	12.5848762734558	-2.12504512871843	-12.0520352441164	-2.01736889370575	-14.2107202316195	9.97600337155017	2.76290536754069	-0.814400224525619	-10.4526286089792	1.65786477741941	5.31350719694748	6.67383273944355	-9.98705126108098	-15.4900441305558	24.840444868176
HG02461	1	GWD	Gambian in Western Division, The Gambia	AFR	-284.056316024047	-14.9820921408167	-0.965482898748216	-0.0996319445053414	-1.24936565707842	-80.4481664433805	1.34299815688627	30.4806709278911	-0.251009329784814	49.0832971553908	21.077021815963	-9.50110045036864	-5.11468756447334	2.28366191021693	3.71881800218205	4.72591718435974	6.45279403794366	-0.532089009131715	-0.952024309078551	35.6783440884681
HG02462	2	GWD	Gambian in Western Division, The Gambia	AFR	-274.202842109713	-9.36979367689122	-1.41048653724275	-2.22076982042571	2.73546466269206	-82.2651535947021	3.35429830734223	31.0379778584075	2.4855183877442	43.8346986278078	16.8263809528378	5.31765779104243	-2.76953094125823	-3.28454301842086	-3.97245897534229	3.36706523468738	10.4034328684924	-5.68772515097908	-33.828528515553	59.6720622152453
HG02464	1	GWD	Gambian in Western Division, The Gambia	AFR	-291.781693081857	-15.7874064074567	0.315911276608136	-0.925331225154553	-2.40290060940343	-76.6073776739422	1.92396426512248	27.9203728360571	2.01410617814295	17.5817632592716	16.6527024223059	-1.41117618767462	2.14139198925726	1.01695292633136	11.3960655611118	-1.93221063398318	-15.6106009870114	15.182351075123	-5.78166874790885	-74.74038654092
HG02465	2	GWD	Gambian in Western Division, The Gambia	AFR	-287.862378026912	-15.4952585648463	1.71250211681847	-1.19670284555653	-0.235212174313846	-74.8648238507936	2.70965416369326	24.2354809424565	-2.90795187605935	22.8855354152499	12.4015286772963	-4.3944979486771	1.36759097628833	-1.97635709350929	-2.24007223719626	1.81131679370408	-8.29902583466416	10.4795774353691	-0.75687345583291	-67.1655354148426
HG02470	1	ACB	African Caribbean in Barbados	AFR	-266.95380151217	-6.51437099146945	-0.734693223669086	-3.31810035735543	-3.14459236448667	10.6223754391366	-0.404361534160773	-21.1957835644612	-1.37181125404982	-10.0877017400985	-3.02612767348371	1.36789831990227	-1.52277781086615	6.87259019506649	-2.41274058072683	-6.84804464370387	41.3422053596901	-2.81165420218736	28.8604622378491	-15.630385769948
HG02471	2	ACB	African Caribbean in Barbados	AFR	-262.903572891869	-6.09327750963022	-2.72675179873806	-3.93452701780047	-5.03078826257392	8.23603198519908	-3.38758276660289	-19.2752227586563	-3.81942212382488	-12.8253116128546	-1.20014077141196	-4.02719572330847	-5.6814638118464	1.04348816444651	13.4005139813225	4.36217784737348	42.7584284090979	4.9733531947635	-15.2924210538263	-18.0557022905253
HG02476	2	ACB	African Caribbean in Barbados	AFR	-229.881392296016	7.54741701400951	-4.18842945023342	-7.73486471105848	-4.5106495334731	7.40127765869685	-3.95204850555997	-16.6607285981772	-0.237515983260457	-5.78467013508275	-4.66496953935853	-0.825133911944665	-1.31085267737251	4.63332422681714	-2.09903671628636	3.57837064543923	17.2678812045793	-2.58032967258056	5.62569100283907	3.5717986710932
HG02477	2	ACB	African Caribbean in Barbados	AFR	-239.274761783054	4.43505006534079	-4.49560704168427	-6.20199298960549	-4.39789161212923	7.32134954371586	-0.0840731046603126	-19.9526828778626	2.22163229338605	-9.72039155505146	2.96288922111277	-2.61099879663393	3.39700811450923	-0.00600260200363329	2.24401788240949	1.0389656445821	53.4526171403454	-11.8636898723359	-1.84541555764411	-21.0196602925757
HG02481	1	ACB	African Caribbean in Barbados	AFR	-256.531179498596	-4.52417219355704	-3.40146408637519	-5.16629839246399	-5.22986548135197	7.49817788384069	-2.370185520846	-18.587205575521	-1.36954474760069	-6.51776195106345	-1.89033590501818	-1.63920001370335	2.77723418349511	-1.23268410454257	-3.78861160453742	14.6937843131199	33.107899174357	-3.17416434506399	5.23045070186579	32.3308674425768
HG02484	1	ACB	African Caribbean in Barbados	AFR	-252.948603303957	-1.49383062324233	-2.44298279465998	-6.63486498634992	-6.43578361534665	10.9113595160619	-2.02337018208116	-16.8342955099522	-0.501219455982624	-20.5142811711159	-10.2658316417103	-1.03493265639925	-3.37632734086382	4.86298525661114	-3.49944259915834	4.30816155361336	62.2342635070924	-20.8808472989202	17.414418627122	8.64499486657356
HG02485	2	ACB	African Caribbean in Barbados	AFR	-192.614366290487	23.8845691993654	-7.70895154297841	-12.193204317712	-5.02528064065026	14.8194936712119	-2.34444702235746	-13.7563254081231	-6.54049259286978	-22.4708273969606	1.85875855751302	-7.65740398636765	-5.49543825516529	9.09134259708879	6.38065858723427	8.14843158555516	8.39993210711125	8.36606911190065	-9.57072944450369	-24.665956147396
HG02489	1	ACB	African Caribbean in Barbados	AFR	-242.340098448103	2.89953344737123	-2.95089444967053	-5.202285235193	-5.92613702144858	14.3644804660776	-1.46777002474351	-17.0004677085127	3.04312964557548	-11.124969654024	-1.92218305349172	5.9927830196854	-0.284123477392246	0.209513107255356	-6.44207970081198	4.21774734946511	41.647538975045	-0.333319016408073	9.11537203289906	-2.33936163918945
HG02490	1	PJL	Punjabi in Lahore,Pakistan	SAS	91.6411343928738	56.4480956876616	76.182255310603	25.7376552980453	-3.55832617201308	-0.537189847161771	-1.01217342656138	-0.490342187812411	-3.10308109799537	-2.15804296366477	9.55086215699604	-7.12723704573875	3.63916947880055	-6.7802622544392	9.17962721142245	17.1927161120346	-0.533601287965017	29.9828745751613	-23.4342370005571	-10.4896005632207
HG02491	2	PJL	Punjabi in Lahore,Pakistan	SAS	89.4409557749999	47.2294796715795	83.1037622870574	33.2409735139842	-0.325315787529571	0.739548305449753	-2.57074882559483	-3.65205249257115	10.1987197500877	-5.17559797586377	11.6532238780825	-8.75350052882731	-29.8614627362312	-19.1371204968054	9.01609719537244	-20.3732154607638	2.51253534395944	16.9894739355581	-14.1490880832365	-8.40754381835724
HG02493	1	PJL	Punjabi in Lahore,Pakistan	SAS	85.3597588705624	55.3221821247241	79.2056461569935	30.6747216330094	0.335716055038501	-0.498133508083161	-2.26249028580984	-1.33013261255278	-0.105886914537872	-2.41237194084422	5.75471548031228	-3.52990785003454	6.40075547086892	-24.7810459226212	-2.73862720000325	2.80982961330117	7.50412782065033	37.590020685617	-18.4190914808852	-17.565642002386
HG02494	2	PJL	Punjabi in Lahore,Pakistan	SAS	91.1479361950045	59.1883790623501	69.0402749055433	25.7444708786245	-0.70492476011069	1.5225236695831	-0.329227755831668	-2.47272223924171	-4.4453785872715	-1.98960195750438	7.08748380243307	-16.8107021541595	5.53939699488609	-16.5615999503021	6.13781257958095	11.0396573100493	2.32015619058014	32.7263522667368	-20.0580629579431	-7.62743294338769
HG02496	1	ACB	African Caribbean in Barbados	AFR	-260.561710242597	-4.11391095805717	-2.54496089306275	-2.41051329432838	-2.88542505287178	8.54817957316993	-3.9257042015559	-25.3029813071557	0.669500164955258	-18.5943519723709	3.35356089104694	9.3044793279471	1.22612731526023	0.774940948418372	-4.20321792204189	4.97403810391352	26.7217866491682	4.59388296913038	11.5784173153988	28.6987835320063
HG02497	2	ACB	African Caribbean in Barbados	AFR	-271.513143229666	-9.50496551935399	-3.07260034016034	-1.01521374525457	-1.88349352284549	14.550783679698	-3.65070570564507	-23.9978885222923	-2.27237656721231	-1.85109012175307	-1.71803542092298	0.860295796135181	-2.93831101594767	1.3555133858265	3.31194280910338	-2.00008260949177	46.0676395762295	-3.95809155255545	-17.2361678003131	-14.8352057704978
HG02501	1	ACB	African Caribbean in Barbados	AFR	-208.304253598817	17.13337060333	-5.71625195023198	-8.32535933370746	-4.19626798982624	9.38000215550186	-2.89625875037981	-16.0708440052999	1.06218966347577	-9.19677601746271	0.368838216859107	-6.49602133192903	2.88769968983041	6.75226929845704	5.12169353392554	-2.84708249476	49.7713640825396	-14.9564190525505	-11.1487701720577	-2.72942085511431
HG02502	2	ACB	African Caribbean in Barbados	AFR	-220.62889652265	7.33053675036588	-5.81166234717968	-9.50161985264213	-6.56924745606633	3.50358255326163	-3.10202252410428	-18.3321876910809	2.72063117644744	-16.4666976255855	12.0726969866743	0.74440569317899	-3.7834487576375	2.49018305717714	-0.0166557658011216	2.36738153767236	2.8222933109602	-24.2019312276977	3.41507918722938	-1.24958835780405
HG02505	2	ACB	African Caribbean in Barbados	AFR	-255.05446592919	-2.43353816408315	-3.561738337837	-3.8025882932775	-4.64526365607711	10.1254425435341	-1.97930459521127	-19.4076447067707	-0.180669399200912	-18.4159292620786	-7.45849311020565	-8.69210590564635	-3.07747875682829	8.03946478165522	6.22603652521012	17.2878705221599	18.6699017415466	21.4647358193956	8.25446978894772	-28.4684256670818
HG02508	2	ACB	African Caribbean in Barbados	AFR	-261.176429521807	-8.47963128778619	-2.71324926248447	-4.97064121128513	-1.06533896751789	8.06269713323186	-0.490215600061602	-16.9088347005425	0.184893124905495	-12.084292934945	-2.67131993031781	-0.786400423043834	3.5159285518104	3.08837638690902	-4.46360122955942	5.79094261878437	-0.628009759929191	27.8411498336832	13.492674517539	-16.2279404807014
HG02511	2	ACB	African Caribbean in Barbados	AFR	-267.696489209061	-10.2895227945906	-1.80703984311822	-4.59691641773872	-1.4771003593782	12.4523761191766	-1.76300860510658	-20.7709169485706	-3.1860855304555	-4.493590612382	-0.178372731402656	-0.526899122789635	2.60392283481475	0.815915248914202	2.962807488419	-2.4404035199871	40.2588867357875	-11.7970727010037	32.4732626336871	1.48927254696366
HG02512	1	KHV	Kinh in Ho Chi Minh City, Vietnam	EAS	114.760392039156	-174.413246352371	-5.96661596607239	-39.7719074040267	16.2782392344279	-1.19450295979984	-38.6000669460818	1.41126980196467	-1.45855425709903	-0.0582894127918601	-2.03470236302081	3.61781646273869	-3.5488250844755	3.91257074030069	-12.858759558145	-3.39245484215947	-0.178396806585054	6.17329738711874	0.213529827306208	-2.66978994765311
HG02513	2	KHV	Kinh in Ho Chi Minh City, Vietnam	EAS	116.065312746305	-176.337723701989	-7.65705394908172	-44.5445090377932	19.5620296534278	-2.15131135310864	-48.0064046003059	1.45221051210045	-1.67766717087901	0.78637244423951	1.6502483220487	-0.887107775544764	-5.24187085244759	4.91573404499997	-16.7337514745978	-2.76044653375624	0.0511118763051445	0.902592181200222	-3.74897509028904	-1.87601280855824
HG02521	1	KHV	Kinh in Ho Chi Minh City, Vietnam	EAS	115.168249857993	-173.7330565268	-6.64954496877765	-40.292671988751	15.7138979428721	-1.7805007399552	-41.6025564576253	-0.351476476124347	-1.99608497387205	-0.735140273682331	1.6895735002934	4.4948148735292	-2.38993378249444	6.27229868753698	-18.3670188979362	2.18585863598445	1.37974848340931	4.80365412772568	-3.48090623072919	0.880686521866309
HG02522	2	KHV	Kinh in Ho Chi Minh City, Vietnam	EAS	115.131455879287	-173.046245439053	-5.55603134709552	-40.9450351078823	17.2910601908593	-1.19929711840047	-45.1198595736993	1.12775573132823	2.8984698166825	1.65496914894781	1.59508668485159	-3.50735291316517	-4.27303385056521	3.96363789135795	-13.1078433183798	-1.2848665279293	-0.186574744527734	0.227260197357212	0.667203147623823	-1.73516958961967
HG02536	1	ACB	African Caribbean in Barbados	AFR	-220.448339207554	13.5623985437191	-6.95424599236049	-9.21393434390177	-3.93971757534686	12.6177248600943	-3.17537866424427	-22.9664495388989	-1.50809745388552	-7.16837244088158	6.62119625427922	-1.04095044162002	-3.77459121710847	5.24994097398837	-2.05785877470007	11.2587706849506	12.1122823995471	12.1757580320382	3.09362570137031	22.0291340170627
HG02537	2	ACB	African Caribbean in Barbados	AFR	-272.608534346354	-8.37921089934776	1.19894967250633	-3.54067423107749	-4.74914397330856	5.35972554488468	-3.22728295119043	-19.0159994636856	-1.03999356422455	-20.6890179881908	-0.247221056700659	-0.366849833419316	-3.80515205470969	4.23372809790188	-0.86334173940044	5.46513333759637	44.7898490280309	-0.767889773084013	34.1063791305599	-14.9564487186865
HG02541	1	ACB	African Caribbean in Barbados	AFR	-221.724828168795	11.3275797424986	-3.74873107804943	-7.80653608446499	-3.45593688415268	11.4011866039904	-2.43533703209464	-12.7685908764051	-1.83625049498408	-3.70786910021154	-4.69588362566244	-8.19625517537994	-7.02889240010564	11.6661213091651	-7.44049916385715	11.1872829540463	40.94756649849	-18.1765442982601	10.7237381924058	-3.72190568907873
HG02545	1	ACB	African Caribbean in Barbados	AFR	-256.990266489391	-4.93082979690995	-1.22454604669506	-3.60216510907048	-2.60659099709581	12.5381323341338	-7.87203152600083	-22.6809534751871	-5.26524551132303	-14.5434900096334	0.613158754012205	-4.48461588104503	9.43719599211934	-1.18799240113798	13.1620162215238	1.76939960237023	52.1523876470437	-15.0240832527257	15.7492467305247	24.7892257143699
HG02546	2	ACB	African Caribbean in Barbados	AFR	-261.977983429316	-5.5167239251301	-2.09608877507587	-1.05196344827514	-3.17969579307998	9.20846316423388	-3.16787669042318	-15.7877359410667	1.62812615405672	-9.21594328348946	-3.78574219505979	-8.39897304621175	-3.57923747263564	12.7486065960952	10.7935338247978	4.14210213706844	22.0220651949098	-2.92300952472769	-12.3904087183498	10.6863608452576
HG02549	2	ACB	African Caribbean in Barbados	AFR	-279.183952571864	-11.2312344842793	-1.44669954333415	-0.50771260664294	-4.44090289552895	15.4365681117766	-3.12627490883566	-23.6520943793892	-2.37988541696005	0.280024853663447	-3.72400093469103	-6.27251271389644	1.74346127783461	-1.89315924923841	-0.587839513301759	7.78823969259477	12.4634229877381	9.21312869620427	-17.7792670905938	-4.57270136069789
HG02554	1	ACB	African Caribbean in Barbados	AFR	-249.260139878029	-1.17841176262401	-3.77037214745293	-5.58213463396065	-4.30450286328961	8.25287064084476	-2.16297291762501	-16.2013778387103	-1.76133694564568	-20.4754064412679	-7.11642126041824	-2.2949559447929	-2.32157495389402	-3.12163316253041	1.41029480078407	6.93449204856948	27.0688636779097	-3.42141251824178	39.8999249213626	-10.6049153151362
HG02555	2	ACB	African Caribbean in Barbados	AFR	-252.255741216897	-1.37740515978875	-2.23265006208056	-3.4183275303034	-4.39931038906453	9.03625165775285	-0.108411130854495	-15.5348439172142	-4.64604626727284	-6.04773883395235	-1.2888176276029	-9.57121871533212	1.33330757047898	1.53340213190895	-0.901940474204848	2.86093171560305	16.520279552035	5.98017990759543	-15.9321489635614	12.1784470515651
HG02557	1	ACB	African Caribbean in Barbados	AFR	-267.822322263229	-9.28596594971902	-0.302397491148369	-3.64333973987201	-7.73243169159255	11.2663626783017	-3.44329010793673	-23.7398351549181	2.00398057057691	-7.29792839186151	2.15743156133208	-0.443472723102173	-2.23454606514351	1.49744848618758	-3.00912169339333	2.36139871529758	16.8357843591261	-1.72878041687175	-4.85852347152318	1.92487958959854
HG02558	2	ACB	African Caribbean in Barbados	AFR	-256.040507841079	-1.78650624444421	-4.38673823329748	-4.70436927960034	-2.33551892904688	7.2863909678977	-0.603038075212803	-15.5367247301935	-4.97583563717893	-8.45120573676282	-2.06411539057498	-6.8877235895148	0.356721821820233	10.2606376730631	2.64390230055624	9.02207368076467	49.4460244748194	10.134092361641	-1.74760530640885	23.3068718979268
HG02561	1	GWD	Gambian in Western Division, The Gambia	AFR	-275.991427206049	-11.3910028655942	-0.657464873164426	-2.16050387623309	0.584126895195634	-68.9811521792156	4.634901161164	25.2593565359877	-2.78149400488714	21.6971641995133	7.69873282107461	0.790120760065783	-1.3467331525192	-0.600306079406576	-1.7932483031232	-1.39179449737417	3.26078317574631	-9.45242527314638	31.648649226027	-45.1232363812358
HG02562	2	GWD	Gambian in Western Division, The Gambia	AFR	-284.855371423215	-14.0511335255322	-0.287169525059005	-1.01607426758781	-1.63869489836543	-65.6135561882722	2.26590188325853	18.3924595279673	-5.63642970338516	27.7669511080788	13.8767505782034	-2.86826483168295	-0.611635512902336	8.55216029316276	-0.347460152498693	1.88816174052225	25.4423240270762	12.8601463675947	-13.637562616361	-15.7810896076931
HG02568	2	GWD	Gambian in Western Division, The Gambia	AFR	-277.779761602963	-11.9747145469163	-1.67137189082742	-0.900195870297109	-0.259885727615736	-71.1739424530853	3.53836869567999	24.7526341413879	4.14438618994716	41.1561762671635	18.1552942043882	-5.38712879724402	2.76232474221533	2.32397900557086	-0.24728679177761	-9.66271628855403	-17.1928527874706	2.32123118133281	23.3524126356806	-18.0360241731538
HG02570	1	GWD	Gambian in Western Division, The Gambia	AFR	-284.088048130536	-15.3178824629091	-0.0762342454469629	-0.325167682486418	-1.71546451753401	-66.5070147124568	0.874242217255216	21.0358120458395	-5.18453161842371	7.69869563839482	0.669801863734005	1.79105098764578	1.48643526533001	5.59768876970936	-0.219585143680708	-2.44268936944481	-12.5954628961472	-7.08890553251744	-5.13099541025361	-22.593632644422
HG02571	2	GWD	Gambian in Western Division, The Gambia	AFR	-285.80388521476	-15.3128689482587	-0.997698790377964	-2.21490215459968	-1.35439923942367	-75.0667389031442	0.708738831685303	21.4079706104498	2.7773899931475	21.2891848359259	13.3357388711298	2.58951620932486	-5.03816943334621	-5.37664289774439	-6.39103360689218	-6.8534423404139	-6.25376264604426	4.64389021507071	1.03590002246165	-5.60459933939114
HG02573	1	GWD	Gambian in Western Division, The Gambia	AFR	-279.493137774151	-12.8571186757117	1.27785697828466	-1.06754029681671	0.0434927936615213	-73.6790180813707	1.61131363033955	24.3206854825969	-3.02118886698088	30.6193554497162	13.0003772652161	-0.701606953627209	9.76484950409668	-1.23975463057825	-6.00000835019892	1.99582334112441	-31.0102539814839	3.60300232297806	1.91628176129296	-13.8937994905465
HG02574	2	GWD	Gambian in Western Division, The Gambia	AFR	-274.220025257066	-9.0959889189737	-1.47236653565365	-4.19845379809418	2.2313492575821	-70.1184700082932	2.27650784725085	22.5731800506243	0.656504534574762	21.704784569624	5.92039497436231	3.07507385958326	9.1800672520948	3.35219911964883	-1.96406404668409	1.01740869168556	-7.12901437328088	0.143147671135504	6.58764041864763	-36.2641198469789
HG02577	2	ACB	African Caribbean in Barbados	AFR	-214.141564520111	15.8213468594673	-7.33541450404015	-9.96500888586482	-5.19836788283776	4.02725091231385	-1.50452580823506	-16.5514094670176	-1.01533771658326	-19.8622146912428	6.40505708775783	-3.21932260651386	-2.57513965649986	1.48505376302564	-1.06352456789856	-7.24259721360634	38.1112126442185	-16.4768951159308	31.871386524758	9.94088122415409
HG02580	2	ACB	African Caribbean in Barbados	AFR	-235.967627983349	5.341498364883	-5.15334452477173	-8.09517688013601	-2.16479570076374	7.26410383889807	-1.08348402698118	-17.0725848137098	-3.65355063448753	-9.48688401557947	10.8024933707083	-4.53315052555465	-9.29471504346088	1.56656801693073	0.975849160748889	3.30594622938709	26.1057308969652	-1.41494455681306	-1.57076795934994	-9.87539930128455
HG02582	1	GWD	Gambian in Western Division, The Gambia	AFR	-283.409539286934	-13.9391616992149	-0.382177883741129	0.269838458097367	-2.57848107415291	-77.3455859975294	1.72632449902828	23.9773047857904	-1.14890388360662	29.9825853162208	11.8147705415648	-1.10259214637457	1.12863816836141	2.78284427496786	0.952706398041179	-6.92807133319848	-9.55609335028214	1.52975499031255	-8.35003012810561	-28.3176933273914
HG02583	2	GWD	Gambian in Western Division, The Gambia	AFR	-287.346241531857	-14.75887615343	0.435740355279612	-0.106903467954215	-0.697461986468074	-80.1517406841501	3.36598648550125	28.0988448753543	-1.36620009018341	24.611527361781	15.8002325743989	3.49306401860628	-1.66919948328277	6.24144925277597	-3.7951880695073	-9.30031103252166	-6.03077050766461	-3.84820384252876	-8.74104112316955	1.00371418968447
HG02585	1	GWD	Gambian in Western Division, The Gambia	AFR	-288.362962713988	-15.4216023025525	-0.124453803086212	0.866009788562089	-2.20914461309062	-85.8582137453598	1.03256677160229	32.1408212417132	-1.76530028283471	38.6126207466589	20.3523263722648	-7.73756101357584	-3.17273118066732	-0.175267553045502	-6.94600271366642	-5.63276846804067	-2.73314959388945	0.882224789168759	8.25124809222126	-13.0574052947601
HG02586	2	GWD	Gambian in Western Division, The Gambia	AFR	-282.365165172786	-14.5797034404147	2.19893432388864	-0.846531229588078	-0.595570716080782	-82.0808306809834	3.52741335597475	26.1416575710014	-0.0706925227814424	37.0863250296903	15.292160479617	-1.61518114614588	0.0742811902977974	-1.64713434191719	-3.0284527388057	-5.05205047258696	-13.9295979802482	6.36948076148524	-25.8904865065843	-9.49576316458707
HG02588	1	GWD	Gambian in Western Division, The Gambia	AFR	-281.884500708285	-13.3245490840586	-0.301861821172758	-1.21090132552848	-1.85026507428045	-73.0057410022868	0.696796651884401	25.8730437254455	1.23547707876351	24.5226033127605	14.561272256918	-6.005773678901	-3.13193415921004	4.17705544941352	6.35158639400508	-7.15957363082375	3.40761631963038	4.14252376813308	21.2361084466383	1.60817802246573
HG02589	2	GWD	Gambian in Western Division, The Gambia	AFR	-282.318856855066	-14.3761601215961	-1.4322552588384	-0.260729764120935	-0.122249051844555	-74.5967139563847	2.92410459877208	24.4122677850434	-2.60759584330511	32.2647881808223	13.5523032954142	-0.128101904916173	-3.30573254250869	-8.41234287774978	1.76070614325451	-6.19796781274171	6.54142657436262	-1.37774174260356	-13.9317324767645	-29.9436054856248
HG02594	1	GWD	Gambian in Western Division, The Gambia	AFR	-282.004425338995	-14.7640212100748	0.632389103386247	-0.509043259913705	1.20273924800947	-73.3908079893225	0.812289384199878	26.4142488210232	-5.66400187542254	46.2620638821841	21.0950980723109	3.64843893120433	2.08667293036954	6.11926337107324	-4.09388975389141	-6.40981701811545	-18.6642040063769	6.3193341196369	0.130529153963045	-9.19486528633827
HG02595	2	GWD	Gambian in Western Division, The Gambia	AFR	-284.601316809151	-12.2623250398466	-1.75055531951568	0.0180128398459309	-0.892623193216492	-78.8587722805572	1.09412887160106	27.5402940882574	0.465575184307603	31.7818475422434	10.7581539702299	1.57970754403909	4.71735431190553	-6.18562261372412	0.358164791808856	-0.814027159070481	3.28170459063494	3.60545229050894	-3.76057664632237	-10.0964071523836
HG02597	1	PJL	Punjabi in Lahore,Pakistan	SAS	87.9479512715815	63.7225817354422	77.6786936026258	28.6490174909988	-2.67823863858497	0.261264831783305	2.48045351205123	-0.507300543920231	-3.86938946074077	-6.0272613701686	11.0371287725518	-5.65976461676904	-0.357075665169816	-19.8632057336505	-1.36878888647859	14.8204419932963	5.48774065091848	32.2600594469404	-24.3864099354673	-16.8848837853489
HG02600	1	PJL	Punjabi in Lahore,Pakistan	SAS	90.8470447297169	33.9227352189107	91.810099974579	38.2455149495279	-3.12183313113295	1.66339685043505	-0.775901342706917	-0.848008947110925	4.94282330483614	-4.65152658483293	1.51332458860282	-2.96913028205622	-4.39930662792355	-3.25901845885809	-3.4043692793412	4.1233333987892	-1.78515241985395	11.7590524781377	-2.88626353714525	0.861862898290406
HG02601	2	PJL	Punjabi in Lahore,Pakistan	SAS	87.6212758831468	38.1693807009543	89.4712303784421	37.1654993696036	-4.24489492577805	1.2241638351809	1.30937989662108	-2.59168674354041	-0.0482649897159644	-1.60107184840438	3.60524931154073	-8.15960729191204	2.16272983496807	-4.38041026231104	-0.329179981715091	9.51928172150371	-3.9436175735867	12.8471843920142	-9.69654343148622	-1.31497541471031
HG02603	1	PJL	Punjabi in Lahore,Pakistan	SAS	87.7911753113203	52.0929546759785	80.7219542719959	31.0470849900948	2.81193413604763	-1.11946746423398	1.73783637173691	0.171716437579455	-6.78042452826796	-2.90594377167615	12.8104375939212	-5.08497066994036	0.185303642915888	-12.5091070159612	6.74156329379307	3.08389199467674	0.924844279411966	20.7842943645352	-15.6901439435987	-13.5962258991935
HG02604	2	PJL	Punjabi in Lahore,Pakistan	SAS	89.0365275650976	57.0235485834672	73.1093252822353	29.4439897597736	-1.78418601447387	-0.632840487733479	1.193600373483	-1.48290995884858	-4.14123807641184	-5.63582494867868	10.212962355755	-9.46086932553693	8.60434986057972	-23.8748037677193	0.637656516221118	20.8798643433187	4.81468879398457	44.3967159019345	-33.7002275182639	-17.1670597656634
HG02610	1	GWD	Gambian in Western Division, The Gambia	AFR	-283.030842931388	-13.850082251369	0.906810313135853	-0.115211146568875	-0.70307568490287	-75.7328121062281	-0.291005076981848	24.2678418823911	1.56606486758975	41.5456411634612	20.5374236707923	-1.41990053720342	-2.26790444250208	12.9699491879381	2.17275140060567	2.5532497163303	11.3776501800615	-7.61089212183307	-5.11454694098838	57.6488918701131
HG02611	2	GWD	Gambian in Western Division, The Gambia	AFR	-285.968185621472	-14.8478018644582	-0.421849032307843	-1.52454447412866	0.993931502924872	-92.071512067356	1.49487947851467	37.0868290718506	-3.19917237512862	63.1133087330206	28.8427533868916	3.57881338147961	-6.46077084019771	1.77175655375414	5.95389784651718	7.36124039686521	19.4803716939327	0.541796059169715	-10.8963814239765	143.615402613246
HG02613	1	GWD	Gambian in Western Division, The Gambia	AFR	-275.470450916646	-9.62220119430666	-2.17137302599002	-4.2499552500711	2.77329047278972	-72.2644605924855	2.48505563516245	18.2454952203127	2.47460789669271	22.4794900702202	7.59089170139474	-0.715683786077999	-4.29000986763531	1.26220435914374	1.19460723333117	-8.82830860275003	-5.94488892184297	-3.5246612354798	2.82124192889461	3.08318082767645
HG02614	2	GWD	Gambian in Western Division, The Gambia	AFR	-271.3930714855	-7.54917083905495	-2.47313642500408	-2.24714796026817	4.64738607485407	-72.4196686647027	1.77480723845278	25.7734795334719	-2.55148259092495	20.8218909980312	6.51180600398986	2.88221914220907	1.28230185019127	-7.31782507969609	2.4867877435106	1.37819951682252	12.6046782053434	-17.9791432397806	-14.8469755094096	0.731622744750814
HG02620	1	GWD	Gambian in Western Division, The Gambia	AFR	-287.329984989782	-14.3794088916122	-1.58389547988023	-1.60082488559623	0.848320612534662	-69.666049745994	-0.823554398723281	20.4310842510307	-0.623656652287067	9.46103198244258	3.96310401743066	5.58770832994327	3.54788011198873	2.6450181149384	-0.998846201825373	5.13591278119506	-13.6970868597442	0.984403716276537	11.472876418044	-37.3106963436291
HG02621	2	GWD	Gambian in Western Division, The Gambia	AFR	-287.583512220241	-16.1660190449951	1.25442630769391	-1.97558580883964	-1.85722326058897	-72.6240207873772	2.51424599425564	25.5843313388605	-1.85747562261798	11.7964646293625	9.40671681672214	1.04477632737074	1.04176797769934	-4.11536242428179	1.62953310707281	2.23574053883469	-0.4956156286782	-6.91680452090075	35.1644944897648	-26.7660404967738
HG02623	1	GWD	Gambian in Western Division, The Gambia	AFR	-286.570373480341	-12.647374133101	-1.1664652336978	-0.676892830043397	-0.594951851188999	-85.852626185312	1.6617067445788	31.5225764198352	3.23697455443632	53.7282608412573	29.2401591743951	2.81391869759035	-3.02798410124241	7.6742763432938	-0.98091284628581	9.21739201473399	12.5378394869728	-3.68833400878079	8.31167806368392	17.4057081397332
HG02624	2	GWD	Gambian in Western Division, The Gambia	AFR	-288.850680964038	-15.7513944882579	1.20705184288074	-0.0107542104315745	-1.54835509841416	-80.4619488878847	0.914956672932774	24.921896642415	0.0556389506752323	41.2996264747899	23.8203635220998	-3.77474259670574	-0.573170118557943	1.53171453603492	3.53237484858001	-1.188351307275	2.97560599894375	0.211760170246007	-9.55411526628064	33.1496041367508
HG02628	1	GWD	Gambian in Western Division, The Gambia	AFR	-287.177064544262	-17.0262325106398	1.0421307630499	-1.58419659408228	1.07349503773347	-76.2821015230295	-0.821428709624551	25.2539413498411	2.45084989318118	15.7420722021566	8.01636086872479	-0.218988975409676	-0.280063605169327	-4.2627160265113	-1.77963229231282	4.97020449362563	-28.694026288883	-3.24207755863988	2.0902492237933	-20.2249105452971
HG02629	2	GWD	Gambian in Western Division, The Gambia	AFR	-284.461592127191	-15.8817501023892	1.3572175793201	-0.323138800228893	-0.053169841854535	-78.9982619304218	0.560818393365032	27.0569596682872	-2.3614245194052	16.1277949211496	10.6497223626761	-2.86790829857521	-1.65617094695213	-4.52989469854451	7.05455674293576	-4.61908758252177	4.77793596564531	3.7565168587899	4.33740036568415	-25.7934242843845
HG02634	1	GWD	Gambian in Western Division, The Gambia	AFR	-279.991486729397	-11.5419099572637	-1.24967452513009	-0.403177881853218	1.79945163742429	-64.7006625723693	1.85535055049702	20.8776040199823	2.46135207873469	17.3732406367274	4.48728931719169	-0.611614740936851	4.53130526782103	-5.94538372396192	0.450752388986887	-2.83821483509315	3.8860143810895	-4.23320533590506	17.5751761625787	-35.017846174768
HG02635	2	GWD	Gambian in Western Division, The Gambia	AFR	-283.558189143154	-14.0258912119744	-0.689923892150151	-0.40292209227415	0.360683573251719	-53.4098029365159	2.34710313246118	19.7736870733935	-2.5702068001954	5.8862558634625	7.32196516269719	4.7122775061508	1.4018162646201	-3.639018031802	9.31499251732093	-3.07246728216162	0.563903051021122	-7.10222107707801	5.83316188456533	-29.6571842531597
HG02642	1	GWD	Gambian in Western Division, The Gambia	AFR	-282.769262753228	-12.1139089613399	-0.648692354175487	-3.2230449516278	-1.14854859872264	-76.422032180795	0.548436675545176	30.8795813252591	-1.63998747667232	39.3918671865654	23.749355922981	-1.63068295470356	4.82719903403114	7.79167134265966	-1.35956019765218	2.18622362169892	19.72980273436	-0.50225197420046	13.1747047346232	46.5702562526785
HG02643	2	GWD	Gambian in Western Division, The Gambia	AFR	-281.334094303565	-13.8694507136311	0.617979148518548	-2.09415844000073	-3.9910325989695	-62.1860941841984	2.00609503990019	19.4651114739816	-4.4345590156883	35.5965947161933	16.7131701255772	2.32291551276385	2.30475764412247	0.0860434059676888	1.14752010573092	-0.302507541631998	20.4163516103204	-3.63028429863321	14.0872022355723	34.3925240195004
HG02645	1	GWD	Gambian in Western Division, The Gambia	AFR	-284.768722847044	-14.5945106168765	0.52234986872689	-0.0605181777948039	0.820899251075117	-87.8686301757402	-0.20129097954808	34.7110726706659	3.35496235117393	46.2599329302922	21.2186133555914	2.1419315799591	-1.53215454788492	3.21118624042611	2.00168596602266	-2.36517821328072	31.8541529504048	0.399183478026225	20.8691232487235	39.3043580969157
HG02646	2	GWD	Gambian in Western Division, The Gambia	AFR	-286.085586623331	-14.4348274188724	-0.00575941341400714	-0.28474622879526	0.495981585770363	-87.6516604315147	0.205982687124791	35.7876535327958	1.038838218186	45.6655300755842	21.2789240524136	-3.14018831536616	-5.58060815274891	4.7178322264357	6.4723902868306	5.28575474750016	11.2252886405786	-14.2295813427429	2.62162358567103	14.7488931116531
HG02648	1	PJL	Punjabi in Lahore,Pakistan	SAS	87.2912900870037	61.7360258853186	64.2828493709045	27.0695597750522	-2.10544598930469	-0.61637864713905	-2.25883370599024	1.49981977979106	-12.4006531148854	-6.76259529395303	11.0086167389347	-9.73986163283518	14.4289973383647	-22.668116816743	5.47639160401215	17.2754220766981	7.85323760037131	48.3709372260932	-38.4829781645418	-25.9024168132235
HG02649	2	PJL	Punjabi in Lahore,Pakistan	SAS	89.7128266370675	64.1900670197165	66.9459922184981	26.5908248730932	-4.90529590260278	0.331216199910954	-1.28664302997214	-0.0204380307875189	-11.2371345952143	-6.6630180099754	15.3910715200876	-7.9668762385707	10.7189894552579	-26.0282642990452	2.53699020647749	17.0710393375409	3.34541638662021	56.8651925110249	-34.6811763619832	-20.9127412542036
HG02651	1	PJL	Punjabi in Lahore,Pakistan	SAS	90.4371387175676	50.4189690817657	78.1063743790679	31.5477536545308	-5.00220874985729	1.1171117460229	-0.196639717174587	-0.854068521481878	-0.37753154403889	-3.48934650186305	10.2683055786769	-1.65508013313951	3.27287710426236	-8.48772570957598	9.12192440979394	8.25416446835332	1.41643736203128	21.0636244580958	-16.8535715401151	-10.0367345160384
HG02652	2	PJL	Punjabi in Lahore,Pakistan	SAS	89.077519850517	52.9394199119445	76.5309266881427	31.4531387984061	-4.56482316473872	-1.18438026684378	0.276885387431766	-0.149837567234107	-0.897650361204764	-3.04469060549469	9.5359003316078	-6.31406484448733	6.18748460495991	-11.7442458988098	-0.484124306083652	3.71647653004547	2.63808622147073	23.7051601698124	-8.76106785280135	-4.12888588391092
HG02654	1	PJL	Punjabi in Lahore,Pakistan	SAS	87.8440796213459	63.5658595872362	68.8569056548768	26.3333216184506	3.46316028623151	1.06248855433617	-1.47577517076519	0.622672561901294	-4.56135400424381	-4.17036599199578	8.96405465476168	-13.7501892015526	5.46869688838724	-21.8778313003418	2.16473202980218	10.8924881714963	5.63913014020475	33.1231302210698	-24.8716942902559	-15.8783777901513
HG02655	2	PJL	Punjabi in Lahore,Pakistan	SAS	88.0832667824559	64.9834809235256	69.1436168113957	24.7895484991283	1.56661948379479	-0.621147671334993	3.8748490734644	-2.63935296649112	-7.16259287786789	-5.10769319240261	11.3914705341141	-2.37440400711402	9.66041534929755	-30.759152900801	1.05398384401219	14.8726397125333	3.59143503351115	43.7593439980504	-27.9709681108172	-10.4289225028213
HG02657	1	PJL	Punjabi in Lahore,Pakistan	SAS	88.3574686568087	41.493249784857	83.8564007271631	32.0063060562896	-1.60384440931234	-0.403892470488905	3.52485018503225	-0.638168187983074	-0.143588869035562	2.98681417258815	3.28484226940809	-10.6080964336355	3.08811553278571	-6.06461840092724	8.24991931715722	6.8931399388122	2.07248448378871	25.2056069602205	-17.2440848502947	-10.5246867169687
HG02658	2	PJL	Punjabi in Lahore,Pakistan	SAS	87.5133697283691	42.4935783618294	81.9718644058966	33.8482864441893	0.0315773382185837	1.83579190211239	0.271491491303538	-0.799846145476042	-3.8613549779785	-5.52973783944097	10.553815545489	-11.5161718016559	9.08935156243133	-9.69816006139265	4.89056366522962	12.0241230612371	7.73665996746005	32.9815765181667	-27.815055404255	-16.0560702382018
HG02660	1	PJL	Punjabi in Lahore,Pakistan	SAS	90.3397862530753	49.4712744088075	81.1500812918082	33.1903139516408	-3.48051293792308	1.10264471128466	-3.27416873405313	-2.63732977490455	-0.186237413096111	-7.99923128835278	6.81111452696573	-9.24370903474669	0.802331192031599	-17.7762161021433	2.93702427344941	2.51737060969132	4.36552707483978	28.3209666316807	-15.1223685142181	-15.7883162159374
HG02661	2	PJL	Punjabi in Lahore,Pakistan	SAS	89.9343063270957	45.5070376675588	81.2870859299426	33.5721807325463	-6.57590295545009	1.42030195805724	-3.225095036245	-1.48646573892102	-0.940267488953409	-5.73916307462186	14.1466470434341	-6.20446828133441	4.48945834676227	-10.2974762170719	0.81034194375354	8.36732572701869	3.77857771528961	19.317522546824	-19.1019095316719	-6.75569596834224
HG02666	1	GWD	Gambian in Western Division, The Gambia	AFR	-284.994322327187	-14.8229004579227	0.412605428628021	-1.23414520338688	-0.628585021556003	-85.3605379852912	1.02517293058239	27.1025298655105	-1.03384081552091	34.6900748830077	24.9189066771044	-5.65499092481758	1.79124580943524	6.25012465327271	-3.2564232178159	-6.08195382633488	6.56516277516037	8.3005075693256	17.328241930953	12.6311581741056
HG02667	2	GWD	Gambian in Western Division, The Gambia	AFR	-281.550230993652	-14.4989956146747	-1.2430929768629	-1.22626277404801	-0.590573438149693	-79.7513381464297	0.484936843881924	29.4938463925842	-1.82744224133853	41.9759426052661	12.7203407025173	-3.83493381839529	1.34091069249802	3.15507794148735	-0.033696736511297	-3.07409734251872	14.9578195053491	-11.2962814443672	-8.69017041894661	53.3196407661828
HG02675	1	GWD	Gambian in Western Division, The Gambia	AFR	-283.984686771413	-14.9473384188044	1.32268359634385	-0.105874931241526	-0.655303217095846	-75.4945258866717	-0.821107674987897	26.2921081920542	3.59870151262236	33.4891799894503	11.4988877702645	-3.37298168146015	3.91634530561252	0.262776086522207	2.33985569796544	-5.8438549026947	-13.7954332673684	2.94054610225581	14.3536792369287	-6.12063237420044
HG02676	2	GWD	Gambian in Western Division, The Gambia	AFR	-276.569086869523	-12.6475183683166	-0.693427480328918	-3.52251654478686	1.25353516995265	-69.1549074904124	3.57208864331653	20.2053781089757	-0.802538055908558	22.6941634904719	14.20360593635	-6.53878269060973	4.04538914555495	-5.04164844726827	-7.08993691545103	-0.478136063267689	-11.1772928388474	-17.8975408644959	15.5400812665695	-35.7089227490293
HG02678	1	GWD	Gambian in Western Division, The Gambia	AFR	-276.471226688473	-12.0197954635191	-0.37521194931165	-1.85006012176638	1.279507672706	-75.4982268692061	3.15132384445349	32.3196801339719	8.1317324298518	44.0812424863567	14.6372973538149	-0.884500208332755	-1.8522452149729	-10.4948668816268	-7.96493458788636	2.72648272638054	-2.50300302718433	-14.6082807370951	-11.770516710178	-56.6396680179492
HG02679	2	GWD	Gambian in Western Division, The Gambia	AFR	-282.979935270587	-13.7538861045304	0.627421728432735	-0.681813079126246	-1.35226527008763	-72.8121181649425	3.8004609119273	22.9233015834526	-0.00378683181159555	31.2981823022247	9.46024989012207	-4.31916556474322	1.03241595498088	-0.924393509111822	5.5402190084233	-4.24624811619993	-9.89425269640891	-1.93470301625763	6.82158931169866	0.175101356869436
HG02681	1	PJL	Punjabi in Lahore,Pakistan	SAS	89.5384414183892	60.0522203469758	73.4521754523058	26.6639957857689	-1.95975624365089	2.51174452594305	-1.96063223778776	0.645351709549269	2.64662747638755	-1.7389805364494	8.05745950507581	-7.94405037941634	2.79317347882672	-14.9719478151552	8.31830254002164	6.3054452362822	4.4637440605393	28.8814113674132	-17.2476850450668	-9.64621376282293
HG02682	2	PJL	Punjabi in Lahore,Pakistan	SAS	89.2112865989603	58.1244260589057	72.3349445237758	26.477268193608	-3.77997485946331	1.94436464168081	0.800334876675097	0.736847492796189	0.142093700982222	-3.95882479551483	13.3257937352405	-9.68785539239001	14.6588622106164	-10.6758623110043	4.95482914880301	14.3684680173932	3.97436720501383	28.5813490410385	-21.7630233500283	-10.0606536768876
HG02684	1	PJL	Punjabi in Lahore,Pakistan	SAS	87.2117470726407	32.5420187876959	99.8118561510653	39.6470719895885	-3.39030787692342	-2.40757638905294	0.85314680676724	3.63805143596199	31.2091395263789	-5.11984100423857	8.30134219612787	-5.24217283075279	-58.9814490692714	-20.3186415197699	17.2587699484254	-56.1662181342055	9.24431594347101	9.28371416254348	-9.08163547201359	-5.5363787938879
HG02685	2	PJL	Punjabi in Lahore,Pakistan	SAS	88.035299512097	29.8652149068375	99.6925289316558	42.7553422832999	-1.53559684146972	-0.0618122901722081	-3.65888012486065	-1.99141172327161	35.8525207162612	-2.85318153189136	11.4688713322223	-14.9601562229162	-61.5178753510925	-17.7496125775848	22.5276211767813	-55.1066433288489	6.7312751919213	6.45712531805191	-8.039048168706	-1.01061302372784
HG02687	1	PJL	Punjabi in Lahore,Pakistan	SAS	87.8804139727074	23.957340434722	106.420874795074	46.8310760888536	-3.19454353742239	-2.30393397410617	-2.05930172317692	0.269028547764751	42.7891105636383	-6.6382597295108	10.614798301841	-13.8276823939142	-83.691035240835	-18.4625713608635	25.2305565079758	-81.1996374782618	6.09145907799329	-0.0852598066619547	0.504938559980568	-1.28483122585305
HG02688	2	PJL	Punjabi in Lahore,Pakistan	SAS	90.0360541384692	25.5289218970691	99.6914386877736	39.9280034313042	-1.16655896079314	-1.26147771967369	-1.58938022480209	-1.49325757736569	36.4894910896091	-2.491026473806	6.09770484783798	-6.94414598918692	-75.8707141333592	-21.211621041602	25.4403650148265	-67.2268371195585	8.20652141155373	-3.55163988476913	-4.63171054154575	3.98875720150076
HG02690	1	PJL	Punjabi in Lahore,Pakistan	SAS	86.8352109895416	64.5025732020436	72.8716552050632	25.2070803454424	0.270437023708152	-0.573130370005865	-0.400864543439268	-0.624477730303635	0.960030368889953	-1.54107408599594	19.323520420698	-6.88672908699645	23.3906476221075	-28.3152146216031	-0.921883467992709	25.3397140539284	9.14530725226984	71.710147747104	-71.5183249994298	-44.7096604659602
HG02691	2	PJL	Punjabi in Lahore,Pakistan	SAS	88.8096439344212	63.4682913941724	71.7782366500354	26.6963609542132	-0.848589353638136	0.901006544067323	0.852917998633017	-0.468983810688336	-3.39195808384571	-4.50420666508001	16.0737468986998	-5.51082423524481	19.6493228393837	-26.5679419529375	4.39705974038559	21.1899149164694	9.68338769405329	66.9511707539662	-61.9592662615623	-35.4575934544121
HG02694	2	PJL	Punjabi in Lahore,Pakistan	SAS	87.4574862171998	65.3572592059071	73.014401241276	27.0869933728731	1.36283630557844	-0.591807386393886	2.50813008227654	0.656576542263287	-7.70104837139503	-3.62210636689463	16.3700036129543	-12.6743370049505	15.2578334152753	-32.5906017967781	-1.37939068346871	20.1186668035199	10.5577080514286	71.1863266219253	-52.6161518880163	-36.9325808434802
HG02696	1	PJL	Punjabi in Lahore,Pakistan	SAS	90.655380887014	39.8335686828844	82.9912615128341	34.0997655735425	-4.84071982919078	-1.27716671079833	0.16486013490669	-0.166571414610966	-0.202793147899621	-3.29121998969092	0.31587030275601	-1.78943341903135	4.01874856209635	-3.42119502687858	-1.69824811886472	9.39501149370331	1.83380588815897	10.7116799649451	-6.19854388819213	-2.49386555509851
HG02697	2	PJL	Punjabi in Lahore,Pakistan	SAS	88.7328149362576	57.0169088837119	73.6184705795336	29.7731220722913	-0.483643875950022	-1.40787410635591	0.23384060416574	-1.26167378929991	-2.49000885869739	-7.17744647452884	13.5917795175439	-7.10648357034075	7.10867334626243	-15.9750505968277	0.563633841433587	5.64496253530877	1.26699270240381	31.6972338167542	-14.9413311628448	-8.72871886960091
HG02699	1	PJL	Punjabi in Lahore,Pakistan	SAS	88.7188691707799	60.255462819456	73.0424415729152	28.095744744664	-7.66667805109496	-0.0245839813088552	1.34350344609747	0.973242373874377	-4.43609177133025	-6.72755869912873	12.6750040934534	-7.08625686063758	8.87175558390103	-21.3609729390297	5.64735648894528	11.7822492311586	1.83222355549663	51.2399827212179	-30.2209348653051	-11.61643131615
HG02700	2	PJL	Punjabi in Lahore,Pakistan	SAS	89.4225453018792	56.8183866796791	73.0754027192151	30.3662635580901	-2.8369035329689	-1.13547508913037	-0.0576215073816173	-0.190406351501804	-6.19231525799617	-4.66431294940815	9.18505837793063	-11.4228397579734	12.4939976865583	-19.1870152091985	1.78736438196543	12.7701609380971	3.942061449481	44.3342802441867	-34.3813956448182	-14.4469388697552
HG02702	1	GWD	Gambian in Western Division, The Gambia	AFR	-277.855755073468	-13.5807591086426	-0.893706039807011	-2.96490646843652	0.157235540668637	-75.8314495588059	2.60924527640981	20.7264260053539	-0.776621997813335	33.3068995083879	13.9069459499204	-7.64114729936911	8.11273490037737	-0.730206712564607	1.65468852585099	2.36370914754143	-8.32818257749135	2.37259537251059	17.2329971178628	-10.9561047657102
HG02703	2	GWD	Gambian in Western Division, The Gambia	AFR	-286.677068823392	-15.9801166521706	-0.573392437625781	-1.16176770470621	-0.327761294532242	-83.5632162230947	5.1131216294796	32.8790780397691	-10.8721809316016	40.8874742600668	16.8086810505053	5.29515504752675	-6.11210080189109	2.57498007182172	3.23098919500909	0.653670399941816	17.7742345379375	-10.3873100412101	-13.8748343159219	24.0792754966487
HG02715	1	GWD	Gambian in Western Division, The Gambia	AFR	-286.199742399121	-13.9923669552651	-2.22882364539556	-0.885860786941728	-0.508302437837894	-76.2882939721297	2.38100891216559	26.7020950954422	1.95767840256948	25.0004067498699	13.3863541438571	1.6213969514679	1.96939678462835	-5.28374885012515	7.57664435638337	-8.55332427634508	-5.64188693452486	-7.68467463868156	1.43074021226807	-40.4717049166957
HG02716	2	GWD	Gambian in Western Division, The Gambia	AFR	-287.444304030596	-15.1538556677565	-0.916988912586414	-0.564668498893984	-0.133174372848342	-75.0730511870316	1.89377021756834	27.9977830286092	0.0938565321169315	17.7295329984556	12.142122899084	0.727031101332088	3.63202272100314	1.78444265962389	-6.55245494916174	1.8557779726452	-7.58740933567622	2.4805199711741	0.805190830496193	-29.4699423715392
HG02721	1	GWD	Gambian in Western Division, The Gambia	AFR	-282.038180398072	-13.3925679736264	0.94657440091611	-1.67306113432425	-1.27681903829496	-76.5028492990065	2.93059044351275	29.1048713191134	-0.764995471136114	16.4554464652085	11.8136478898056	1.62604125478529	3.02977356461839	-1.75540564326919	1.01177999241369	-4.65144965116303	7.5641045476975	-12.9541854983548	-9.26957486934228	-17.5751029840251
HG02722	2	GWD	Gambian in Western Division, The Gambia	AFR	-285.744597763686	-15.3363089910671	-1.70965283880998	-0.851857390576567	-0.846533546209583	-66.6075339703532	0.117037443176046	15.7749710233073	-3.52561791260107	8.69720901834902	2.77022237828877	1.93353275333986	4.04351198485521	-2.77708211542309	-12.3789418902686	-4.68148200491651	0.514624610347907	9.94419088429493	-0.899341438741282	-26.0314030045951
HG02724	1	PJL	Punjabi in Lahore,Pakistan	SAS	89.9769843690506	20.2902479062454	101.253932712631	45.5968580125191	-3.8613216122617	-0.124678305531689	-1.79377072852749	0.107822846350272	39.3207452447535	-4.63861783241327	11.7512149499429	-13.1508884611937	-79.6197555989602	-20.1092773685925	24.6513986287205	-69.6124695061013	6.41427760261826	-7.57502287118333	-2.9746115512161	0.157836836842512
HG02725	2	PJL	Punjabi in Lahore,Pakistan	SAS	89.24087751297	21.9218655718797	101.765343089072	44.118862004301	-2.06344462527501	0.28341078530536	-0.170814789447652	0.312660322946502	38.0959519794827	-8.98544379772257	16.5209902402713	-14.9281576103539	-87.0205767677582	-21.951030017441	24.7951868811136	-64.5753293563298	8.20452101467824	6.87388674086962	-3.6878921592381	-8.09201115117795
HG02727	1	PJL	Punjabi in Lahore,Pakistan	SAS	88.2005625179075	20.7609566687288	102.832749542734	42.1743557215017	-4.85872587524016	-1.39313289233041	-1.7392031027058	-1.13008149878439	38.3010147890735	-7.36327984739813	9.80728975973726	-11.3797901683092	-75.3036607791227	-17.4002002722492	26.9484215682192	-69.1551325574844	5.65526677364945	-1.14601086847087	-3.52454424395994	-1.34292840184001
HG02728	2	PJL	Punjabi in Lahore,Pakistan	SAS	89.3699584563253	17.336119080809	102.5655837515	43.6263975576363	-2.85456935129593	-1.56749877961805	1.55676631689206	0.4535265199568	37.4760241650306	-4.7868429097713	10.2334714937849	-12.6630016072491	-83.0415750711397	-22.5937908577675	23.0314927765923	-77.3418262319912	2.14560913857454	-2.44246372308432	-1.84740597014681	3.10227521236022
HG02731	2	PJL	Punjabi in Lahore,Pakistan	SAS	86.3330834266095	41.5757209380266	88.3963854535508	33.6155999176186	1.11285572192755	0.510949015744234	-0.593322146320656	-0.233532730976577	9.80907244294253	-4.55961436197061	7.16395235140708	-12.1937681494287	-11.6523628520895	-17.1404223804853	6.4538470338095	-3.22961898024983	1.40407987513921	14.1731694484102	-8.63444865109779	-7.69158365374285
HG02733	1	PJL	Punjabi in Lahore,Pakistan	SAS	87.5156592077997	55.3337508867431	81.3620395978135	33.7242564736555	1.78983837456765	0.411999523295565	-1.86036181565185	0.761407929715023	-4.54879974010699	-4.86483877944579	9.11843174945368	-10.3053627482949	1.03402429693088	-11.0888378403211	1.8924313468901	10.9121114318559	-0.788522835874011	28.9655508948731	-19.0649378101304	-9.01308824817699
HG02734	2	PJL	Punjabi in Lahore,Pakistan	SAS	90.1501658889847	54.873293436753	71.6523110167318	25.4987040467747	-1.47608766700253	-0.0352843109913574	-0.508930890385143	-0.137221063652302	-7.68792205320357	-6.76136180347067	11.685460533467	-5.33784950969817	8.38928862720732	-17.2337916737556	3.65282583008376	7.92360414452994	0.926894960772147	47.700218317595	-25.7846546054072	-16.7940666473176
HG02736	1	PJL	Punjabi in Lahore,Pakistan	SAS	89.4595030060275	56.9280928154076	71.7743759743417	28.042886738204	-2.52181240617617	-0.12150492229124	0.942141493411373	-1.26154159403024	-1.85334270867093	-3.29259304397584	9.66621803436687	-14.8514872695478	3.57945418387682	-12.6929328845329	5.12138749882622	2.18895459901384	5.71013197075587	29.6569731513024	-18.6442675746196	-11.0978142412485
HG02737	2	PJL	Punjabi in Lahore,Pakistan	SAS	88.888221773605	58.8510999863422	74.1456527257537	25.7517810011799	-3.22631749664882	-2.29531151156308	0.00418645739782014	-0.84738273600623	-0.611377421950888	-6.2360545718274	10.2112302990797	-6.34383901726651	2.71457183829199	-7.14860995574503	8.31275599078766	11.1096519241259	6.78376271936786	32.0585128747742	-22.6028884406899	-13.2712158138988
HG02756	1	GWD	Gambian in Western Division, The Gambia	AFR	-287.361125325471	-14.4000885462343	0.00608658703266446	-0.0526841502552418	-0.516990673233747	-83.0178052559592	0.716752821624012	29.9035999998139	-2.37902317700997	40.1428928429381	10.5677888816863	-5.76622030333855	3.51054780675986	2.36441676847	2.22627589398535	9.07840915029538	6.85597276268212	-4.27609433319672	-11.0288081299592	3.86789407237764
HG02757	2	GWD	Gambian in Western Division, The Gambia	AFR	-283.190653054955	-15.2333071500327	-1.07121572936927	-2.32795603680443	1.40093654165539	-83.5112336911981	2.33839464753488	27.6236795598444	0.426349650039146	39.0529340553912	17.3075697511293	-6.70182261475519	5.97748546167152	-5.04228381189229	3.02111114266928	-2.71904026409748	-6.23721039867419	10.9238915094553	-22.6890613602321	-12.2575255649503
HG02759	1	GWD	Gambian in Western Division, The Gambia	AFR	-286.122687046276	-15.0385037181178	-1.31472041201445	-3.26105939735508	-0.173941445435277	-74.60436717626	4.86018975530447	24.1341012374021	0.755475152618196	23.8930573548713	18.194794286771	-5.14544983261279	0.955904295553455	3.51638066928033	-7.54420072831112	1.53677875088386	-52.5904994032542	0.571992769444636	22.8765586695876	9.38087976961256
HG02760	2	GWD	Gambian in Western Division, The Gambia	AFR	-282.297771190715	-13.848852364883	-0.496994505344977	-2.07083808844402	1.14800877979774	-71.0580285278418	-0.71899615427399	25.7019076842674	1.88640028654182	29.0539971536705	10.0718141299956	5.68670880125494	-0.547301625527854	-0.184899516156282	3.3121113233348	2.03674111367207	-32.1142481726884	-8.32780489846322	14.5422349557133	-6.39357604289274
HG02763	2	GWD	Gambian in Western Division, The Gambia	AFR	-286.112321824332	-14.966151756517	-1.27126402365876	-1.46454294237861	0.285962287676471	-83.2069940934604	0.269302616240479	26.1858900968701	-2.46065059299451	30.6704865219329	12.9140004062463	0.890189562354457	2.12262090657758	3.91269479514253	0.833274097136539	-0.935878271088157	1.23498619338845	17.350690308016	1.5628308673692	11.0147808257345
HG02768	1	GWD	Gambian in Western Division, The Gambia	AFR	-287.200505390257	-15.942519543884	1.80766988580841	-1.23582310056603	-1.74193256605109	-72.2017417803543	0.976000608052129	27.64280519003	1.67154636611775	16.6139142735648	8.2562182589341	2.22101193788235	5.35996995321458	0.879019151961674	5.01174211768628	-6.57188544359739	2.13702162062641	-5.43156116842419	7.32061034799901	6.36610748310685
HG02769	2	GWD	Gambian in Western Division, The Gambia	AFR	-282.828908862178	-15.0903264706868	-0.792629808653079	-0.1230022601892	-0.890482573686827	-70.5700490982845	0.296339393368379	20.1715661346197	3.99282439338975	22.4460737485871	11.0745356654017	-5.32042378685107	-1.12051532558131	1.60292834981715	-4.25074760953622	-4.37503855267034	-7.20002930356682	-5.80826129005347	33.0784118504721	-11.9405631528818
HG02771	1	GWD	Gambian in Western Division, The Gambia	AFR	-289.180363480712	-15.2683484468564	-0.775007873161271	-0.168639606323165	-3.08097133874319	-73.6158743895334	2.08404648810543	19.0921513554613	3.55865792758863	12.0791691638383	2.82433182281453	0.573101632749563	-2.97926354062256	-7.38807059755887	3.80002275452503	2.49296292283303	4.37199567030871	10.3723122049411	-17.5798555735048	-5.17868897411271
HG02772	2	GWD	Gambian in Western Division, The Gambia	AFR	-284.88636116479	-15.4580625975925	0.782591025188211	-2.76267729661942	-1.11502758948044	-80.6782935252111	-1.12158531903223	29.2886280858842	0.524467930525188	24.6583983022629	7.1561751646095	3.94662263665182	5.08198129218127	1.02908245005493	1.97329965680822	-1.47756567331868	9.43425488606307	14.0698748869778	0.0172996786724755	-28.5571516673946
HG02774	1	PJL	Punjabi in Lahore,Pakistan	SAS	88.1095734002069	32.9241472090462	92.7673775938579	35.2355524687534	1.62481125579704	-0.549097856010271	2.40437356385673	-1.1549525361938	26.8371378974082	-1.78719898989761	7.03530626744021	-7.41520705980158	-38.3084086723407	-24.2244292180524	13.7318644421886	-41.7027462015102	4.20407472787362	1.28744609066289	-2.61320321179192	-4.43528390945322
HG02775	2	PJL	Punjabi in Lahore,Pakistan	SAS	89.5223301678717	23.4274250542729	101.22927202886	41.4434540503188	-5.3133310816225	-0.845556236189923	-1.59213921363465	1.21772636580666	37.1603163731314	-4.72210411715874	11.5047364788788	-10.3093816102182	-76.5220693441394	-18.2542052499183	27.8592102967119	-68.8732887964978	6.71502668449542	0.835553782804117	0.0952781466324566	-1.91379621196564
HG02778	2	PJL	Punjabi in Lahore,Pakistan	SAS	89.2416099239635	22.1286888772905	100.903250747112	44.4866756597827	-3.12572121613395	-0.41270912103565	0.374153465059401	-0.101864505155111	36.321145516506	-8.94212531141535	11.5676845314463	-17.7443392887068	-81.4579625980554	-21.195515479307	28.0772751291714	-78.8805894228917	8.74290190003679	-3.34344508016568	-2.277599107716	-2.05230102845076
HG02780	1	PJL	Punjabi in Lahore,Pakistan	SAS	89.6962889395719	25.0808299385449	98.6834860511283	42.021396725266	-3.58235303291147	-1.67589659781622	-1.66452005514839	-2.62932707841367	41.2825806512859	-7.35300211459099	12.1562186278807	-16.4453495836491	-83.2463809463875	-24.8304452070032	23.1157048741047	-80.9813460762197	8.8490114992308	1.20637096430562	1.65567026668123	-2.16586909329424
HG02783	1	PJL	Punjabi in Lahore,Pakistan	SAS	89.9830558814154	21.9623952512611	102.768528034663	42.2143609504234	-1.67385214796675	-0.700340823006801	-2.64315399156336	-0.600494619268919	39.5084734323009	-8.53933304939967	12.9694694184548	-11.6725306461226	-85.4793345760291	-20.0997620063207	19.2295424754452	-71.1822223097225	4.91057058436222	-2.62724721720683	-1.39970581178378	-0.159904199058168
HG02784	2	PJL	Punjabi in Lahore,Pakistan	SAS	88.295090647863	27.3947623307636	101.029806277632	44.8713276469733	0.54076301687831	-0.756936556570406	0.593916913468871	-1.69448586172433	31.4539513922399	-6.71391383069693	11.2729161283175	-10.6828654565817	-73.5714972451865	-20.7406301044995	27.4168138454298	-73.3855885872707	3.04218028820284	4.11049593159722	-4.54632485420355	0.343750619259163
HG02786	1	PJL	Punjabi in Lahore,Pakistan	SAS	88.4108127232315	19.9707240390804	108.1710418076	46.1357456907197	-5.5163682165288	0.174477023568692	1.20788414872823	-0.60301674523123	37.8839959646781	-4.17179107838807	11.3698283319799	-15.6263148154302	-96.3819777944913	-23.5989863299921	20.3190767495903	-86.7827747745138	4.94172207563239	-2.74359025171546	0.204892904897125	0.655509039381988
HG02787	2	PJL	Punjabi in Lahore,Pakistan	SAS	88.6017249329521	22.3196534819661	100.867606605833	44.5721802089575	-4.88337636134725	-1.04424774274841	-3.11591529841073	-2.26516445522663	41.3622671445108	-3.89572208043139	8.20523603965931	-15.7987116173369	-81.608391857395	-21.2342214766934	25.4907364442806	-76.2607598481065	7.02778381050154	3.05206694137775	-5.68817400293012	-6.027432534157
HG02789	1	PJL	Punjabi in Lahore,Pakistan	SAS	88.8418029738611	21.9433482312998	98.7258373315423	44.2963333940995	-4.43658566796242	0.754752539835375	1.32982527995775	-0.585359038976931	32.873992356772	-2.99849142627303	15.6816210165066	-12.5620044780135	-73.4329102936406	-15.5167266188117	17.5449865493343	-74.5255177650478	7.44074269836319	0.514954880138579	-4.34581092802101	-3.68769121348601
HG02790	2	PJL	Punjabi in Lahore,Pakistan	SAS	88.9364516061019	22.1093186299138	99.6446201953978	43.9158821287967	-3.00361741452427	-0.63256418939641	-1.49587800955422	-0.799142713425429	34.3322307540805	-3.2547224423943	9.19316282688142	-15.0016667041124	-71.5279095094811	-21.7848919416196	21.925167979766	-69.4049863640918	8.09429542967361	3.93309405203691	0.275726226034728	4.40061716718937
HG02792	1	PJL	Punjabi in Lahore,Pakistan	SAS	89.4759322991822	21.385014636815	105.33407790284	46.3101579751403	-4.46002040340416	-0.639320670962126	-0.832354076970953	0.301229574646051	36.1765676083295	-10.9547207641209	13.0479019752655	-10.1224825574631	-88.1072833214127	-16.4637729481458	25.7613406895194	-75.6568966986938	1.92606055486277	-1.27828371691374	-0.793976047321308	1.70001481798116
HG02793	2	PJL	Punjabi in Lahore,Pakistan	SAS	89.2258685775752	21.0226670904388	107.760061960185	44.0002652752394	-3.98344157648706	-1.64981865128906	-1.09462338510288	0.350463764053823	44.1565347577887	-2.93927911477309	6.3022918828622	-16.7793123116169	-90.1193848041512	-19.2231774644664	24.8806312629424	-78.9083689516871	5.32006259962047	-7.24018669928654	-0.577526376865623	-1.68081916925336
HG02798	1	GWD	Gambian in Western Division, The Gambia	AFR	-285.435257694519	-15.3342072362048	0.346722835191317	-0.918520413603463	-0.864409361274914	-75.4182949067142	2.70172764180388	30.1145170423304	2.33813795328155	32.7720178672456	13.7142144990521	-2.66380346131667	-3.32784778308895	4.55151774751051	2.81232591467466	-6.56237516667139	-16.8512632194935	3.92180106814613	4.93805895797966	-21.88132160217
HG02799	2	GWD	Gambian in Western Division, The Gambia	AFR	-283.837670812399	-13.4183252656649	0.504023964947804	-2.99521359127327	-2.28007039992638	-74.9574241386114	3.67494568021704	25.0061820942419	-1.31861625881973	14.1359457629106	12.2022854261513	2.88825990503067	0.65690099854304	0.475931220664413	6.67301661383584	-1.44614988371593	6.58827863268529	-1.6016821658912	-6.33768635959832	-26.1922485868097
HG02804	1	GWD	Gambian in Western Division, The Gambia	AFR	-288.36603766544	-16.8498269459968	0.324762971471498	1.41968403203415	-0.8623797961194	-80.4350370803286	-0.276768375088499	29.8027665967289	-5.01066022745646	19.1938745714582	14.189063449229	-8.66942780316561	9.86077876796707	2.78259162049476	1.53278711412837	0.686867229713013	-22.3076922682341	5.76464574113465	-5.52661152540624	-52.4433074285533
HG02805	2	GWD	Gambian in Western Division, The Gambia	AFR	-288.582352850009	-16.538466088186	1.25031567410142	-1.51177126574125	-0.814454931722532	-82.9105072941899	1.36343641452005	32.0347412771644	-2.31030627992048	14.850550866002	12.0399432757043	-1.23694669083845	-10.4476811816261	-0.105843593063821	0.0824428394453772	2.3565639151542	-27.0571774614573	7.0585192676525	-15.3178588954576	-63.4353831102144
HG02807	1	GWD	Gambian in Western Division, The Gambia	AFR	-281.137938410687	-13.0422375447284	-2.5605930074476	-0.783506970983907	1.65908217381057	-70.399174525947	1.95977766418151	27.0062825018554	1.04574010818246	35.7189009126032	13.3558388002838	-2.2135875114531	0.700924251482961	1.32597933748442	-3.81713645180959	-1.19350011367232	-14.8551012197007	-13.9802283911526	-8.9300745833797	-8.12518705266367
HG02808	2	GWD	Gambian in Western Division, The Gambia	AFR	-282.82019464162	-14.0478878869664	-1.80003707397723	-2.0704659737197	1.74178045405356	-80.4265712102675	4.03411603088863	24.4792682487576	-1.94846123658421	36.4080453337114	15.800826333817	-1.15791886045593	1.06052553709672	0.926020122542521	2.70847013684547	4.82885977710118	9.6484801126143	-14.0192670721059	-11.1369975056027	20.516831524499
HG02810	1	GWD	Gambian in Western Division, The Gambia	AFR	-258.772567045705	-3.66325346825559	-3.23036197450702	-5.96648612199918	6.56678859178082	-58.811899564616	4.83924057952603	20.9375599210033	0.605911457284457	20.239947008927	2.41360265049297	1.04984063116093	-2.31751359122818	-0.675053567467721	-2.47048011679112	-4.54393991673839	-3.91730459819632	-11.4819853953212	18.6633470388663	-36.7680488346178
HG02811	2	GWD	Gambian in Western Division, The Gambia	AFR	-285.443822276322	-15.983073620721	0.996225549082344	-0.143584541444388	-1.12859530325647	-76.2998453701795	1.38787004515356	26.2395956264179	0.540552971814187	25.5722681809684	11.5019865823726	-0.758986037995068	-1.7761531580767	-2.79642593772985	-0.574467199984448	-4.73156254206208	-9.78203221805173	-4.35566736944287	14.9615114841534	-14.8238119599953
HG02813	1	GWD	Gambian in Western Division, The Gambia	AFR	-284.352289375933	-14.4270875387632	-0.215902631893975	-0.0974236719474093	1.64253456317676	-85.2813984766941	2.42223813661002	30.1569410054597	1.43998782564718	44.9147704198913	21.9497454055927	-8.5789592918988	-0.894211588859401	2.38232877430234	-3.0905111053	1.10358182109075	6.86961649098072	8.70181987538387	-7.87327229629425	10.4770366335492
HG02814	2	GWD	Gambian in Western Division, The Gambia	AFR	-285.642799757054	-15.7495303856781	0.427968311102719	-1.6297061291211	-1.14631201174764	-70.0888497309214	1.1060191501349	24.8480437247456	0.757504331781365	23.8952586656846	14.0505766269256	4.95609265610802	-6.65126961090298	-3.57931707573239	-3.1692765681565	-8.42892219044065	1.22479307195435	-11.3968595430955	-18.0133538228953	-6.93643636162585
HG02816	1	GWD	Gambian in Western Division, The Gambia	AFR	-282.26749105097	-14.6833192473588	-1.41186587686961	-3.59629971251423	0.780365275955272	-71.9643918676218	0.836521946035831	26.4937947232905	-3.77594388570044	30.4679434898911	10.1060373952101	-2.10461365116039	0.304860699134493	4.94786811801715	-1.57867651084026	-6.12102292745361	1.37480053300781	3.91708162319019	-7.64406929928504	-40.6355606533677
HG02817	2	GWD	Gambian in Western Division, The Gambia	AFR	-280.978185202872	-12.6438359444933	-2.19539212849087	-1.83031818030935	-0.856920837976935	-71.6258652466572	1.45087537822933	31.2433572879964	2.39332069873907	31.3832288499809	7.5414296429489	-2.10942775387151	-2.39745652164108	1.31327812973631	1.73850709983979	0.689269986645264	-1.68367896638652	-5.11571960800255	-22.3297381388357	-34.0885448172954
HG02819	1	GWD	Gambian in Western Division, The Gambia	AFR	-288.589041464903	-15.2695962500519	-1.38986406838884	-1.40629572918275	-2.37528218391717	-71.6818210424929	1.08936898832609	26.5788986918022	2.22240212606002	13.6426463819757	15.6985222104202	4.06229264454976	4.01195631396178	0.604263674232367	9.33475215682902	-4.56703082744465	6.49406583615312	2.4891025239585	-10.3956152782309	-26.2381635525215
HG02820	2	GWD	Gambian in Western Division, The Gambia	AFR	-287.887188391337	-16.319281373328	0.551599419506439	0.529705736304657	-0.0243292487407751	-79.3100652951751	1.66700949953348	28.0583858238164	-0.138046930198171	24.2210062287459	7.44000348413253	-4.83575509438574	-1.52859782673663	-8.41362331301876	4.80045551800887	-3.04461908780147	9.16105404588476	8.7132663051779	-22.7529406965668	-28.7424673614149
HG02836	1	GWD	Gambian in Western Division, The Gambia	AFR	-281.155641764933	-14.4349543492427	-1.07534050490323	-0.330888515856242	0.604640377986326	-81.5754057175865	3.49076618350539	28.6595640744707	-1.18478438227164	46.1460942773742	12.7392635215926	5.92459808036395	0.40437894771919	3.33212722641705	-9.13127590318425	-0.5423306958027	-1.70443685895749	4.34633052534254	-6.14256319950478	-33.2275517069324
HG02837	2	GWD	Gambian in Western Division, The Gambia	AFR	-282.614533959486	-14.5127475060185	1.91765481317765	-0.93113197448596	0.788452553589914	-81.7752113956732	-0.828700434448284	31.8892797679233	6.17397065112443	38.5315842603737	24.7579627356771	-0.666712604480758	-5.11801025682774	2.22876172070751	0.795771584135113	-1.36283209993449	10.9018349922248	-1.09364547150563	0.604959913892999	-54.9688850417823
HG02839	1	GWD	Gambian in Western Division, The Gambia	AFR	-281.228557124052	-14.2591474452248	0.275275359175456	-1.46594703195026	-0.188207091209212	-85.8275143583079	2.11705642751542	32.9296606511409	-2.76784339341546	39.8557546942888	16.3468039519711	-1.01336841065304	-7.16287266384693	-0.862814723367785	-5.38789843130864	2.50199475563783	15.352892919112	-6.26813699441678	14.2846829865224	7.26568182892337
HG02840	2	GWD	Gambian in Western Division, The Gambia	AFR	-281.319153824658	-13.2650348494567	-0.635320155003258	-4.0381018442312	0.198726833436143	-71.1343558756713	1.17887818036104	23.8630249291649	-3.54682026525555	35.9897876276277	14.4186451896306	-0.83381096242011	-1.44433383767912	6.46501401770011	1.77140389809564	-1.71647958300897	-4.92823079822364	-2.82586364219763	-1.66603738068064	-33.2612168252014
HG02851	1	GWD	Gambian in Western Division, The Gambia	AFR	-284.325540330153	-11.6227159475988	-0.862692179759903	-1.80465859113718	-1.6733836464862	-52.1771974827893	-0.123035785441744	7.81692274068045	-4.52970401695417	1.51632502744062	-4.98914227978891	-1.53521364081832	4.4215749943121	-5.64351495552022	3.24823963071408	1.97218097419246	1.3475039704435	4.02369750166066	-28.5345787782618	-27.1300623918698
HG02852	2	GWD	Gambian in Western Division, The Gambia	AFR	-280.064959821805	-12.27443010519	-0.303693073359091	-2.57728899963634	3.83671690782795	-87.0772829133472	2.74277185525255	32.2666958638765	-0.161741040096946	48.3598986779446	24.9870439621726	-3.28086762166926	-3.75428128971591	-0.0925849095691025	-0.983932617913334	5.20063141105131	16.4433415647708	-7.42232479295813	-20.6196172348871	69.2810517709197
HG02854	1	GWD	Gambian in Western Division, The Gambia	AFR	-287.126995476631	-15.1544129371651	0.558256115567209	-0.179185922424825	-0.533866669661123	-65.2582968621468	1.52589224788961	19.4103033346657	0.838146185836644	-8.9656497005691	-3.75524501788145	-0.678419879370661	2.86027375967489	-1.52288797774673	-3.33870332177268	-2.27981099197871	-13.1984799093948	8.75207839484153	-19.3227965505338	-16.6370239413262
HG02855	2	GWD	Gambian in Western Division, The Gambia	AFR	-282.558420246685	-14.7978565988044	1.13054132125381	-0.476158374627671	0.121474507410371	-81.2821249274907	2.58217992231748	30.319024983774	-1.15426871601656	46.6739896479022	23.7190261503449	-7.86228945987479	-0.997329343772332	-1.23821074581705	-8.02992165218417	1.1010752542588	14.7584766481835	1.89042291847397	-2.35333322562522	51.889804140657
HG02860	1	GWD	Gambian in Western Division, The Gambia	AFR	-287.114623171549	-15.9592912356576	-0.423814381478835	0.683454009463214	-2.29849355715127	-79.5222787616553	-0.726587915038272	26.7286555254309	-2.78472311013682	34.6833055466034	23.1704314124854	6.23100527661722	-1.09057583861613	4.81901723682425	3.18934300258179	9.46082061805715	12.041603956961	14.9529640046776	-11.8214416005701	34.097129229052
HG02861	2	GWD	Gambian in Western Division, The Gambia	AFR	-282.819504782643	-14.094025048521	-1.07990011639885	0.0449971261238848	1.31314845392912	-86.6982577362981	2.30556178836887	34.1866368258751	-3.03545657293235	46.8700973017767	18.1641242570285	-0.83494787344677	-1.41860941230923	6.58732568602315	-3.43336668493289	1.10448224498584	-7.89602053739823	3.55860967781206	-1.26642497285424	8.0078050783059
HG02870	2	GWD	Gambian in Western Division, The Gambia	AFR	-284.371528080728	-13.2767909641146	0.806576564008026	-1.15819444642434	-1.27795498613914	-70.1217636650022	1.75954382216639	25.2707575896577	-0.558435937885676	27.4822358316732	9.78142732527251	-0.0482768992394204	1.04009615024048	-9.84175430148217	-2.26845919663886	4.26914621191075	8.72078461041273	5.71417484956402	-3.12244874397679	4.59052067926499
HG02878	1	GWD	Gambian in Western Division, The Gambia	AFR	-284.575171442624	-16.2339151730293	1.33231529438593	-1.36918904584359	-2.81212550732528	-85.799365226737	-0.884490573385724	30.0766251585306	-3.01759996919027	51.6623502380859	23.6124455045462	-7.93836845949507	-0.484791885969031	0.0139292143740928	4.31784294786865	4.9987658862487	20.6160841067772	2.97376872092273	6.74806725216684	130.099428282175
HG02879	2	GWD	Gambian in Western Division, The Gambia	AFR	-283.724136537727	-14.5321609720586	0.361836036477678	-1.08723071443236	-1.16963750690291	-75.8891058285999	3.14517222952881	32.6387575469189	2.48777007920913	36.8356812496385	17.8967357505323	1.24202184054682	4.2992673483194	-4.11376203612552	0.659008357585848	6.26407702950883	5.12270643340397	-9.52283610185188	31.5235467277928	-25.2469320166773
HG02881	1	GWD	Gambian in Western Division, The Gambia	AFR	-288.989334536372	-15.8282581193686	1.02584432884548	-0.0936580983685484	-2.3283513019375	-74.5562938648709	0.78063149751142	23.6349551894512	-0.420723432303492	18.5226310324784	14.1593552215902	-0.749007337284748	-4.84552916325023	2.9754542949861	4.13061439299756	-1.27180747777876	-15.1485704520777	-11.7292633154788	19.4337815224969	-52.7521513153489
HG02882	2	GWD	Gambian in Western Division, The Gambia	AFR	-282.265934722114	-13.2790917471568	0.362218656775294	0.826521297980857	0.660761695683526	-77.3851147108167	1.10495126908248	26.8015569852256	1.29595138913444	38.6524974134827	20.477460587674	-2.19980625528105	1.43496856916282	2.05056682996725	-1.24590670098391	-1.92007136229542	13.9904098791151	-14.5345205017009	13.2628854947527	8.99918987598131
HG02884	1	GWD	Gambian in Western Division, The Gambia	AFR	-281.351595676712	-13.2030479996883	0.792751050335995	-0.775230505957518	-0.620470041590449	-70.3551313171495	2.12001537479153	28.9313863879851	-0.243765915329656	30.5043731055791	11.3770198902216	-2.48903900082587	4.08805467166177	4.81594655865405	-2.2665995817435	-0.90051701640073	-6.83812318170077	-2.19466365675949	2.48747064232332	-11.4511045215538
HG02885	2	GWD	Gambian in Western Division, The Gambia	AFR	-281.968477203482	-14.8451701408531	1.44221838478341	-0.718161008042748	-1.34188570477371	-76.5537325268895	1.7970205961507	31.5140174530402	-2.40803579679313	39.0097722977772	11.5417560062703	-3.26045771532323	-0.635707880782177	-3.29400473139265	4.41944301215503	0.189655783687836	14.6832467406797	-2.14726240021651	-12.2365139889871	-39.5123112419195
HG02887	1	GWD	Gambian in Western Division, The Gambia	AFR	-287.055185582136	-16.246685552825	-0.0260252513366755	-1.0967543947211	-1.80247066241951	-85.5039422808486	1.48590122042637	33.9876448142775	-3.08487091851743	54.5473708112014	23.6960096600292	-4.9346586772026	-3.87730244106497	-2.58919168490636	0.806981266193904	-6.19065143599637	10.2150473159064	-7.02086254481483	-17.2674814687377	40.5355242297767
HG02888	2	GWD	Gambian in Western Division, The Gambia	AFR	-282.006612810093	-12.5541457643748	0.808492932930186	-1.54279907183564	-0.745903086446667	-77.214653082091	3.3480627836589	26.6221586374305	-2.9815794949964	28.643231645475	12.9273497725927	-4.21195120676817	-3.11521035994764	4.27987184694059	4.45963859534603	0.270977607890141	8.18664374335037	2.66981702848442	19.7876815971367	-27.8188672884601
HG02890	1	GWD	Gambian in Western Division, The Gambia	AFR	-278.408537840694	-12.8289417120663	-1.24133688959388	-1.51391524263505	-1.93861280512262	-68.2096155909911	2.3273357772194	17.5483560158076	1.16204725855332	17.3042107079652	4.91053269089371	-5.81799241661657	6.66008938727186	-0.520208588378169	3.56907620861247	-8.61527791293313	-18.448117060106	8.29034710657843	-6.25481781608093	-32.9761879419726
HG02891	2	GWD	Gambian in Western Division, The Gambia	AFR	-281.708842390149	-13.8007734325998	-1.80999209429345	-2.52266850736125	-0.876654090364906	-69.445144540952	-0.28130278711631	20.157450391592	-2.36038855539162	8.96185340784594	5.54559816659826	-2.51405438917613	-0.811292639575008	-3.96272468729519	-1.95321195283014	-1.3453944428126	-10.0290560465999	-11.1161023379061	-12.1154789931152	-32.6568382908702
HG02895	1	GWD	Gambian in Western Division, The Gambia	AFR	-285.063589097688	-13.1946310424798	0.357529930150405	-0.350542820912859	1.37033900322361	-91.6145886730465	5.10650103708909	36.6703760824237	-0.0378382665931075	62.1243244164269	29.7930684818072	-3.29871092396272	-4.4604699884303	1.43849579099873	5.57348613905642	8.13402783607598	14.5454651381128	9.27329157136237	17.2395458156193	174.341042080454
HG02896	2	GWD	Gambian in Western Division, The Gambia	AFR	-283.891466081906	-14.6031548570667	-0.544861815132985	-0.265554045385014	-0.750750027592535	-90.1681928903137	2.94573348600146	37.4484442978279	-2.31763633632385	59.9972777281946	33.4016455793053	-6.53783007793154	-1.70286709806733	5.99226962312228	-3.92565862405593	-0.0451847551594108	22.687959925647	10.1793409863713	-15.6668867615363	193.528013751942
HG02922	2	ESN	Esan in Nigeria	AFR	-298.69058116065	-18.8432527819885	-0.301000753780411	-0.435277415641324	-5.86169665886988	26.2306398246903	-2.45933388187394	-45.1228357429938	1.29716168336817	19.8189328171798	4.39913842391337	-4.10784776569205	-4.94496528263864	-2.21299189958081	2.42137061158427	-10.506101854334	-71.3994921390281	11.8991171086138	5.52874633032596	-6.34821999908985
HG02923	1	ESN	Esan in Nigeria	AFR	-294.588408343006	-17.7858239528064	-0.702361696884969	0.946451164429489	-4.06953635455784	27.3786970381753	-3.38248423778105	-47.6348021901108	2.77124447453882	29.4974350641375	5.26226875609755	5.23531157867173	-1.42851122931706	-0.50024534653193	-3.58713088183447	-4.49029692084346	-71.3210889785405	7.22353321640114	8.4996147239483	8.17115626196081
HG02938	1	ESN	Esan in Nigeria	AFR	-295.34785421079	-17.3703802084459	-0.889933798802799	1.01610193201282	-2.88655717183935	29.907461857335	-1.96555630347714	-41.5700787518327	0.0794651534184723	19.5529958282927	1.53849946546793	2.97671117631075	0.393018696414866	-0.569996515147425	3.46749801898604	-0.430027933903708	-31.5204907631959	17.4499286916387	21.0784969260174	24.9310873346142
HG02941	1	ESN	Esan in Nigeria	AFR	-293.047614038978	-18.5291594313571	1.69053907348996	1.75097716599468	-4.14319483021496	31.0226154491432	-1.0977048517459	-37.5955945783292	-1.98937309299222	16.4053143232022	7.02337487153741	0.0628521484801151	-4.00458604163178	-4.2168546894948	6.73108080828738	0.572697787901807	-6.99112176000694	6.23273676930306	-21.7788775262952	-2.93423083343323
HG02943	2	ESN	Esan in Nigeria	AFR	-293.674427625454	-17.3705614432618	0.403307912929326	-0.511356963832988	-4.37551543402423	28.7701568105861	-4.4225866367152	-42.5545281134262	1.276053270373	19.1985125700518	7.41618223920696	3.47910947513301	9.15731897336512	-3.89320707268599	-3.41049092332995	-8.92265624304042	-38.8194316581097	-18.389080029735	-5.97320403142789	32.389599320869
HG02944	1	ESN	Esan in Nigeria	AFR	-294.719601916154	-17.8147233511684	-0.40907534809096	0.642904569565539	-4.18746027259353	30.9738588847506	-4.03331385564894	-42.3666338615324	4.23799550044773	22.060969232247	4.37964448985659	-2.58443731966373	-0.153662810721728	0.320263869168855	-11.4037401436461	-3.36630904342429	-19.429303648418	0.999271198774397	-21.746625655778	54.4184747580468
HG02946	2	ESN	Esan in Nigeria	AFR	-295.960647901982	-16.8512635463636	-0.374066234988599	1.19376036305826	-5.15576248210386	31.928842992265	-3.68261871523583	-41.1641480543699	3.78021901927515	22.3463474480393	13.1782126795754	-3.70467908229783	1.20090422378447	-8.6582995499954	-0.515923973571796	-5.17517680274319	-33.480285824443	7.53350291670694	0.179799933161036	-18.9314077779121
HG02947	1	ESN	Esan in Nigeria	AFR	-296.608210190508	-19.3428885172718	-0.501915112175724	0.0439137112310754	-3.71710316432	30.6108219985323	-3.36122817799737	-34.6242594324247	0.213562436575598	16.4102086331717	0.743226683641306	3.11443235224064	2.98044602936795	-2.23348123268057	2.03163200220696	0.197719651461628	-31.9215038210353	8.84675456846106	-33.380248159254	0.493888292390396
HG02952	2	ESN	Esan in Nigeria	AFR	-294.743337222533	-20.5415756676632	-2.00647382326345	0.543636889349192	-4.7295892954282	28.4492976240261	-2.52034571477183	-43.1998295605703	0.746750687286126	15.1332662240622	0.879214375519318	8.5160498574613	-3.57467668001124	-2.03170946664509	-6.94485176238542	-7.99296376132867	-37.1445577577665	7.21855132216939	-12.6355319174644	21.4318575641509
HG02953	1	ESN	Esan in Nigeria	AFR	-292.971100254687	-17.9873698257369	-0.189213673205095	-0.672243238628119	-4.68356115853571	34.1575422369862	-2.16919695221221	-40.4885505602337	5.41221560394988	23.7864261037767	8.11903197156513	5.06104839616949	-4.25701280403386	-4.11658969428494	3.19237972852376	2.21057876531764	-36.1301759587372	2.97532330824178	14.4095669375959	34.8400417049809
HG02968	1	ESN	Esan in Nigeria	AFR	-293.470446970337	-18.0467553001111	-0.288926761608227	-1.71813378266682	-3.5230176245722	25.0796052669935	-2.96764012527248	-41.87239046041	3.47979531335654	8.35133997333152	7.67079312050655	0.922092099149333	-3.87795413402709	0.190966615252234	-2.28086430176904	-3.61829992478707	-37.2675924170738	7.55691278664621	4.75520243948061	0.398707435046943
HG02970	2	ESN	Esan in Nigeria	AFR	-296.368390080558	-17.5037783092211	-0.838994578604296	0.998778200630054	-6.15745823647571	27.9183784273984	-3.35124531476031	-39.434734756574	1.63401182271601	14.5712052117624	2.39618610638514	4.35693160746289	-2.7542116250432	-4.21005639971953	-0.833389814324796	-11.0450189678227	-27.4025797132998	9.29755199147067	11.9287125387434	6.80585682134429
HG02971	1	ESN	Esan in Nigeria	AFR	-299.290796597463	-16.3525624073939	-0.552661758027802	-0.827887171185175	-6.69894473660307	34.8256490585742	-3.53827322418908	-43.4622325121419	0.334302361323784	22.8990774247356	8.96937767781515	6.21788199124374	1.43065220981995	-5.94410630124695	2.33818942818357	-12.8300579307982	-42.4530078563298	4.22913420573427	-20.7586157892659	12.3746253290018
HG02973	1	ESN	Esan in Nigeria	AFR	-296.837450070912	-17.1067090852058	-1.70004823496189	0.653783742559508	-2.88501821531845	27.6974522083487	-4.79907220205364	-38.6427000598266	1.27815353586806	20.6608584519	10.6371907276642	-1.82745572395356	3.45770901857555	-3.37337724344735	-10.1831721540746	-8.67613383998937	-53.8920390423044	2.54060574286598	9.66132552332732	19.3822232132197
HG02974	2	ESN	Esan in Nigeria	AFR	-294.253402708928	-17.4735672878365	0.671190020216513	-0.486294419517378	-4.04728112732696	29.64738567632	-4.912614664217	-39.8268606827627	0.061506501545035	26.4769554776681	7.49694012691156	6.57063232132812	11.589421154004	5.02425689282768	-8.64054612594865	-4.11657420432888	-39.1247234896465	-14.5302452161763	-33.8848241558579	-0.149829971479105
HG02976	2	ESN	Esan in Nigeria	AFR	-294.704831167361	-16.6341723357306	-1.64299944019795	-0.40888746277995	-6.23349528318156	21.9548103911994	-3.09631085309208	-33.4810801658884	2.91775674544986	10.850905077738	-2.56059917090068	4.29302615609429	2.47369565951866	-6.17013080993633	-2.53318134997065	-7.64424234835742	-8.02787638397	-2.71427234155083	-20.4313234404759	17.2324750118228
HG02977	1	ESN	Esan in Nigeria	AFR	-294.62692247904	-17.7084798217008	-0.868512744920149	-0.794983569329387	-1.60237525643864	33.6603434489375	-3.2086232363119	-49.2744403720472	1.24704624351935	19.4500075407832	1.49661996179187	0.817743097393847	1.02967751696257	-4.56241499828155	-6.12725724148989	-6.03686142785467	-59.364267874827	-8.04514520509671	1.54283358227493	8.1127427043342
HG02979	2	ESN	Esan in Nigeria	AFR	-293.849209328423	-16.4886767889829	-0.923390006868113	1.32841950754126	-1.18382418693071	26.6176032100378	-2.14233414372891	-23.5576758375941	-0.475825647795375	9.98788796398031	-3.56905819347615	-3.95834223012643	-1.68648925130657	-2.06869255094938	1.30404087044116	1.96029252891146	7.63731313757336	14.8644657177964	-18.360523086549	12.6840851185379
HG02981	1	ESN	Esan in Nigeria	AFR	-294.256109578124	-16.6841040185194	0.0449629123053664	0.789291616422666	-4.77357214105485	25.9182707030494	-0.726625484922417	-39.7937714280306	-1.46759171550764	26.8086539475251	5.60106346985007	0.0594891824013902	1.84535902947464	8.18446480967403	2.25968608042013	-4.17725928320714	-28.2733862064574	14.9296176844296	-16.1329111723814	2.58833491327985
HG02982	1	GWD	Gambian in Western Division, The Gambia	AFR	-286.387423307595	-14.652490816086	-0.709833626597269	-1.13285388222878	-1.42496164011036	-79.2451346921572	0.463077588461587	30.8381014501302	-0.800636391371831	32.8708011900748	18.3671341158362	-0.889616587798495	0.265119743260798	2.17837599048136	1.14434812013013	4.4422792603257	21.7985786903587	2.42966893825873	-6.64367959278479	16.0617385092549
HG02983	2	GWD	Gambian in Western Division, The Gambia	AFR	-283.119987025237	-14.026205298204	-0.79653714514107	-0.459017747342991	-2.99182906169034	-78.9501548488757	1.29835191557089	26.2674183516332	0.668780241785792	38.5213304304269	19.3460058385656	-2.96831791363844	0.822071970915723	2.19009165362584	1.32667894204031	-6.91785529405622	-13.5626568222252	13.3834165964655	-10.3975560790533	6.07067456963033
HG03006	1	BEB	Bengali in Bangladesh	SAS	91.2060403488383	3.24483085796249	96.3302712409342	38.8671398182468	0.359193999894222	-0.817516058130889	-4.68211314824457	-0.142321258036334	5.11302475614037	-0.0440363569206988	-6.45683725936189	-0.533431691989939	-3.67909541999873	6.91216552700943	2.58135487880501	-0.0469162111424439	-4.45077421427482	-7.04054271638765	4.37287997331852	3.41889092008555
HG03007	2	BEB	Bengali in Bangladesh	SAS	91.6755206132078	4.03777326553591	94.4647411019494	39.8763613273324	-1.99529329079595	2.0386953994445	-0.480915256542272	-2.01602610627435	7.21268750003269	3.31931088509019	-6.60778378642219	4.84679930495978	-6.25400483217552	4.10655406974985	-3.01178053311834	5.00107527056463	4.90208338115569	-7.00931366261637	3.71566002757366	5.48070282261434
HG03009	1	BEB	Bengali in Bangladesh	SAS	90.7911804570567	6.52757690360296	92.3302972563152	37.729932689979	-2.56204251139634	-0.506553272540089	0.794460586401917	-1.58677178717611	8.63369538724515	0.540044663462058	-1.6730849166722	-1.78894960518115	-0.703570906871909	9.07606107637817	2.83560288447336	8.06136041217117	0.972246095315473	-3.44114678436729	1.00473932494454	1.22021316630854
HG03012	1	BEB	Bengali in Bangladesh	SAS	90.3562374851227	3.51140929590801	93.7417105176983	38.8571189102355	-0.247029274392219	-2.61358766659537	-1.4684507630715	-1.19346932401753	8.73772171209856	2.85116695884296	-4.69112736602002	-0.263382708608181	-7.7888408981539	2.76606599367724	-1.9599859685845	6.67716217067338	-2.06590926924769	-4.78644614972116	2.95510942482977	2.11379856662154
HG03015	1	PJL	Punjabi in Lahore,Pakistan	SAS	89.9458142888909	22.2294885690092	100.784180757867	44.6636650106829	-2.21487860939003	1.14654326019324	0.126185788184385	0.606675921199289	36.5407758140697	-5.50331952611308	10.4479033031151	-19.7907141248717	-75.1576614856497	-17.1096033153014	25.5700081801695	-67.9789351514698	6.50560073754786	8.31287312462826	-0.983161118613701	-0.300788728071648
HG03016	2	PJL	Punjabi in Lahore,Pakistan	SAS	88.442441106403	23.9565797969909	99.5399607066544	46.0262244389331	0.178796074355209	0.559818970683544	-0.0987476704277869	1.48666484312451	38.0861381235684	-9.21175789165747	8.96630285293621	-14.4235243858992	-74.4562528376491	-14.4825757612809	19.1295640100827	-72.3032640539082	3.63295230348755	3.72347709687229	-3.50851716311459	5.76102050373034
HG03018	1	PJL	Punjabi in Lahore,Pakistan	SAS	89.3366797816288	26.514113296324	100.088720795814	43.5590153654119	-5.76105863556809	-0.124546417515631	-3.79337207099039	0.493872436494584	39.5751426157155	-8.99504561512059	12.9476516693927	-16.4652798433711	-83.8983120625745	-19.6025531314371	21.733485608226	-71.889792920628	3.65287727033675	3.83320310689573	-0.0810220492016473	-0.147357895701291
HG03019	2	PJL	Punjabi in Lahore,Pakistan	SAS	88.9957656028852	20.5808276277074	103.858947353645	44.8022946469736	-3.93347854616011	-0.61069740131844	0.933927645531038	1.1540950156377	39.9585431238785	-5.35523129429261	8.6594194448504	-11.9147004040929	-77.7680590880784	-14.984535898805	19.8747954408512	-74.5154398276877	9.97966747507304	2.05825099844234	1.56871029968811	4.28521736483497
HG03021	1	PJL	Punjabi in Lahore,Pakistan	SAS	88.6292438163524	23.3388363084453	102.308290362417	43.6622367830707	-3.32712348924786	-0.849833704389021	-2.11655765584367	-1.43718299551944	33.2744973080817	-5.42161916711845	7.34752035007632	-8.59294803529454	-76.0354547512296	-17.2260688897434	21.234759128088	-67.4307248163344	4.13736035277154	0.67359566391442	0.275354145437406	-0.890314412343164
HG03022	2	PJL	Punjabi in Lahore,Pakistan	SAS	88.9252213053048	31.7823974755209	95.4433715478465	41.2790899584809	-0.737871048130913	-1.47847583651839	-0.893104704907076	0.279947084681347	37.7596798454662	-2.69962741518837	11.9642841802531	-16.4062145666693	-79.6374194939379	-23.8322458642221	23.0586538516225	-72.9813056892442	5.65252442791463	6.91022488560261	-4.68410618871951	-1.59186750414952
HG03024	1	GWD	Gambian in Western Division, The Gambia	AFR	-286.09255530867	-14.2985168067621	1.16263706876928	-0.715132109330271	-2.79754934425343	-77.6456143781338	-2.02788440312828	29.7596672492901	1.11962285718971	14.5374406990924	9.87352971889239	-1.19609671089345	1.65266852188194	-0.494725830569784	-2.23624456645273	-5.69896915628657	-1.7446393051638	9.68782776010537	-14.7297463465644	-37.5956955255726
HG03025	2	GWD	Gambian in Western Division, The Gambia	AFR	-290.118580498638	-17.3147968106859	-1.09749328024865	-1.77080558237318	-2.57749242527808	-72.2432724810678	1.13099154907924	28.9087046556837	-1.37707818452999	15.7908868222029	10.6864327318891	-0.585757132721967	4.16144531281395	-2.1010362558279	-4.58673827990481	5.79000472753597	-24.2903735059029	19.8705579597943	-1.60161842213428	-30.0075121615243
HG03027	1	GWD	Gambian in Western Division, The Gambia	AFR	-287.213636274769	-15.6564763450402	1.96925053555682	0.289854846885891	-1.183765357833	-77.7692066935411	0.0499562298670973	25.9900654297193	-1.88805844878018	23.7965437260267	16.1956740231397	-2.11477531869077	-1.73793024235169	-0.397472379285985	-1.03097592321276	2.07730147510328	17.1732524596393	-2.63438100553353	-12.2885828975726	-20.0058017057913
HG03028	2	GWD	Gambian in Western Division, The Gambia	AFR	-287.930944917781	-14.0676412833207	0.0473536411167542	0.65937899476929	1.79744442769166	-74.2010965843758	-0.21539992292397	28.2488271992929	-0.632948573535057	19.6204991509804	9.31054700192808	-3.98011307279461	-1.4928872994523	-3.51401946090764	-5.38437358916371	4.38198997584974	-12.6695489952364	12.0296454151532	-5.79412241791834	-14.9970397333301
HG03039	1	GWD	Gambian in Western Division, The Gambia	AFR	-289.455538504912	-14.3986604982207	-0.143495371663266	-3.55700539444253	-1.29127312424054	-67.237035909626	-0.794766140410086	15.7978280492375	1.02063390969835	17.6928178048375	5.45101850643577	1.62430239558877	1.07604352923305	5.99267520321105	2.49606266881529	2.97356937858992	8.09583543599829	-9.13942495628152	20.0254724713676	-28.6026208516936
HG03040	2	GWD	Gambian in Western Division, The Gambia	AFR	-289.08358753598	-14.0722164658613	0.656176955473819	-1.73606307059023	-4.20307562523777	-41.9918197669061	0.357420457326645	-1.03424840641472	4.40947939179068	0.493805097028654	-0.59225234841452	2.65291334798477	-1.71448667451104	-3.63368116135591	-5.22398701069203	0.164662264693393	17.0161346406758	9.92196764313915	8.27487645870138	-11.1071349443198
HG03045	1	GWD	Gambian in Western Division, The Gambia	AFR	-277.71238584619	-14.6034228739837	1.22721138988951	-1.8835722479624	3.60074539541605	-66.818984893193	3.27712702618411	22.9241941591664	-0.0845651536779167	24.5656877608004	11.5882737640089	4.64739520508787	3.67227827179542	3.59447176157775	-2.59492372609548	-2.14240837520375	-19.1619721640243	-0.619114527111211	23.279658703393	-1.67843725107589
HG03046	2	GWD	Gambian in Western Division, The Gambia	AFR	-281.21516396291	-14.4850541687376	0.2170913163988	-0.975502517473227	1.2527924685331	-68.0213136407118	1.90111881298529	20.2217790963922	1.55307964177899	24.9500272742498	8.4234663922238	3.49284561405815	3.40063964460919	3.67674395723123	0.683250657102465	-0.243015878835233	-0.761880934307202	-12.2249755116662	-4.24210516201319	-12.6140921237461
HG03048	1	GWD	Gambian in Western Division, The Gambia	AFR	-285.877296239724	-14.9982536325943	-2.27823315656031	-2.4666851205028	-2.72074178354589	-77.130591088937	3.18237151272085	28.8233626695978	1.64528302317245	41.9545094795137	18.5582906640085	-1.82861770310459	0.356998553541909	3.2992412941065	5.9958482583374	-2.98739393431246	2.99254948090559	7.46008176111076	-6.96622627548821	-7.06624912626054
HG03049	2	GWD	Gambian in Western Division, The Gambia	AFR	-286.488223373207	-13.7184120163891	-1.53661818762521	-2.04605819918976	4.63095031988346	-81.2822352684556	1.19483335247244	31.5624562276943	-0.115444789846678	45.254916423923	19.1364455728717	-1.7788617878458	3.36672323292688	5.08728560347455	-0.834782718074237	11.9935142031239	-8.2489925512253	-5.09291755405393	-18.4738183965007	2.05902702580195
HG03052	2	MSL	Mende in Sierra Leone	AFR	-294.571655910586	-16.6259125027812	0.940594165814627	-1.30308686812978	-3.33433743510316	-32.7546887426211	-0.569532118524478	7.48792640395353	-0.16892328432826	-72.0825291561187	-23.2211722263053	0.426630302785818	6.0593873705969	-5.34881350930629	3.10579476147045	-6.38323763655597	-13.5734041894053	-0.566805995454256	27.1378322993707	-5.60641162421587
HG03054	1	MSL	Mende in Sierra Leone	AFR	-294.943997258181	-20.2190155210431	1.13382719115688	0.326099393887545	-4.14191532313702	-41.9947729213331	0.55440742449977	-0.844482142182165	-1.18085548782585	-76.6118702025923	-27.1646568834567	5.70590695466584	1.30671179451643	-7.79858999608898	-4.91231704358907	0.250021414929329	-12.7448774658173	6.38503964956146	-1.51011024513979	26.2742384695154
HG03055	2	MSL	Mende in Sierra Leone	AFR	-293.427892037901	-16.7450337048819	0.187482828573911	0.361796729049726	-2.96974917356195	-33.6043079442918	1.986744464194	7.91703769118416	-2.1390467439262	-67.0258726851269	-25.9287649609882	2.17023979077637	1.81583377940622	-1.61543942535842	-0.307294908186602	-7.82231238147432	-30.2155815272892	-5.17876837684766	-23.608484832103	9.64771953674867
HG03057	1	MSL	Mende in Sierra Leone	AFR	-292.795495925856	-16.8606747881789	-0.983352503184561	-0.109609830862333	-5.06790097695394	-41.4682409835375	-5.9062040549697	1.51010555133963	-1.43428577004487	-72.9203262317319	-26.4938061473827	7.04564596773472	-1.55819938541746	-8.37168227476161	-3.14827290974772	4.82588709184276	-20.3795008174797	3.56235995519386	27.0333365642527	9.74540246988345
HG03058	2	MSL	Mende in Sierra Leone	AFR	-292.684765576908	-18.6646676759663	0.69805296466672	-1.09830848369115	-4.09628081766624	-42.281772056642	-2.33833797032976	-2.18077607738266	-1.35814340595225	-59.8018780461391	-21.8407301439419	-1.83032840050435	2.1341607433378	-6.51026387708653	-0.835286853090245	-1.58746610746337	-9.38802670760938	7.88748103555643	-15.6192625259085	23.4580413876149
HG03060	1	MSL	Mende in Sierra Leone	AFR	-294.652227682911	-17.064573188993	-0.869093229807927	-0.185845692552281	-4.50391889499174	-35.4881756775286	-3.98372266048484	-0.632518873666606	-1.96871627687609	-58.9548444510227	-19.3845951314672	0.388530753483638	2.65274379883593	-4.0982955407032	-2.0842751671365	-3.69521344940629	1.33837126896575	13.9476011257061	14.5003791470821	-4.95499608992728
HG03061	2	MSL	Mende in Sierra Leone	AFR	-293.196501556345	-17.4204661380505	0.0396203820128846	1.1051920558784	-7.2308870057488	-42.0724245777676	-1.53183881241476	4.47121251545671	1.36615737454626	-60.213222351693	-22.9776490643295	6.56766704564018	3.06701516921165	-5.8413574497459	-8.56086266180948	-3.63930100585668	-18.6607618978384	4.25951503119011	-2.43313093205038	-22.6317076770672
HG03063	1	MSL	Mende in Sierra Leone	AFR	-293.329956853617	-16.3884901918663	0.530274841934	0.788160609665423	-4.5353343446245	-44.0019785091231	0.2112796644931	3.96684098223596	-2.64284121204726	-59.2671327280496	-26.7501005299553	-4.09310467889471	1.26338135162259	2.19333127348834	3.81544324592698	-6.35410275031711	-26.8960394764375	-0.767947567860293	-6.95338272872174	-11.084327098273
HG03064	2	MSL	Mende in Sierra Leone	AFR	-294.380269997393	-17.3225341708133	0.303574483242219	0.662104902903048	-2.55736995624101	-34.8890172946657	-1.78250129278025	1.88911730425408	-0.69400052205653	-63.8470578253525	-21.9213583711381	1.21270663623931	-7.22146138926755	-12.4876276984993	5.67658348900801	-2.49531548932378	1.93166048406737	2.13526201255881	2.91509327480987	15.2600241006358
HG03066	1	MSL	Mende in Sierra Leone	AFR	-294.444961056036	-15.0935935485504	-0.0246776515395936	1.03882423125379	-3.25882411069722	-38.0333772718622	0.57550653989065	2.39366340610014	-5.3720906216884	-59.9153102942681	-25.2112516004836	7.05630000243291	-2.97448998295742	2.95308862774328	0.203341467978838	4.61044982794146	-14.2336608024025	6.64046850226044	1.13663958151393	4.88800590822557
HG03069	1	MSL	Mende in Sierra Leone	AFR	-295.629124693648	-18.2971536113784	-0.807872411964904	0.204714810408888	-5.20323290847883	-38.8612454731247	-1.33556991434542	4.4878951240476	2.22293077094796	-76.8419584436116	-25.3439591044768	6.35754142752002	7.61769294800851	-4.44400590360758	-0.221840624935707	-6.07146998654929	-25.6352574527448	1.53344119675257	0.135083249989015	20.5802539738779
HG03072	1	MSL	Mende in Sierra Leone	AFR	-292.94314274286	-17.8242099081881	-0.0931699019211871	-1.2866271544081	-2.57413445567069	-45.3575755257241	-3.44591197175838	5.85729192385283	-1.64169903728699	-58.2185152020552	-17.7817995677503	7.24170542725288	0.00122341626864948	-11.1759845412162	-7.564838354785	-7.451851533918	-25.9521801523907	-17.9996850966536	7.13355282152145	6.74745358607765
HG03073	2	MSL	Mende in Sierra Leone	AFR	-292.570183678863	-14.9329423041697	-1.11381083587149	-0.0540238286161828	-3.0377353535424	-40.3487489246974	-2.41191095638041	5.13684947614549	-5.57250539513354	-57.1748203226354	-20.1277841926097	1.18511556487306	1.66865995102866	-8.45977131447115	-0.418331528000051	3.44409929986517	-15.5119422648442	-3.14728279339276	3.59113134638223	1.1566200742027
HG03074	1	MSL	Mende in Sierra Leone	AFR	-294.802797164434	-16.5583675909241	0.71543560159415	-0.668288014138285	-3.26909900268761	-39.6363696650843	-1.51116960450916	1.00479766164831	0.635926443266208	-65.2426459586203	-25.8228310488579	-3.25461551225281	2.74087976485958	-9.69465090738131	4.72745581962161	-4.20503473744645	14.1022127549762	8.04402964928554	-8.07428635592512	3.76860859747167
HG03077	1	MSL	Mende in Sierra Leone	AFR	-294.913770864358	-17.6343866118887	0.271502599791651	-1.24128005981587	-4.79696814333232	-33.93993348619	-0.352817413861917	-1.60554595700115	-1.82679155618117	-48.8520238174815	-20.707246041256	-1.30483225490782	-1.47652572405597	-7.78500911031681	2.3387835066724	-1.08018383976203	-1.29761574576523	-2.84301097366587	-7.01951821686566	30.237714141182
HG03078	1	MSL	Mende in Sierra Leone	AFR	-292.480320085537	-16.243750548863	-1.07580332327167	-0.361383561240249	-4.76171316822877	-40.1089898494825	-1.11715063964221	2.06258916576683	-1.60341282037844	-74.4505441909825	-26.0056019184475	2.48863258159495	3.97844166709622	0.130663504360927	-1.87776993054473	-6.95617780842452	-14.7023154143998	-7.81569908830636	-9.82474768902735	10.1397237318836
HG03079	2	MSL	Mende in Sierra Leone	AFR	-295.757135570185	-17.63765514631	0.683959299764333	-0.0794076491954776	-4.39313563851695	-39.5348899868228	-0.20457377993285	4.55348099154327	1.02244640993966	-69.4684716683029	-25.3087114615109	-1.86815357786528	5.39406471234121	0.0136534552953715	-5.52277953677305	-9.27265507409052	-32.316856493837	-4.59997159195885	-24.3883122813412	8.00109248229764
HG03081	1	MSL	Mende in Sierra Leone	AFR	-294.73478006427	-17.927059996218	-1.35689434403882	0.194811919364005	-3.7876208594436	-33.3845582528039	-1.54307280943457	1.25741903339129	-0.633919494163904	-60.5798772123782	-26.163017445287	11.2379603010471	-7.24246545921892	-7.34630969492912	3.01216273854476	6.2186039481645	-5.65524530478835	8.25409230939081	6.06029690738708	-17.7325053457092
HG03082	2	MSL	Mende in Sierra Leone	AFR	-294.750892992975	-16.6584235663316	-0.361953136286181	0.466138298997322	-6.25146889376888	-43.1887062278791	-2.72662834121827	4.41739393914649	-0.0212977572812937	-59.3232327817064	-25.5109301097324	2.18084333287324	-1.30312787779525	4.53496785244877	-1.09741209416895	11.866140443666	-10.365941922055	-1.00140787778271	6.17894985410149	8.08212204935534
HG03084	1	MSL	Mende in Sierra Leone	AFR	-293.396962636798	-16.8314646362068	0.0899373006539299	0.576957908404532	-5.27403815144202	-40.0068282966998	-4.69815278236579	0.714349070382736	-1.77494275037657	-59.9997774000112	-23.0421651000865	3.81346932392462	11.0383312560337	-0.683813935091925	-5.60587711874807	2.1386603616862	-19.6287938589565	-16.0530175308774	-2.51534652514317	-15.9859172802762
HG03085	2	MSL	Mende in Sierra Leone	AFR	-293.521222274593	-17.9933097161772	0.545259415905635	-0.573973785865484	-4.10229385837082	-35.733286829147	-1.87875621593693	3.06720784000842	2.98645346634401	-68.3636184015463	-31.3434552265858	6.49017633268186	4.07865917041758	-0.215934612617405	3.32883125750738	5.84833583984266	-15.2333006365791	1.70690940719252	8.77167721470273	11.2969273554921
HG03086	2	MSL	Mende in Sierra Leone	AFR	-292.053107485136	-17.5655788629707	-0.863196490728847	-1.42274014187783	-4.08632658147393	-39.4771993311025	0.145679894690744	-1.29858947125898	2.29535437986516	-62.0828601288939	-29.5606071591274	4.73543556188754	4.72298339673803	-7.69390019698064	-7.19501631949375	-1.58952985235908	-27.0913630185767	-11.2325701984222	-4.30255895853717	-1.55203147772662
HG03088	2	MSL	Mende in Sierra Leone	AFR	-287.421494292487	-15.8032275728767	-0.397029462228507	-0.121463563215448	-2.71342912091657	-44.3111641008089	1.8801960215103	11.3241054506528	0.000757021511658147	-20.8754110299322	-1.81484504782751	0.331711080531734	4.33671247169292	-3.38057474228552	-4.28019958629542	-6.02790641383997	-11.1615877951779	-2.92416727595771	8.00535402761504	-24.5493620801365
HG03091	2	MSL	Mende in Sierra Leone	AFR	-293.976803099966	-16.3641637180183	-1.04450051813651	0.564125019433096	-5.7933111902101	-38.0845900676434	-1.40361532768536	3.54095187485156	-3.03456129962974	-67.8013331278255	-24.599766156937	-2.96387870931238	4.95384369189149	-4.71910639087843	-5.57043302646213	-2.80421625237362	-22.8807233984313	1.39629316720763	-16.4058118883343	28.6447336159261
HG03095	2	MSL	Mende in Sierra Leone	AFR	-292.336221740078	-17.7814452437845	-1.54946975023031	0.915608119716257	-8.08057830546629	-39.5064715968671	-0.879509923607976	2.17723453763893	-2.07090197545625	-55.9367232421787	-25.6482275021594	4.88693607692816	1.42713052066127	-6.94395624886444	6.71626565176975	-4.37625798301903	-14.0686510409776	-2.25358263142618	-2.98525149865331	34.2652198714028
HG03096	1	MSL	Mende in Sierra Leone	AFR	-293.604531771464	-19.4389677371038	0.805933651074197	0.821054805198252	-4.46188766973374	-36.771772540781	-1.65978101319016	0.427134029283152	5.07028829989019	-62.8711259980355	-20.4101007436142	2.28724662766774	6.3280303403903	-1.07272786166402	-9.52845874454789	-9.28842749388806	-18.2692330861756	-7.84214360208707	7.7949618004437	9.54210190946717
HG03097	2	MSL	Mende in Sierra Leone	AFR	-295.200663189285	-17.1613496967038	-2.93451253258655	-0.235476037912208	-6.00781481104082	-34.8539223738628	-4.67011099788943	3.12019690123094	0.41314871337752	-63.0410271740583	-24.589999939288	3.7162928521264	1.53358134060689	-6.87405173016691	-8.48260904435519	4.54206255569175	-1.39078808727666	4.17724355195252	2.91623185581175	12.5783165528954
HG03099	2	ESN	Esan in Nigeria	AFR	-299.262016028023	-18.7277751509896	-0.588356357672432	-0.470720265983474	-7.72355220052103	33.3477265411054	-4.17166241219858	-46.2968830359695	0.671114343008434	19.652039224984	1.54154605098949	4.68158938405409	6.014919643713	-3.25862083797191	0.863735605926514	-8.33948183553728	-26.4179828227827	0.704869693858028	-4.18385268689937	-5.99679684157411
HG03100	1	ESN	Esan in Nigeria	AFR	-294.001131656439	-17.3073811993946	-0.515219369344306	0.706298808973287	-7.19732615445633	27.7024191161282	-4.160039223501	-46.0138450908392	2.34198065594352	21.9118510508517	4.56062003434176	2.7838749268979	3.83858797076083	0.195484350074787	3.12464754976458	-6.19285733135288	-29.8882570905817	-15.3314114547557	-12.4043711110924	-43.9598132503386
HG03103	1	ESN	Esan in Nigeria	AFR	-294.367447562813	-17.1084305524145	-0.278581360039947	1.33100770197268	-7.14705744771599	28.65823423765	-3.69134220474546	-42.7354554562967	-0.700530488392067	32.823021676583	13.8705557470134	10.6217776500088	1.99927185261718	-10.4457506028738	-0.403223408006278	-2.46947192069309	-42.735833672514	8.02116176025181	17.0556140331081	1.23271948334865
HG03105	2	ESN	Esan in Nigeria	AFR	-297.502541112914	-15.528054902759	-0.756301932155978	0.634202465020545	-3.23254325074208	35.1639163039081	-3.64198907627138	-43.8654459804669	2.15422346876233	18.4875779550443	2.38647324726468	-1.06293009008295	-3.80244482612556	0.858351905930853	-7.80745081291089	2.57385936145515	-42.2689873733677	0.780089377218414	14.2390013255331	19.3701725034432
HG03108	2	ESN	Esan in Nigeria	AFR	-294.972078481893	-17.8655899593475	0.417306567972746	1.49936438298973	-8.72157405592599	29.6664670011821	-4.25077597398477	-46.8276578038092	2.37256762104226	23.2747744066907	5.6106820956114	4.78858396169923	0.460374171561656	-7.48067342095575	5.32772808933923	-6.09579928307871	-73.3339362105399	-3.45230870333275	18.978309716412	-11.7745095759602
HG03109	1	ESN	Esan in Nigeria	AFR	-294.659220604897	-17.6478945434407	1.07741468509689	1.14184767259489	-4.30168229150766	29.2865716881318	-2.68541923961443	-43.7678774847463	1.59213569491474	23.9314085592682	12.1578702425033	8.01942170174779	-3.61174820696334	-11.9247629448167	10.3419343896563	-21.4983603029743	-48.1942430547874	3.50306249529449	-36.4399676817302	-13.1889726008342
HG03111	2	ESN	Esan in Nigeria	AFR	-294.82373018076	-19.4298426070601	0.532209415071308	0.557693649066765	-2.51579546687144	29.7210853759296	-4.65127079958955	-30.4003514957644	7.13261355297898	13.5131578526183	0.577373235801285	-1.46278607931742	0.118678614006034	-3.93195403789323	-0.509184701888225	4.46922712047268	-23.2161473202066	11.5940472032165	-16.2745864316167	-22.265855750669
HG03112	1	ESN	Esan in Nigeria	AFR	-293.625499117678	-15.9006939958934	-1.47563689616041	-1.81010513798602	-3.69033383417187	32.3382664837061	-3.25836980618594	-34.8674218683225	2.30779648441923	14.5539885530726	2.53237696125245	0.612082984590247	-0.873641582098413	-1.16794489661631	2.84531008375117	-2.21627068696453	-16.9898466317582	4.88259710445973	-7.25896640164826	13.4289960710785
HG03114	2	ESN	Esan in Nigeria	AFR	-294.530477112328	-17.5466757434617	-0.314503846691968	1.07514536281209	-6.56899471806837	34.9458225368621	-3.15066278892523	-47.0034471803673	3.40248253178007	21.5760457240707	5.82608795503291	6.32683807499229	0.780161701481934	-0.323277176714489	5.34412768387567	-4.93038777697986	-39.7457708822304	-6.60806194118414	1.31430361276597	-34.9458096601472
HG03115	1	ESN	Esan in Nigeria	AFR	-296.362337605692	-17.7213664702537	-0.0246609919967768	0.286625878470218	-3.1019670044636	23.5359419724883	-3.48843877555376	-41.3053910777671	0.0400161188685667	14.670168159208	11.3718734493382	-5.02615957696469	0.595810499446428	-5.65002942348459	2.83472818392553	1.30121412691586	-22.7889269818425	4.79537340341068	-0.206183363864194	-18.8395359429677
HG03117	2	ESN	Esan in Nigeria	AFR	-294.715230328546	-16.988935037727	1.62569470399442	0.0171156069849624	-4.17117762822564	31.9931088573439	-1.85518700745353	-42.3251709039575	0.326654182390248	22.6418332526684	7.36749835770027	1.08619470688304	-4.33899114025341	-1.74353476907564	-0.493495417894022	3.82787149788113	-39.3109276093999	-0.476497802375845	-10.9948529249908	28.8604926658596
HG03118	1	ESN	Esan in Nigeria	AFR	-294.360984297664	-17.1451940876328	1.03360516715687	0.329061972998148	-3.35037269903766	28.549618382771	-3.56584655202886	-40.4359229278373	1.3422097149278	19.1284186442309	1.96239144084271	-4.07339025591482	8.06414407583532	3.45585337301345	3.84969500008382	-0.648128131181286	-27.2816267815651	-6.4913134661356	-14.3651978084319	9.05898181147073
HG03120	1	ESN	Esan in Nigeria	AFR	-295.627005482424	-15.43452157135	-0.584167907340884	0.115853380484166	-4.41360013965152	29.7010327588827	-4.28310388445622	-42.7239912793659	-1.27371835035903	28.1414057352806	12.1807364162808	-1.2927639799902	1.23412676161306	-9.47288321504506	-0.630982444341214	-2.9916332534978	-58.4574801203475	-7.69163197557431	-20.0077060122399	-0.889536394153519
HG03121	2	ESN	Esan in Nigeria	AFR	-293.99672241909	-19.1637184969258	0.362635570963253	0.759400030781406	-4.69745824493878	29.4631262235647	-3.528418525171	-39.4327516410189	-1.82753824024293	31.5353920566552	12.3960307777443	0.594205075767084	-0.602237593241703	-4.4782940024755	-2.40320849405261	0.190872948602566	-41.4391654632814	-4.17337304815866	-1.05139258982096	54.2341617967557
HG03123	2	ESN	Esan in Nigeria	AFR	-295.809557047735	-18.2280222578853	-0.681520413971712	-0.585217152619852	-4.95164597390538	31.7713354684167	-4.9577444936896	-44.692993010629	-0.124211680999001	30.5835036934011	13.1611694506119	-0.674192995265655	0.913237309105251	-9.52210560113554	-2.38771850635964	-1.05501547849113	-24.400640624849	-5.3192376157599	-3.94775609292512	18.3475006418771
HG03124	1	ESN	Esan in Nigeria	AFR	-297.239340104007	-18.3908098048909	-1.71020539437478	-0.0619789853473204	-5.22037908398032	30.371021395774	-2.72988873453135	-47.295191393248	5.08294341170207	11.3651597958666	5.54605001030919	4.65713236249983	1.12015021937982	-6.4230213905461	2.36739030735889	-13.2193057492892	-16.3792922825313	0.481189386515318	23.3952023329181	-10.0449470946665
HG03126	2	ESN	Esan in Nigeria	AFR	-295.578759173335	-18.3925133034971	-0.514153597975231	-0.839549695999014	-6.5282695667438	26.9592549919797	-2.54340290839058	-43.4444334828869	0.416854140444468	14.904521685488	4.52195162861922	0.0681681955888479	-3.30439042075654	-0.475350539159831	0.367116843807637	-5.65330768700248	-43.7065596735424	4.10651718383641	-1.07703384985382	-11.9076177316602
HG03127	1	ESN	Esan in Nigeria	AFR	-295.871149546773	-18.4659401894801	-0.984606381111258	0.802669657409185	-3.52795278511108	29.8465657953237	-1.85476950755794	-43.802046148389	0.0504765291510171	16.1426409235238	3.13890993694277	1.47217480571475	-0.45633106211389	3.8365654778718	-2.76892509672261	-3.46413687128834	-1.15631131053255	0.93288983381939	-4.46621249858838	-11.5795091177035
HG03129	2	ESN	Esan in Nigeria	AFR	-295.788413894271	-18.1932136068506	-0.20021536722406	-2.05403296955179	-4.85491813154736	29.7004368401838	-6.04381151035815	-39.251035245363	2.37969117138109	17.2267406402179	5.6799635210485	1.73203442724159	11.3662719239302	-3.09572161308272	-3.65626571282482	-1.39297565456204	-22.4964842977838	13.493764284891	5.85353049623528	-23.9917931711885
HG03130	1	ESN	Esan in Nigeria	AFR	-294.591257678875	-19.6469599780277	-1.48491004756656	-2.41334965966405	-5.15278357708459	33.1496736255797	-2.33138101380714	-41.6877603277966	-2.64827569097812	14.7359513374824	4.88468201434029	3.3699399705107	0.627658869570869	-7.71534418859482	5.4287985796293	-4.16551360001624	-20.4424582087153	-2.12170596370836	-34.0936763712889	-13.3911551510719
HG03132	2	ESN	Esan in Nigeria	AFR	-294.886965229316	-17.5347390605112	-0.218947645215534	-0.178096790355101	-4.92535924385199	27.1785148121072	-3.13708949509664	-36.6476868697006	1.57404510736494	13.9264836374041	4.94182147445062	3.30097127729857	0.903650844469185	-0.666258000838512	-11.2519567948574	-3.62655323500354	-12.6415510160879	-5.75473747041135	-21.2885605915128	-6.00880078328018
HG03133	1	ESN	Esan in Nigeria	AFR	-293.865288567441	-17.7057479746742	-1.28162565331809	0.294719698208888	-4.78515498909039	26.0458376047563	-1.85434888035493	-40.520655196939	2.293774862158	28.3507169279163	15.0954361202299	4.4126934540632	1.70262893337351	-8.21603107276371	-3.25251933728585	-7.19214803971717	-49.8285488164928	-12.9772297859515	-0.295126157980582	0.331457924497917
HG03135	2	ESN	Esan in Nigeria	AFR	-295.470442416045	-18.3169945743546	-0.615851861211456	-0.185734071018622	-5.40096645126023	31.117438207736	-1.06826386450148	-36.9326787152973	-0.983373696582045	20.7130834007581	5.45380177871414	-2.50389854993557	-3.72113014945616	-0.0700356894736876	-0.421762649641413	-5.7158463788156	-8.55163985552929	-7.11450919187218	-25.1696527306101	-13.5169227788438
HG03136	1	ESN	Esan in Nigeria	AFR	-293.999492341697	-18.2592177467564	1.00735026171969	-0.163244069468271	-5.4364040894124	32.4349478595708	-5.45857685458663	-44.5460172453144	3.65040135012361	21.4013358690645	4.90776709505863	1.6288671626773	-0.442103207202731	-3.47418712571572	-0.869899352323797	2.87199275530102	-4.49403034944079	5.42499226940183	7.55222134636006	0.101898289773056
HG03139	1	ESN	Esan in Nigeria	AFR	-296.919099737414	-17.1247082790232	-0.455764780381466	1.22657660683999	-4.91846668829322	30.6072175005855	-2.94864515276685	-47.164524212716	0.527766229181355	16.9613238804504	3.10621988448439	-1.43157374438256	3.99296360534848	-12.2744957855028	-2.96692841874273	-11.1094119344945	-51.6392521164628	-5.2067786280859	4.4259452810758	34.9073981410427
HG03157	1	ESN	Esan in Nigeria	AFR	-296.081127119077	-17.1765461361537	-0.489318807174101	1.99456131158535	-4.86567170584671	30.8300276871521	-3.06345257906169	-39.5355133893666	4.20771304629996	26.0881436237256	6.12056100915489	2.08489095051254	9.47145542760883	-2.2873602225976	-6.70233079266107	0.793571855060999	-32.9194963411465	-11.6852333383346	14.1001030508143	14.6903067570405
HG03159	2	ESN	Esan in Nigeria	AFR	-293.621208287648	-17.630678248601	0.399941280905841	1.44115580103082	-2.15386087897613	28.4973133070605	-2.31659116014604	-40.8205718071533	-1.29536222646793	22.1877145795071	6.40785661827107	2.80295735541623	0.556872207372327	3.53902977158323	-9.10531052176114	-5.97037065537625	-22.0763168051989	-12.3614588505107	4.75811366617024	-13.8057627129287
HG03160	1	ESN	Esan in Nigeria	AFR	-294.43945221866	-17.3470655410097	0.455065961171111	-2.02897465841929	-6.12765276130413	28.2216133012172	-3.2203047785837	-39.998285826091	2.26986659202188	18.4530954335079	6.55977204443246	2.34575306423585	3.08164440566076	-4.7504678416998	3.96652223353786	-14.1860365668506	-8.93102378982488	-6.00278106848627	-8.35273614647238	-3.97781930548009
HG03162	2	ESN	Esan in Nigeria	AFR	-294.978756689896	-17.8875921881149	0.63901709914512	-0.29980356336272	-6.39275900973566	34.2051288112521	-4.10020090933704	-43.5582642005677	1.99437060854963	28.2209588719373	10.7228298770974	3.51671311523652	-0.847491464074399	-2.75049178911325	-0.30024972159919	-3.54601232082885	-43.7789714581284	9.84833513400695	-10.8078341306598	-15.3155934659163
HG03163	1	ESN	Esan in Nigeria	AFR	-294.783353829549	-18.2582862227429	-0.724049807370518	-2.79964165754739	-3.95986064021639	34.4271832689802	-2.75859917008999	-41.6394341338776	-2.0245303213735	22.2201882683857	3.80806354174986	6.12918504398308	-1.55784983501004	-5.87299006237291	-2.65612934180812	-7.75894248011134	-85.8090487959789	-7.76067132780143	28.8439834186129	-22.0243289573357
HG03166	1	ESN	Esan in Nigeria	AFR	-296.944568240691	-18.9410099451764	-1.53723841432186	1.98436915448321	-7.041341186079	34.1430595258676	-2.80074291391986	-46.7769207861713	-1.15771857447399	27.6714691593118	5.4622647487102	1.84842592157862	5.23697307227781	1.9105859426459	2.32748602074116	-3.9950389536336	-64.2670237939506	-1.44308248908219	13.7356284266429	27.8960357332114
HG03168	2	ESN	Esan in Nigeria	AFR	-292.950972853528	-16.2374531524215	1.30877912320749	-0.844677832831328	-2.33480078592404	35.0521461314894	0.480350711333317	-38.1470749734899	0.933487219052751	22.9470495817807	13.7966776162813	7.2446586456762	1.53434803015177	-3.36441015338566	0.435406035604855	-5.838123621885	-21.8814815938942	-5.59369260215139	-24.6705166710504	19.9371436416327
HG03169	1	ESN	Esan in Nigeria	AFR	-296.330478169588	-18.3672401622635	-1.64367743666432	-1.70101960438485	-6.21366235088585	27.4037823355828	-3.53391451533004	-39.6542735299028	-5.12701874261131	17.8207373689184	11.0689053954322	-0.858460274698014	4.27207838426374	-4.3626100362195	3.34534751456731	-0.17739408323117	-23.346515548928	7.98109985270585	17.4449524880163	-34.6877965888605
HG03172	1	ESN	Esan in Nigeria	AFR	-293.547556900222	-16.8965232126797	-0.0824469540367338	-3.3844615362021	-5.05348897950107	27.669155916876	-5.08512365081877	-39.8071656957837	2.18593813355781	16.6229857349405	3.6967509792486	1.87620486153325	2.51192971319969	-5.83034318749327	-4.46943223416686	3.57830078996512	-5.71831664276918	4.08931233154632	19.2160960385614	0.0374632542393351
HG03175	1	ESN	Esan in Nigeria	AFR	-297.355159835768	-17.1209530827925	-0.174105856762486	0.697758068926169	-4.8314933906556	29.1530278480962	-8.67290092152182	-47.6546043444336	6.46046971109307	17.0925393335704	6.23539885672064	1.27900268609417	5.75797759157438	-2.81606806558681	4.25727577101737	-8.88388596710679	-55.6033334178804	-6.10470682489489	-16.137842167781	27.5598057853887
HG03189	2	ESN	Esan in Nigeria	AFR	-294.845077984812	-19.323014172867	1.54576002460324	-1.85002567325646	-2.84426143228512	26.481338659318	-6.14703735363518	-38.2571974055258	-0.820256584633996	26.4010557243954	11.926153470246	8.51243983708834	2.65192130106392	-2.13520136140375	-3.18075515753621	2.12236313443843	-23.3493123574692	5.2291412198055	-0.0920810017092764	3.2376234402688
HG03190	1	ESN	Esan in Nigeria	AFR	-293.024913541311	-17.1933198121829	-1.40126123057272	0.179531808278137	-4.40045103232711	34.3613201696762	-1.74343037062029	-41.3155907682893	-0.990016307316987	23.1059272373034	10.6866011759738	3.00970783941108	2.63112178661815	-4.31855105179274	5.53936794241562	-9.96905031646011	-32.0352518872541	15.2279545597241	-9.07582886120091	31.6902702526897
HG03193	1	ESN	Esan in Nigeria	AFR	-293.177385222979	-19.5033129151556	-2.11507134861354	0.740096971576199	-6.78301614717846	33.9284270572287	-3.55451823598824	-40.5067069896601	0.24687163393141	30.7454244235206	11.3694287711368	0.74861172165865	-0.854441190137431	-0.914256946362091	-6.27733443775366	-1.59602206753807	-28.7117811984732	-12.051344426331	7.23322341059343	-2.62944905220566
HG03195	2	ESN	Esan in Nigeria	AFR	-293.825878064381	-17.0123400095071	1.79203042525671	-1.29474538638847	-5.39828290246245	26.6537770830165	-1.902795060111	-39.636970711214	2.76123867624325	22.9491896650747	6.55560415727372	-1.64748896416451	3.85801716477462	2.69896167111254	0.106284841222436	-4.97137728460011	-16.8035841438866	8.2715544090564	-14.7263777358884	0.800183939288592
HG03196	1	ESN	Esan in Nigeria	AFR	-293.472743993105	-15.1129264740514	0.209177730152916	-1.39086619796761	-6.6589908839476	33.5424964328218	-3.36610122589535	-40.8499473910466	-3.76030089851887	19.8310763083267	5.38147365392083	-0.100674999844888	-1.1173245465084	2.20591330932201	-1.48024589300543	2.30257878493977	-16.8506868636767	-11.040332469518	-8.24419317224283	12.2633735605317
HG03198	2	ESN	Esan in Nigeria	AFR	-293.366590997996	-16.5407385725189	-0.023239875804997	0.314835863520964	-6.45637656366385	35.069746955817	-3.14279344875925	-43.5060511763045	0.668435715484474	24.233130438344	7.55892349471291	2.56102918117819	3.11375810561512	0.902053405088798	5.87801498617637	-1.67393600037052	-43.3564156810358	-11.9770342827804	8.12231720229211	13.3557494996576
HG03199	1	ESN	Esan in Nigeria	AFR	-296.688949022571	-15.4473648501725	2.04648608299547	-1.13436079661983	-4.28906710022392	28.3886523371106	-3.03978198990598	-42.3765951606563	-0.0756490515300559	27.1097412688882	4.94707841882516	4.35805855194829	-6.44584496391989	2.3016773760894	-1.57807926208905	-11.8326056034679	-26.3126876404279	-2.80938250147356	-25.290061942753	25.5991339845255
HG03202	1	ESN	Esan in Nigeria	AFR	-292.746116930857	-17.9061148860171	-0.211736703504665	-1.39392460074916	-5.12515036853278	39.3954938430371	-2.34974482000891	-41.7551928993394	4.15099541725824	23.9286394043996	8.32360585238098	-0.217833564333176	-0.729897852441651	-6.34671749049208	2.68896848026526	-5.00936720011273	-46.6255342392965	-0.656125702260357	-4.12211806786656	-8.7184519140738
HG03209	1	MSL	Mende in Sierra Leone	AFR	-296.019557910978	-18.7746174230518	-1.47708637378164	-2.10209728383526	-3.97801588166836	-35.574467044956	-2.39023136966207	2.1819098257744	-3.31933108748945	-68.4731691651642	-21.5751972553954	2.63511740531508	5.78841582026762	-5.69060488721319	-2.5523052356258	-5.09252885007747	3.53280974729119	-0.49428094071009	6.05487548146404	-6.44014053817491
HG03212	2	MSL	Mende in Sierra Leone	AFR	-294.712754274982	-18.1566116077637	-0.844427570535939	0.427157534021773	-5.8262042918157	-36.2653536440089	-3.59269154517753	3.43245175746332	3.90931997386756	-72.2684992251366	-27.0199545303816	-0.0219722849024797	12.5802874985106	-2.90900521586028	-7.90957663457581	-1.06728824250316	-7.2560285373693	-10.1664428705227	26.753797038652	10.1507417714071
HG03224	1	MSL	Mende in Sierra Leone	AFR	-295.114109303658	-17.625227578892	0.128338043801735	1.68419503762037	-6.02431691565987	-35.3257314708163	-0.420816423273895	-8.03897739165415	-2.35530500997447	-71.4681950551944	-28.5755716013096	2.63483361265409	-1.11131387421207	0.278121508298828	-0.392554931923611	-6.71107607628468	-22.0012073849449	5.55774823790641	5.15337991468217	-6.76498861563806
HG03225	1	MSL	Mende in Sierra Leone	AFR	-295.939040206116	-17.6239798598623	1.80286715014733	0.715663480638391	-2.65838893118383	-38.6414436762681	-1.53496036191036	-2.54286753560246	-0.157375236718437	-69.0205878765796	-22.124178641143	-1.30334081590268	-3.65139057152046	-0.892851441280996	2.80524171760582	-10.7317826137308	1.40827039320575	-7.93018224492441	-8.3090572016645	5.13017219929161
HG03228	1	PJL	Punjabi in Lahore,Pakistan	SAS	88.858229904839	24.3196456392599	97.1861143574772	39.6839035344272	2.40253484239948	-0.69165630249198	-1.82426075335155	1.23863176606357	12.4142934535845	-1.27773696578251	-2.38700950058223	2.37813071569915	4.69839613562501	7.02305638151999	0.596422881596693	8.38332005429767	-1.24148621152396	-0.79202840166432	1.79605302423736	0.202122970030629
HG03229	2	PJL	Punjabi in Lahore,Pakistan	SAS	86.4004125762509	26.9533844077495	96.7995380639076	39.0550555810089	-1.11919523028336	0.216911392197938	-0.624823407058926	0.629496399561982	13.665592615131	-0.947466845872549	2.72203888541436	0.411589193640686	-2.81683258814076	5.01662263354402	-0.345338289370209	14.3088236088178	-0.264117975366916	-4.13861645812031	-7.81652371800709	-3.63090971465524
HG03234	1	PJL	Punjabi in Lahore,Pakistan	SAS	87.2017327637111	56.6151259920188	74.9953528678049	28.9561692634781	-0.781202255520337	-2.76959777932266	-0.270251959933649	0.447732834198872	-5.40229719053573	-4.98028174598929	12.0354391851818	-2.89686547589401	6.32702252708831	-17.9323522445333	3.77762636668649	11.6584832979779	4.06175165424367	36.7792796268975	-23.9677751324074	-9.7318930911805
HG03235	2	PJL	Punjabi in Lahore,Pakistan	SAS	88.491716648992	52.2567983016708	80.497057881661	31.1485024845198	-0.181161471468155	0.290648259659951	-0.94584313261465	-2.15148800705724	-5.25345853257724	0.812255780955891	9.99416618925718	-7.72246148073364	11.2627777666011	-21.7562371047932	3.90074346865517	11.8617847203608	2.14853533091967	34.8133307604049	-22.896333707969	-12.1460753711379
HG03237	1	PJL	Punjabi in Lahore,Pakistan	SAS	87.821087269641	61.5162908240181	71.9536584720166	26.563823261482	1.53157764960466	0.852568257511863	1.611150966198	-1.59200133876557	-3.44419047022843	-8.57553554099034	17.0384888612209	-7.72240016254019	8.51910445059748	-25.0580641729102	4.00395519242646	5.05713669138383	5.66297379246489	33.3111061593691	-29.0767973060679	-14.4521205751106
HG03238	2	PJL	Punjabi in Lahore,Pakistan	SAS	87.8727192828662	68.2299935047985	69.1393606862414	21.8466173167889	3.81197365764415	1.18008644704986	0.885148652648946	-3.76273119896371	-3.82353291310755	-3.43159808976796	11.9543924395764	-9.88827258327503	9.9828182862939	-24.5868510657862	4.85212260125176	7.63881770700158	6.96071586726484	33.0016803178315	-24.8103366932778	-9.48120862949766
HG03240	1	GWD	Gambian in Western Division, The Gambia	AFR	-286.194425467614	-14.2753972907277	0.516841688705006	0.861967644375674	-2.90516095835556	-80.7745344509676	1.56848423052523	27.1888929005189	-3.61108897417451	13.0307613676855	8.82873539999903	-5.99336864178622	-5.1131504793226	-7.50142474100672	-7.85360668366868	5.62250443087167	-9.2961005392325	11.4939858758598	14.5227589796383	-23.3408716568858
HG03241	2	GWD	Gambian in Western Division, The Gambia	AFR	-289.629908521428	-16.60612656853	0.27727527540213	1.25400409314579	-0.206841412603284	-72.340574669141	3.39353818152669	24.5502590617745	-3.58593373578153	13.2460357087676	7.88301743287612	1.12626979811253	3.37360704922648	-7.98335518713667	-2.36510004683589	13.3187778080872	-0.0705832967987135	16.2069362290628	19.4271617534103	-10.5345753957101
HG03246	1	GWD	Gambian in Western Division, The Gambia	AFR	-279.835427264567	-12.1710073066869	-1.70653348933702	-1.90650532320607	1.13071995558739	-84.8525169765365	3.24045847077963	27.8877166056207	0.278769681766888	50.1190763095056	18.0472820702775	-0.52668727560018	5.02685740903061	2.88115202620033	5.05449542420351	0.231762197386647	-1.023537303494	-15.3048059166301	-8.53438421590416	40.653317581301
HG03247	2	GWD	Gambian in Western Division, The Gambia	AFR	-285.886084049735	-13.3555620808446	1.39060714750947	-0.747053946823423	-0.835283233564124	-68.0032096087584	1.61829357994919	18.8371892247287	-1.34561612924182	34.7299696114073	13.2161182675604	0.900421738979494	-4.54240340038713	-4.46564775200151	-7.29467794913299	8.54549831546722	2.66770230966693	-10.2266543909243	7.18585485221926	39.2345130748043
HG03258	1	GWD	Gambian in Western Division, The Gambia	AFR	-283.792022372184	-14.2507775205687	-0.578393071200077	-0.507775761418856	-0.355789946995093	-79.292811459552	1.53411152512957	23.298557257547	1.30472197683147	38.1237709551015	19.3837935565316	-2.1478139863138	-2.37139202405481	3.10718911336742	-1.8511189606844	7.07504048429705	2.10915243631909	4.03249481350721	2.37310776246013	10.669397666707
HG03259	2	GWD	Gambian in Western Division, The Gambia	AFR	-280.232352016012	-14.3062274053925	2.73082654198877	-1.31437385619219	0.743544537702195	-77.5508942554615	1.54099089533511	30.6117139302795	0.609097600446746	40.9217810055751	12.502003700611	-3.85583293926579	-8.17257209297502	-7.48513094137585	-2.90360852277056	3.41507545344322	26.4220497700775	-5.18828001909963	3.93575622127184	-31.0997259023166
HG03265	1	ESN	Esan in Nigeria	AFR	-298.142034883454	-16.9204733259361	-1.46283577764672	-0.421260061372931	-5.66149934662234	28.7135441787121	-2.77546654202507	-46.4207632777656	0.839189054977594	18.6621284409679	3.35893728027625	4.57457144726535	1.87580358749096	-3.08004111358449	-5.71129238914741	0.220598820942566	-51.8129785124494	-22.041871410639	3.39228465738072	12.3794866282942
HG03267	2	ESN	Esan in Nigeria	AFR	-291.703540754524	-18.2641868843664	-0.0770735844116968	-0.968781714764238	-2.55968478040176	31.9070732729347	-0.872476260174769	-37.500779923885	2.82813703028775	23.8782645400543	5.91749776384252	5.11159834489957	3.06658634271603	-1.63040542635259	-7.30964507404425	-6.2137980705478	-30.7683763429367	-4.34385453999504	-16.2291776735924	27.3530207130014
HG03268	1	ESN	Esan in Nigeria	AFR	-294.325952685043	-17.4118167743494	-2.07799289206775	0.0962549697406443	-7.46441403854339	30.1147109277308	-2.96699470741431	-44.5593054594852	1.93637511434664	28.8764672136839	1.1710953035467	-1.73966959776459	3.90103357480854	-5.65011451961818	1.97293810034326	-12.0596416814793	-77.799807429672	-11.904456981169	-16.7210184121986	-13.9585624485247
HG03270	2	ESN	Esan in Nigeria	AFR	-296.860216099736	-16.7449301538242	-1.18866519564924	-1.85275300086682	-1.97761740315584	31.4590533414274	-1.93549166009307	-37.9382944957477	-0.505804504650655	19.8772867802879	3.50249104153481	-1.49836472964379	-1.93443716777102	-2.32056061019724	-5.03378485341557	-9.22814761278461	-30.643329721895	9.20565191389041	19.7055025928192	-4.76199336158824
HG03271	1	ESN	Esan in Nigeria	AFR	-295.826510122713	-17.5647764712138	-0.85549827290731	0.0625762539044891	-7.48623357638641	32.3489097129574	-3.88691541359668	-46.2673140191239	2.54019485573628	29.2325967506423	8.7265765698359	0.715147025680119	11.8424494942735	-8.15187999921091	3.24556846471282	-9.56701432435024	-94.7333090372729	-10.4987250104356	-21.4416513167825	9.52993625179469
HG03279	2	ESN	Esan in Nigeria	AFR	-294.065035350313	-16.9219302948411	-0.924103834905028	0.90157483799743	-3.45361418117821	33.0167454976955	0.762314064075621	-44.8810170755044	4.59357365622743	28.3990963094169	6.99000382053279	-0.362894992852479	-3.2880374448574	-7.45213066375727	5.67747691633737	-9.97688768695764	-33.303966680751	2.13246089071152	-17.4327216960785	-1.97535580565581
HG03280	1	ESN	Esan in Nigeria	AFR	-295.133842501566	-16.1517938262824	-1.15115067322102	0.0651488359697221	-4.81167191472356	32.0188059758875	-3.14995347913175	-41.8292043310349	0.483052334882317	21.7975092992924	11.178381292234	-2.68909855572107	2.50078254931658	-5.44818420087354	-10.1547614009176	-12.4526266215271	-80.8059081275075	-5.53281598202584	-0.161392334812755	23.0228752676285
HG03291	2	ESN	Esan in Nigeria	AFR	-294.140961429264	-17.8226240226347	0.145812612716092	1.58641341957304	-4.67702120470435	26.8207756424616	-2.57222719722981	-41.1884163633486	0.0686227776406731	18.5868743923378	3.57553404349688	5.30531268405065	4.41127205826679	-7.61346476004071	7.91077882372219	-0.852299860325458	-55.029037948496	-8.8273572826656	-2.94169978612999	10.1124665861726
HG03294	2	ESN	Esan in Nigeria	AFR	-294.586734654539	-17.5933912911249	-0.294336786745999	0.491105841213522	-4.87217908456016	26.4194930666662	-1.98634120928622	-36.5668896891853	0.778310534756831	17.9923532724978	3.95594754280095	2.80009616494837	3.94476196724291	-2.93499503538862	0.218606590984609	-7.69241749824124	19.4315096543014	-9.50662645498675	-12.77909513991	-6.94583749355559
HG03295	1	ESN	Esan in Nigeria	AFR	-294.418553467122	-16.627294855664	0.205035249106787	-0.2535657969219	-3.45098064524867	28.7492753786983	-3.5063725509921	-41.0731276151665	-0.816565888084632	26.6589405055575	3.67968582412476	-3.00413543037757	7.612478278944	-0.0027138315268616	-2.45492136553596	-4.33261799040062	-26.8990410790919	1.28596876670673	-8.47274788830551	-24.8083667053913
HG03297	2	ESN	Esan in Nigeria	AFR	-296.49583203936	-15.8709349788877	-1.15327747275147	-0.876998370747223	-3.34175477270027	30.0736696767413	-1.92250246784409	-39.1301950475245	-0.0353626941977813	11.2691469402454	4.67091479312525	2.90272444922779	-6.81641719989448	-1.51915663291705	-2.02242869511565	-2.42913713087815	-53.4230140334769	-5.02061090911351	-17.6412921257102	1.13825588909012
HG03298	1	ESN	Esan in Nigeria	AFR	-294.333328276476	-16.9798058548814	-0.425269026458887	-2.34104663026944	-5.62682939515046	32.9191674694582	-3.46400695501795	-42.0231312378978	5.5863815894243	24.4761401010001	3.3340538031961	4.50928920503964	3.89047984291725	-1.59474668029205	-2.51944677503325	-6.30862944537872	-60.785678094746	18.5644124738179	26.1693515515085	17.9029475534455
HG03300	2	ESN	Esan in Nigeria	AFR	-294.11701279931	-18.8141267117508	-1.57637178567691	-0.335762300770753	-4.20232595451212	31.6752496477624	-4.34902900582968	-44.1769794659243	3.10774637138973	24.1772263709761	7.69556199235988	1.11373600980812	-5.87109010955158	-6.67754387995321	0.91677776396057	-16.1834614678262	-86.3686758633928	15.9065138498543	24.9567614269763	-5.11426625728211
HG03301	1	ESN	Esan in Nigeria	AFR	-297.773179465023	-18.5902867011413	1.07887394027873	-1.89786262023095	-4.14800180168088	31.6989040101269	-0.904984327906002	-42.905339564885	0.62362208922757	17.8156369609683	4.18610727166419	5.20585602077533	-3.8639139139464	-4.82005294368123	-1.62089248068156	-2.42965476345734	-43.2051299588802	4.4562569358512	-7.61501300354345	2.47855220670385
HG03303	2	ESN	Esan in Nigeria	AFR	-293.845602956336	-16.3016222774783	0.365715826012147	-1.18921023095117	-4.69961754453389	29.8227613387782	-2.71867125488968	-38.9110572857565	2.74709320253975	22.7969902322506	6.27433614774904	2.56781170164141	-1.52843976684794	-2.75097251517708	-3.26167611278286	-3.60473369429017	-60.2288646168278	-12.5246054267119	14.0941397966147	21.0356171532375
HG03304	1	ESN	Esan in Nigeria	AFR	-292.661194619765	-15.4312357306185	-1.33084832817578	-0.620985072223824	-2.93516101740474	26.1773194872777	-3.71706852296486	-49.0723973206997	4.1572180626911	21.1107494567895	9.23693686006043	-1.56093539115965	-3.66627266659802	-5.52891373902343	-2.46012322061168	0.21219859440887	-43.6489156957473	-19.0016787415028	-23.2098021822004	0.311110030369891
HG03311	1	ESN	Esan in Nigeria	AFR	-296.324613859399	-17.5257935242332	0.912652670714858	2.34281149958756	-4.36581500334877	31.4931891657678	-2.35060743962792	-46.7394321203084	2.62869617243443	33.1757316729451	11.4004106770486	8.27028085534658	1.13918383820225	-7.58672514484643	-7.47459042286681	-12.78620486327	-79.4730846508256	6.90142107143598	12.4373471851391	-9.81215737932003
HG03313	1	ESN	Esan in Nigeria	AFR	-294.978884962876	-18.098615347045	0.303177787896862	0.19123286861883	-3.34414374520099	31.2415819585243	0.00293710857578982	-41.0109567757305	0.795355824170583	24.5966126741451	0.66809924227353	3.82649930664499	4.65685063149857	-4.0998999809118	-5.65777987924165	-7.95432706916781	-56.5851837866498	-5.71010046907415	4.81444686532517	-27.4798600658733
HG03342	2	ESN	Esan in Nigeria	AFR	-293.394684976214	-16.7491590580307	-0.198111949444365	0.7239592215446	-4.45648160448246	29.2493086585551	-3.93094496175912	-45.0025595555362	2.60834695399712	21.6234916265467	2.25227037837693	0.431847052092971	4.7809114099191	-4.1162685223718	-12.889445551604	-5.80608718757616	-68.2277837424413	6.49568930728817	1.54502883161788	-14.8924739909072
HG03343	1	ESN	Esan in Nigeria	AFR	-295.597135309011	-16.7778235161077	0.581889921505383	0.586401582618991	-2.92641290563778	34.811825159171	-4.61554164055463	-40.4374387404344	-1.07197728796489	20.9827746570435	7.08525740647428	-0.13436355205014	-6.08730101314875	0.634043306978456	-2.48426446822955	-1.9372090356084	-39.5782596088401	-1.90818773980209	20.8881900390467	4.86745287461243
HG03351	2	ESN	Esan in Nigeria	AFR	-297.681158923331	-17.1800990052576	-0.216802328219014	0.788017672735654	-4.73984872634943	30.6169547101394	-5.25382400178192	-37.2340838075733	3.05940473420572	13.3670775997007	5.34592117081376	-0.112383966576385	-3.49177517196098	-2.22221522262415	3.81293111735933	-3.09941665538607	-42.0890160425345	11.8156727404955	-17.0691354789949	-25.6265954972899
HG03352	1	ESN	Esan in Nigeria	AFR	-297.972302270915	-14.8453550302292	1.58609563324476	0.665637601510012	-4.2916663874108	25.8072777433935	-2.11553795689969	-39.0721170712	-2.24435929335866	24.3507706511724	3.97590098237033	-2.01422020755107	-0.236334174165192	0.78014256361822	3.2368012399866	3.22158643215888	-24.8568000556571	-2.24574980306968	-7.86046367442126	7.15699913835887
HG03354	2	ESN	Esan in Nigeria	AFR	-296.666499788628	-18.7046995712335	-1.8843928013292	0.337229849829158	-6.06602718072477	33.5434447962612	-5.50554914070235	-43.7625370988153	1.76852791003733	21.1918704396355	7.31752648091471	-1.89279332618879	3.28032463715931	-7.58463561484136	-6.12527829113469	-8.96508334637755	-77.1396633251817	-2.33764634727917	2.41318033137072	-18.9684247009843
HG03363	2	ESN	Esan in Nigeria	AFR	-294.800058021823	-17.0682087692286	-1.57399460578454	-0.0185935240947835	-5.4682270745694	29.4216524413156	-3.81318923717189	-38.7249617800638	6.1206635912889	29.5211615678898	11.3253201113562	3.34380573841344	-0.00160016645953422	-9.95662804782492	-3.05073939955967	-7.03954066779495	-68.2911310455746	10.2193671341829	17.3230635571468	-13.6738232025886
HG03366	2	ESN	Esan in Nigeria	AFR	-299.47907971482	-18.4049591502808	-0.0888696378409042	2.04606112412423	-6.35636444425035	37.1197531476794	-6.08806318260073	-44.7198229683898	5.15119665343259	24.9417180209797	6.04629133173339	-2.48909307284007	1.09068834877182	0.483361392582905	-5.07599034522532	6.99973042060338	-46.3456252045109	5.20072439521761	-16.9216082715994	14.4515051054896
HG03367	1	ESN	Esan in Nigeria	AFR	-296.546776764474	-16.1876205198431	1.40062676512956	-1.2358108072991	-5.09853614193698	29.181754301765	-2.44512594630175	-46.1975882643012	0.573402860671442	19.0022983624304	9.97154810128199	2.61736268489514	5.19589262233902	-3.22145299890809	0.838483422789772	-12.6902802964652	-43.3547743109105	10.2331224131873	-21.4774679993487	-11.4807652551966
HG03369	2	ESN	Esan in Nigeria	AFR	-292.154117169751	-18.8190130708756	0.389226618960409	-0.0827124813297064	-4.31006531331559	29.0863365739542	1.70935009915243	-34.8742475613526	3.15926732190982	14.1372497546335	3.87315754378017	0.909466931684225	-3.53243385724817	0.23997072627238	-2.06367588739368	4.43318262264534	-15.5699356848962	-9.59326988756047	-5.26004897239644	30.2456662146494
HG03370	1	ESN	Esan in Nigeria	AFR	-298.218870137683	-17.8060930180852	0.11798477863252	0.971841612981457	-2.5379264321491	33.3152930672133	-4.38157394890633	-43.7064956248982	-0.87496826874531	34.1992000929976	12.543566766831	3.57529101432504	-0.210380109696459	-1.8262531299424	-4.28725651198186	-6.64427430526461	-68.5386856841579	8.82756162311845	8.50291119969427	25.1413201645659
HG03372	2	ESN	Esan in Nigeria	AFR	-296.017024916213	-17.8562453637498	-0.13217772945506	-0.243602913344582	-7.10103436388695	36.5547305396744	-0.50856654387568	-44.5052215540762	2.8792853387609	17.6794626132976	3.13013165822321	3.28237136108328	-0.971473558169658	-6.04235716947167	2.2021908593228	-2.32089067650383	-44.9379089404	4.37787080371411	-5.18190094014601	10.6902897287421
HG03376	1	MSL	Mende in Sierra Leone	AFR	-293.246508987032	-16.897875488291	-0.78152101110759	1.25349624071276	-5.17114106505042	-40.9367155887366	-1.10924757772426	-3.52227888841242	-2.30266875574634	-68.8964384996979	-21.0575211039727	3.44746483923589	-2.08424413623842	-7.92949675092043	-2.99067407431077	-3.05632139795733	-41.419375509185	8.76971692865991	-3.27095204339604	-4.57321446372801
HG03378	2	MSL	Mende in Sierra Leone	AFR	-293.076748137937	-15.9424369244161	0.269226137532729	1.41840297944064	-5.42775775671216	-37.1956101738956	3.19507742710057	1.79133705194472	-2.52163422578244	-66.3691870509083	-28.4366139315513	7.46067178080104	8.4887093024046	-2.91149251218316	-5.21034776248254	-5.26078622299776	-20.5456271276844	-9.2764319683078	-12.2103781123791	2.76782692138479
HG03380	2	MSL	Mende in Sierra Leone	AFR	-293.875878211999	-17.635428582926	1.16024373152056	1.66406319231145	-4.3128600977396	-34.9612078252272	-1.39292650493981	4.44267656478522	1.58103352083911	-86.8022005670493	-30.9343930338404	7.06693111983825	3.16851615972243	-7.3177908822516	-5.1246824518146	0.190117539024147	-48.6260426598421	20.2850784189315	-38.6802473830581	5.13314090110997
HG03382	1	MSL	Mende in Sierra Leone	AFR	-292.301293476076	-16.1181085176331	1.2305539836238	0.014109249855046	-5.5605673767219	-39.3637227333192	-2.87766449165492	-6.57377556967531	1.72972399323406	-70.7776998490982	-29.9022693129804	3.75218100192375	5.32693282816136	-0.491492392842021	7.52548368586105	-5.32580311473489	-9.46019955737302	-3.72228531991484	17.5762438577549	20.9755184619208
HG03385	1	MSL	Mende in Sierra Leone	AFR	-292.826465535562	-17.3215277868738	-1.6030937252702	1.41856988819417	-6.33252240647015	-31.7998687138089	-0.670348952964481	5.67022522068252	-0.189190859120352	-64.1385118930655	-17.6853454646394	7.35880032424331	10.2993674889067	-5.14926229005553	4.76861400811991	-4.67952325894141	-18.3638469054451	-2.154813231463	11.3710647233811	-22.2189547812951
HG03388	1	MSL	Mende in Sierra Leone	AFR	-294.033126362323	-17.2251368736846	-1.01217494580151	-1.07199250194261	-4.82029448593922	-42.5210492600384	-1.0995104097449	7.57393556950273	0.80965038809106	-65.353139196048	-24.8588124927299	5.87090696946857	-1.70854893526097	2.71951267236846	0.961771793768392	10.797761118851	-25.0349743387293	16.1030030462742	-8.00989040729168	-11.3106670193352
HG03391	1	MSL	Mende in Sierra Leone	AFR	-292.642388423916	-18.0870062744342	1.78588668766184	0.729046419120746	-5.42195751803344	-38.1775341112517	-2.76266394498604	0.163448501076371	-2.41877642147691	-83.3016043534196	-24.5618432583354	1.71310072303453	6.89161024611802	-9.8725392343718	-0.792915988604211	-8.68286284238596	-48.6428624274282	13.872461565261	-34.6189324487046	32.521274200979
HG03394	1	MSL	Mende in Sierra Leone	AFR	-297.223050647693	-17.7663459205629	-0.231234600271235	-0.690645758042324	-6.51366451315407	-37.5774398708713	-1.05590835681952	-0.918335984712108	0.910341974258512	-71.1726642491189	-21.185560020643	-1.42638196919021	5.83333305744937	-12.0333515857355	-5.87823882560814	-1.03831352157784	-17.4825269719486	-12.8411285059487	-1.28702687897943	-7.98252120691429
HG03397	1	MSL	Mende in Sierra Leone	AFR	-292.5657542041	-15.9054749436221	-0.877461727625328	0.463591209596927	-5.69126108773127	-40.3661140665993	0.802055306786059	3.03800971182979	1.07605183561594	-56.5637904043909	-22.9898367168414	-2.74932580276316	2.9628395020136	-6.06028179179412	-1.86054493271896	-4.83847712051687	-18.9024155036162	-0.631497300003604	1.08516517561692	-16.8846860956198
HG03401	2	MSL	Mende in Sierra Leone	AFR	-294.302958389036	-16.1020935639963	0.480069434542382	0.308767432173836	-5.27336118388506	-36.3738149272488	-0.78142195276649	8.53739845916584	-1.5590569785033	-67.4991084286654	-22.0781602390844	4.53959449380007	3.94578878354679	-1.57245230399949	-0.505002875114885	2.97152158460452	-29.0761281537447	-1.87370955743628	-33.9324680490682	21.9413158353001
HG03410	2	MSL	Mende in Sierra Leone	AFR	-293.422615408402	-17.0251026612234	2.05927813256684	0.893291250766381	-4.34163792091979	-38.6867510725522	-1.26282545728543	1.3347169859305	2.16256627389541	-68.5508831158565	-15.1521708337452	4.80426332957658	8.57043334059935	0.176389235319317	4.94557182899297	-8.82812579160992	-30.7056369517163	-7.50731723763116	7.00882845318272	-13.0719084254965
HG03419	2	MSL	Mende in Sierra Leone	AFR	-290.489092495782	-17.9085854429754	1.29660532774349	-0.710914964216264	-3.28242966455578	-35.2289053296189	-1.18783248849093	-1.28275405450706	-1.9688770460503	-66.9134007783214	-22.8500964257371	-0.20894849101336	2.79420863638423	-10.6058121489984	-1.39793437398424	-9.90515888007554	-26.5187926989162	-5.94844225059875	-18.0639713175156	4.67463879834419
HG03428	2	MSL	Mende in Sierra Leone	AFR	-292.475337680562	-17.685046270333	-0.572769106729204	0.499559297356897	-2.62595743612798	-41.7355230859189	-0.633812170879136	6.99599591536074	-0.226871015940444	-57.863271878897	-23.5117454603806	5.91808578830688	8.9392638267673	-2.76499795805062	5.41994641899828	-2.47734969594028	2.15396842807529	-1.13579269630143	-10.3094747970603	-10.8466750341987
HG03432	1	MSL	Mende in Sierra Leone	AFR	-292.903439026397	-16.9178253636895	1.0905935685467	-0.973843175349766	-4.87728086079141	-38.3378277330506	-0.796927968072638	6.08796335470634	3.42508681551236	-42.912424596333	-14.2829689187444	-1.82771236951932	-0.373552090772595	2.35332103606065	3.5434055757869	-0.175722022881184	0.520276296041835	-3.14972510907823	4.26068295921901	5.95085318617233
HG03433	1	MSL	Mende in Sierra Leone	AFR	-295.16729823426	-17.5205087885608	1.55644217248888	2.03567379123745	-5.61725134050596	-42.8972168747859	-1.25387083416384	-0.812342149945602	0.809602672690768	-62.5276084030417	-16.9727924086068	6.22127966579963	2.39878731605997	-3.74664658547317	-5.16611302641095	-1.87443433308325	-18.1172040996513	3.27260204049884	-16.6547898384423	5.8986450868177
HG03436	1	MSL	Mende in Sierra Leone	AFR	-294.396010300492	-17.2247199882389	-1.27112125968126	0.96936502030592	-4.90156355805286	-39.5326672953754	-0.0844071017758055	1.54488731706205	4.52666245815155	-62.0778406025635	-24.0947796233552	6.6880071804772	5.33965446184366	-4.35077064154681	-0.19229000878945	-7.90169379048145	-41.7786156917049	-6.79080917880065	-13.3600621816424	-30.0319916058136
HG03437	2	MSL	Mende in Sierra Leone	AFR	-293.044665117617	-17.4666873188271	0.14434365616429	0.787584571163605	-3.39022258073973	-46.9006561353504	-0.957385294156334	2.98452437911157	0.0382909702272369	-41.144143855564	-14.0725296179475	-1.7954748723941	-2.94405586515224	-1.02309225483139	-5.04618934489611	-1.50049963854226	-8.22665458994116	2.55753810427309	2.86562975583836	-30.3960392237924
HG03439	1	MSL	Mende in Sierra Leone	AFR	-294.747344317913	-18.938099885438	-0.152374446696227	2.42511600024975	-6.02677058692837	-43.9964298460881	-3.34831746499235	4.56854275769957	2.09078480062739	-82.4424835939435	-30.101054623233	3.74317574624	0.450527547263897	-5.77294410491986	-7.30716699624236	3.24122738174405	-17.6470787140515	-14.4280117766693	13.7624184927364	50.8002518027171
HG03442	1	MSL	Mende in Sierra Leone	AFR	-293.471018100245	-16.0047528643997	-0.552169567992876	-0.331210597346911	-4.89961585693743	-37.2992162404648	-2.45702860284941	4.26731323979724	0.134757566672243	-69.8954133498788	-22.5700110875421	6.08102573405187	4.54044930841076	0.313837745237407	-1.43867966353005	-2.00686912999135	-4.07460515762134	1.88307566831819	7.38330261890616	-26.8349127356079
HG03445	1	MSL	Mende in Sierra Leone	AFR	-291.397734456381	-15.9824855236707	0.438403316402751	0.0705003546682883	-1.30214706515744	-43.2217225817234	-2.16291198641274	3.39099903677426	-3.83767125955617	-61.2774178081656	-15.4793647564188	1.22385385018302	-7.55738000434929	-2.58659247582881	3.66737148162527	1.08714150694817	-9.30165711227172	-5.59618275336786	6.30271070406609	8.68395916576981
HG03446	2	MSL	Mende in Sierra Leone	AFR	-292.798456768297	-17.3873194543729	-0.224014607284793	0.972825921752882	-6.64433757044749	-42.3989878618783	-1.09415727322185	3.96848019175758	-2.42151774506083	-64.7228898732221	-27.1722670008426	3.57646401294428	2.87263665897563	-5.40454592723188	-3.46048964276555	-0.057198615783027	-10.3323003167371	3.97868316423436	-13.5184775531714	-7.15663155543007
HG03449	2	MSL	Mende in Sierra Leone	AFR	-292.407049657574	-18.0345165997155	0.739293934187899	-1.32508300973578	-4.77465255940832	-37.7721716646067	0.457891078104023	1.23812973250292	-0.166268735197241	-71.4314891530367	-26.0592542508433	-3.17730427777929	2.308585251707	0.12420821522006	-0.74717897240989	-8.74874244194518	-5.92268911675023	-1.50394215524468	-7.5295352107945	31.9270237067442
HG03451	1	MSL	Mende in Sierra Leone	AFR	-294.293152709228	-16.4957879895377	-0.938464316116875	0.593961077595137	-3.33960847063773	-41.7852983523778	1.46693786473719	7.7733342495506	-3.0563713660448	-55.8490568747457	-24.1920065437065	4.10550467480819	4.22902234251061	-0.963775724225844	-1.45209930589088	1.95147510717829	-7.97306433757519	-11.7433001835316	10.8893774510478	-43.139269652085
HG03452	2	MSL	Mende in Sierra Leone	AFR	-292.135494683134	-17.7038724691765	-0.483316980230122	-0.712919817261528	-3.57438208968343	-33.6959552064464	-4.16411551809258	2.69123674118257	4.44573004624785	-63.8378379497681	-27.5037894833556	1.97245504850023	6.04172819811633	-9.03574467725646	-0.940038181721481	-11.911591650023	-21.1930367744772	-6.73031103416374	-3.24195045624284	23.4498405395619
HG03455	2	MSL	Mende in Sierra Leone	AFR	-295.373105708921	-17.7656252976216	-2.64407765811478	-1.21640450554953	-5.50375415063268	-37.6031030352664	-2.07308652806307	-2.03911301781119	-1.26158903137185	-68.2956698572993	-22.0981878638011	1.63507612669044	3.39626421990329	-6.19584760749343	-1.66832086178931	-4.13597499683273	-9.3920755732653	-4.74353512006765	3.37848196291154	7.00876635160654
HG03457	1	MSL	Mende in Sierra Leone	AFR	-294.678111964385	-16.5096855084796	-0.717819409409546	-0.344396307271061	-1.5192602548461	-39.8036752333907	-1.22375807890475	2.196391117387	-3.22805880743138	-57.1997537221872	-18.3495319166778	1.74193460702773	6.26833867653725	-1.16492636614502	-0.80875427405713	2.92261966315636	-13.456636142175	-2.8692763934596	-3.00716229576279	-1.85115280415142
HG03458	2	MSL	Mende in Sierra Leone	AFR	-293.031953582944	-17.9103247504242	0.240052917813817	-0.490291482900094	-5.96084632667752	-41.1277779281669	-0.473181355552616	4.61234967682444	1.66422603075178	-74.2790619315121	-26.8711286327816	6.88458098739295	5.34990704364827	-4.86610345567189	-6.63780156357279	-1.44429521842002	-22.0077384103561	-21.0175682213128	11.0566388870423	60.8141649364516
HG03460	1	MSL	Mende in Sierra Leone	AFR	-294.228200989996	-18.7451717902367	1.04577720923536	-0.534253557939665	-5.3079758860857	-46.5876202408903	-4.53565309555151	-0.0339154052703007	-2.01782375651871	-60.9117343046264	-18.4720304983512	-1.11665098449651	0.134944657014708	-2.73369152354743	3.22523362793405	-5.70454191675275	-11.5167511113276	-0.827540084545071	1.67094932036315	40.8556177919321
HG03461	2	MSL	Mende in Sierra Leone	AFR	-293.655565014803	-17.6086328323311	-0.602654159583627	1.10114126592445	-2.45342147022201	-33.0834684564591	0.744060194221145	5.18724315768692	-0.99995330738854	-61.3488557767063	-16.0865354702406	4.44256320033606	9.93865316656164	2.04881866725249	6.36526965408206	0.804475955815212	10.2617689514573	-4.56681438967022	-9.94211276401465	-13.8127676567991
HG03464	2	MSL	Mende in Sierra Leone	AFR	-297.050930068851	-19.0742469343246	-0.682038559620779	-1.18551460060482	-4.81073626961943	-36.8851816280051	1.98094400299923	1.25093409759191	0.240735764725459	-65.0311502707961	-27.5907082905066	2.1206467037353	6.29005639662248	-7.11198868464518	4.66932845397625	-9.23873982560281	-11.3844521439208	-1.60730149468794	3.57569620229133	-2.41159303551206
HG03469	1	MSL	Mende in Sierra Leone	AFR	-296.608214936587	-17.4062776525333	0.895691155136238	0.627800604817516	-7.58152548401468	-41.3960768138947	-2.8229806929042	-0.458227975435293	1.08060686388674	-65.9042592503115	-20.0059369522678	4.06013760527479	5.77877932506582	-5.49925060563231	-3.90182540937345	-9.27508349122727	-3.34348699121306	3.84150745462395	-5.01594963858213	7.88495465370948
HG03470	2	MSL	Mende in Sierra Leone	AFR	-292.271445222763	-18.6684691712883	-0.342233354648448	0.349819957997793	-4.23404231150253	-42.3348150323583	-2.84994794912529	9.93163033806726	0.983315932385565	-62.3477661019997	-20.6544221088528	3.64508894662027	1.85035635835008	-15.0773426936058	-4.91851483102157	-6.14643722177378	-7.84783478788812	6.14610925195314	13.8291887031678	-5.56581256635213
HG03472	1	MSL	Mende in Sierra Leone	AFR	-292.033595493338	-17.4864047619411	-0.473500273110431	-0.0467980554575412	-7.62091586758272	-44.685946356495	1.68556490188893	2.5007212363026	0.737345449338999	-43.5304004951095	-10.5914435530315	3.08893962805087	1.29107276139031	-10.0043326526983	4.46545322454434	-7.89891700023594	-22.7253889388308	-7.76702206796301	-22.8098283950323	7.80880822626771
HG03473	2	MSL	Mende in Sierra Leone	AFR	-295.428186106006	-16.7756385073985	1.12508900052111	1.48490571019214	-6.2612563764795	-42.510815822279	-1.13034018860506	-3.62621322828936	-2.77430463323449	-68.694194928518	-22.6333409287725	-0.460540134782443	-6.1907271456175	-8.58288565149112	-0.593863129074053	-5.35047580065182	-16.1653951442214	2.02690623622293	1.67359468906586	-5.27461541601973
HG03476	2	MSL	Mende in Sierra Leone	AFR	-292.497221846809	-17.2368125028639	1.70685152552742	-0.0263582968546628	-4.43470598828592	-34.7658333826521	0.263377609763139	3.21258458666205	0.502341757887348	-65.6559980294985	-25.5394801090583	4.40107921034341	-0.191653376421585	-5.0246380598071	2.02409995300187	-3.63789827577496	-13.135986616642	3.64116390255383	-16.3252890250481	-15.1793172958231
HG03478	1	MSL	Mende in Sierra Leone	AFR	-293.745014679512	-18.5256266584714	1.69561586752559	-1.021282042378	-3.41809472989262	-40.5617631122239	-1.61557825948163	-1.66479991118724	2.4466483594991	-67.475109311753	-26.9092672172375	1.23737780921593	9.46947585098269	-8.9841107878905	-1.52272700965322	-6.3766571073904	-22.4447291963642	7.98148640208031	-1.34440729902033	22.7651064098169
HG03479	2	MSL	Mende in Sierra Leone	AFR	-291.038943708783	-17.7038576164484	0.144496433989994	0.922405932897135	-4.07866416008185	-35.0299599370506	-1.07866722548463	3.52540338894376	3.36765172896447	-57.5435328945016	-19.717088323397	6.69198108593974	0.937651062817433	4.03446236115275	-5.38566618346436	-2.63755685789234	-21.0901496336748	-6.38368721473006	8.40211389710498	-3.47054991324457
HG03484	1	MSL	Mende in Sierra Leone	AFR	-295.101616601765	-19.6916078774768	1.06440593605727	-0.443028764886345	-6.11790495534706	-40.289448565306	1.38615845098119	2.26324454657176	3.9200326224798	-65.4005662720301	-21.5572096823456	1.51401496356032	3.15753202137015	-4.99645279078362	5.0412770928834	0.35584696143782	-24.2959157778958	-3.18235824557612	0.956903729264137	22.2165613837195
HG03485	2	MSL	Mende in Sierra Leone	AFR	-291.624723312799	-17.4199583661605	-0.501507543756449	-0.240723013369875	-6.57560837704937	-37.8235064717568	-0.372986625458994	0.186263543220126	1.00775600646143	-60.763860324517	-17.5961450457761	3.25350327469274	-1.87607866550468	-8.00998457481851	-5.56784181323222	-7.78832031037048	-21.8418921883696	-3.8289708793074	-8.92630912967096	15.2621912475635
HG03488	2	PJL	Punjabi in Lahore,Pakistan	SAS	89.4022954326265	47.4640801351705	82.2951740322059	30.5516386278615	-7.83031696427233	0.967288050991025	0.241591813913178	-1.12633544345491	-1.6326667140637	-3.02148605455834	8.39005575305454	-10.2588442511415	-2.65871505356345	-6.69850393721046	2.87938744316532	9.54801712373013	0.24491991657403	22.7043107170906	-22.9945736094497	-12.5658526316834
HG03490	1	PJL	Punjabi in Lahore,Pakistan	SAS	89.900037277866	55.1966812596011	73.8897938944503	29.4135477101348	0.631104812959941	-0.924944644849708	2.87709162282393	0.964411887104693	-5.33696243874676	-2.66012850545617	9.81290050069078	-7.04752967379726	0.785960948330123	-17.5071708634082	-0.360539562632091	18.178259705155	2.42171065784655	31.3158287543147	-28.1969916679005	-13.3839606399485
HG03491	2	PJL	Punjabi in Lahore,Pakistan	SAS	88.3167560596002	30.3675846786521	96.4720125034195	41.2587117135454	-5.62090641383103	-1.68971700822797	0.908555040986309	-1.42425769533043	30.1572659322627	-6.54148483471929	12.1817330405987	-12.6041338151662	-66.3557251278822	-22.2625420336871	17.165302843502	-45.0728405402023	0.55506047408791	2.42292581888848	-0.613764009457227	-3.37351029381408
HG03499	2	ESN	Esan in Nigeria	AFR	-295.160074456377	-15.6762306776789	-2.06957415828641	-0.420744494556817	-5.72317279713425	26.5707385640392	-2.62967792116804	-48.1943433424751	2.93294394438465	19.0656611072878	-1.31123394207285	8.66197032527501	3.04971940448876	-8.53181469511968	-2.92954994908559	-6.9509919392434	-32.0643708209284	3.5100088381423	-7.96919752133379	-23.6312966328316
HG03511	2	ESN	Esan in Nigeria	AFR	-293.839449839274	-16.8535466368554	1.06782994616984	0.885624319789561	-4.04698190936841	34.1027709385589	-2.73781774593069	-43.2107733437954	6.05511848804295	16.8351758484673	13.0130256125809	4.30859471377605	3.97250007093749	-9.46343261587797	1.01554259689135	-7.23604953603467	-59.2516213735746	3.25342338386486	20.8026306133046	29.348505314291
HG03514	2	ESN	Esan in Nigeria	AFR	-295.882294247655	-17.386275002585	-0.113774172235562	-0.5948098449233	-5.39839482224264	30.7344586990662	-2.13107174822755	-43.561267062981	-4.24282424783011	15.5761884053349	5.09934323769827	0.158522879780312	2.93279186279174	-3.28715063798592	-4.65145749561255	0.963655054311732	-9.12201939390769	-10.7600656649737	-2.97262075479247	17.1764543830715
HG03515	1	ESN	Esan in Nigeria	AFR	-295.643585442653	-17.3135670879009	-0.0184794132500209	1.7599804367529	-5.03457024313139	29.0152585346528	-6.33200944414489	-36.9897967260455	1.99247964558819	24.7761203460914	16.4932884981796	2.5623341239613	7.15177558456184	-4.07801320487346	2.03993542927551	-13.0777116029209	-56.807340292898	-11.002462070414	-11.1894304065423	16.1105725565189
HG03517	2	ESN	Esan in Nigeria	AFR	-295.001956059872	-17.4637260738268	0.589481824701263	0.754066940040652	-4.64340041067147	30.435099617066	-3.52477551480035	-43.8466701520953	3.85375234556961	16.6369524149706	-1.01111725464325	3.47350677113558	-4.34094320593613	0.417274110718268	-3.41156302528274	-2.036917940495	-5.940406104773	-12.5418793220636	8.15246676817763	-10.4380077344003
HG03518	1	ESN	Esan in Nigeria	AFR	-293.38789442956	-19.622101920511	-0.871485352925025	-1.48640409096627	-5.92745039825029	30.901829175808	-1.24169706406711	-39.895704122661	0.517308947718925	26.1833417009165	12.6557128838202	3.65789569874797	3.37075506539707	-7.55138198554326	0.451731609372311	-13.4480038599806	-22.5651907897001	4.78080095281816	9.4016968283616	2.38292907062936
HG03520	2	ESN	Esan in Nigeria	AFR	-297.3719985773	-17.6931845346653	-0.796838714943172	0.447312103652256	-4.08880859825593	28.1721053749597	-3.74506717564762	-40.0845904345825	0.700677029297169	25.4413828527238	4.24488566402716	1.10096943167032	0.257147843998522	2.05055297464462	-1.54609797768838	-11.8043550798099	-31.7227708991402	-1.81102450124647	15.2251627803	-3.3363049256355
HG03521	1	ESN	Esan in Nigeria	AFR	-293.30119921581	-19.297544761794	-0.811676505212789	0.890933132558352	-5.8441766171675	30.7487489457273	-4.75568384386229	-40.8268644322242	1.49678746654027	27.440809651754	6.98123003269252	-0.622492365139497	7.26395621461713	-3.14718240503471	1.12761454157123	-3.74762551485709	-34.3651747013741	0.472859075864457	-1.30569054517063	14.8193109881571
HG03538	1	GWD	Gambian in Western Division, The Gambia	AFR	-283.177569241881	-14.7289079098653	-0.677183049697775	0.941939053720167	-1.43311041656391	-81.1422486503148	1.61385674416933	28.0431084841479	-0.317021908144371	32.510671996955	12.4256008876435	-0.24704182472909	-2.84226627505253	8.79253344379693	5.1256774790375	2.68429300224532	-1.71449281789661	-6.71904996044133	-3.76313541807513	8.25483702137378
HG03539	2	GWD	Gambian in Western Division, The Gambia	AFR	-269.014715437943	-9.10825264519355	-1.25770628175725	-3.32669430749428	3.48320015037338	-74.0212385759391	5.51393397670825	21.2758696846168	-1.78224369160166	44.4885234287564	15.0212242893453	-4.46457573220505	0.569340039125989	-0.653613298270539	-2.50980890573827	3.08693942701027	-8.5069028326138	-8.85161071621423	13.6181160858073	-16.4399716418384
HG03547	1	MSL	Mende in Sierra Leone	AFR	-293.376389085679	-18.3150283251231	-1.25713637183668	-0.418249671171334	-5.24491897738602	-44.7471438588075	-2.96020664573044	5.84959274870483	-2.282068215836	-69.84896997348	-23.5083398596413	0.840908317001783	2.83095958325139	-3.82695073622396	-0.0727206732057174	1.82102820897866	-4.86980901339047	-4.60118268378675	-6.23698227512494	5.97216258925635
HG03548	2	MSL	Mende in Sierra Leone	AFR	-294.563532052459	-16.9446709674985	-0.0695415534649369	-0.0626336479073185	-6.37401532103278	-34.9478629567891	-0.61595426114225	-3.32642515388025	2.66107034793755	-79.93200288348	-29.3987952262746	-0.210273090965527	8.24418059829792	-3.65343078206833	0.146334195478794	-3.85549856190621	-14.9741324263605	-10.2077232865888	-21.8194140800397	18.6323061106766
HG03556	1	MSL	Mende in Sierra Leone	AFR	-292.175211074519	-17.2050822493365	1.12488942853812	1.15334746110083	-3.41568420081327	-39.8085972408882	-1.30197532186296	5.91504543145245	-3.09805200270079	-75.2739501368227	-25.4761302005802	8.59767152955228	4.26070204299232	-7.0838090428262	2.63485709265488	-5.62162800001176	-46.408749556625	0.845502491974962	-13.379120977174	36.698965597568
HG03557	2	MSL	Mende in Sierra Leone	AFR	-293.029218140297	-18.1790730532179	1.11869716830808	0.20598603727096	-3.75323207546689	-35.3554771757144	-4.66687515475202	-2.85472917396346	0.749349958911051	-81.6844671878139	-25.1827925858507	10.6886674048075	2.60053356595421	-4.66297970611163	3.47307178738906	-10.1151929537361	-40.1973504708334	7.4169477534623	16.5580776917733	41.4824983155065
HG03558	2	MSL	Mende in Sierra Leone	AFR	-294.459831223319	-17.9263850406264	-0.0449473699941572	0.642518111280344	-5.01813532574481	-37.3931542691071	3.63934070001856	3.47991555024342	-2.62809692526618	-73.822303561691	-26.1316426795367	5.30207705890769	-3.3230579213548	-4.69078314285065	2.59224527046027	3.0929963249128	-12.0015199185687	3.24376104935018	13.71410217689	30.7079737189296
HG03559	1	MSL	Mende in Sierra Leone	AFR	-294.312691904069	-15.8460951165951	1.01115919754316	0.52319891959902	-3.94852598420562	-37.4583504573543	-1.06257574620491	0.134816077889495	-0.437790828628994	-71.0913724442697	-30.5616373547977	6.4231588815327	3.04418743453785	-3.56791557333981	-4.79936889351288	-7.56746816706343	-8.09848999118065	-2.83746643460523	-3.49665124351781	-0.701958106750222
HG03563	2	MSL	Mende in Sierra Leone	AFR	-291.389405685097	-17.0786192494038	-0.220849626573719	-1.34149064800114	-1.88120109003738	-32.4682465824515	-0.219284996379938	1.83081413253122	2.30028709203984	-66.8507561953272	-22.5775103591106	8.06403868150892	1.95667817971065	-0.398547122644316	-3.03352702644759	-4.65602716962264	-37.38524031237	13.9298660552295	2.79233122606166	-6.21821694740638
HG03565	1	MSL	Mende in Sierra Leone	AFR	-288.842575403971	-17.4345801611406	1.17187688216657	-0.263593626869992	-5.42529229585812	-39.1304238064263	1.32613477683523	-2.33302151566969	-0.575404366087183	-58.9404243635439	-19.6710524596033	5.75356412899825	8.41508579349971	4.93374761902427	-2.59558294935301	-7.01354811800103	-24.003830801758	-3.70726255161905	-1.4008404196316	5.42500244626492
HG03567	2	MSL	Mende in Sierra Leone	AFR	-292.261306835852	-16.445632460712	2.24428834317788	1.13507416378614	-4.13468379781979	-42.3859129504952	-1.8035978312641	4.23628545750554	-2.64444517837519	-54.4462574502562	-19.2086502612321	4.00313894261944	10.9210625144702	6.40234424371119	-3.76467359014164	4.05894275160133	-27.8606757930204	3.63575450886747	19.9831544999437	12.6325592651116
HG03571	1	MSL	Mende in Sierra Leone	AFR	-293.119812883488	-17.5898310317179	-0.940282214548113	1.41390092985029	-5.02007205744065	-39.3859351010437	-0.310453857603119	5.31345712152512	-1.42611149228854	-60.3735033123602	-22.9830153153133	9.10821836214898	3.29630837880569	-9.41439485820673	-6.28959631349417	-2.42547558163747	-20.3311255603624	-5.99300969776836	2.17117919779102	45.4759297332932
HG03572	2	MSL	Mende in Sierra Leone	AFR	-293.930954392004	-17.3924914755432	-0.711166966911401	0.270581121361572	-6.48910627794408	-40.7962339239525	-3.5608779892453	7.71165225590949	-2.0353458362908	-72.6400176592847	-25.0808486875203	5.28610816671811	3.2617595592046	0.325067258155808	-1.93675300384129	-10.6537029982974	-29.6547951025823	2.96977481319502	-1.09252680967869	5.40103151849733
HG03575	2	MSL	Mende in Sierra Leone	AFR	-292.114945439127	-16.7638129098606	-1.1541296186638	-1.04733368591693	-4.31055072388255	-33.4368701713688	0.553044742302699	-3.16977289139152	-0.568575207076702	-62.7051145435028	-21.8750413313378	-0.698343626962417	7.66765265039067	-1.73291247659074	1.48483992107029	-11.947516234644	-22.9226694033555	0.773289991809338	2.29341013933976	-17.1788167515256
HG03577	1	MSL	Mende in Sierra Leone	AFR	-291.594852718295	-16.3820092288444	1.20059485736118	0.0322864564440648	-5.22057865641538	-36.6365187288396	-2.54822281066817	-4.5213291638031	-1.98002669287049	-54.431029872043	-17.639036125402	8.1626530693363	1.71619407153905	0.42903427719143	-2.45568781971834	-10.432946836032	-11.365095079691	-2.04081186848078	0.490836949945597	-23.695064095749
HG03578	2	MSL	Mende in Sierra Leone	AFR	-292.874290649677	-15.946983350892	0.407528101119442	-1.07078712604768	-4.34438299505626	-43.2442254981265	-2.77509653250244	3.95479350938441	0.56470398463389	-71.5927871171854	-30.5801181004216	7.08868020700737	5.83668030593798	-0.520871988185689	3.96874156479249	-0.771203110975389	-18.3756377550546	6.8519583515529	-12.4608093728673	3.64275836738439
HG03583	2	MSL	Mende in Sierra Leone	AFR	-292.793090848021	-16.3597999512143	-1.03190974572531	0.122201260600182	-6.85986199782711	-35.1640561097633	0.148856533295548	-3.81003934138303	5.4578010975468	-86.7299518818203	-34.72302089084	1.26711337242623	10.437494165359	-5.75636295250831	10.576203373112	1.59549160552251	-39.3255712805902	-8.027857301045	-8.87212067100844	-16.6567871669321
HG03585	1	BEB	Bengali in Bangladesh	SAS	90.7803947778155	1.30312506899557	89.194451411604	35.3457616180979	-2.05568170297989	-1.09322527034053	-5.15612130987922	0.690656415407315	9.25569677417901	0.668063701914842	1.47299135036377	6.11563333237164	-1.98154002993522	6.90509346590983	1.53820459446007	3.17505190251012	-3.36854183031212	-4.74336184600804	1.27427398468948	-1.58818578156888
HG03589	2	BEB	Bengali in Bangladesh	SAS	90.1648696068738	2.77940381441774	97.3186665413958	37.8200793455152	0.844750789398368	0.766302086598822	-0.553378978151433	-1.1789516355836	10.3638077464422	-1.44461417801672	3.55067472474019	-2.10834854685315	-2.59299233185999	4.18823105987	1.23761838466661	7.72042678169137	1.11680731157045	0.884562143354815	0.379843654284766	-3.5439483477867
HG03593	1	BEB	Bengali in Bangladesh	SAS	91.1505253959787	1.91974691279284	91.4533276992083	38.7743312985642	0.757825901470028	-0.32641568365013	-6.16916179977512	-0.600812166684435	9.16404197083536	0.636136472819879	3.41270040403095	-1.1213944650989	-1.83711304608407	3.3560662403208	-3.52210044825187	3.18495556471748	-2.14350242094217	-2.66421207322333	-0.191391507161673	3.07404461301246
HG03594	1	BEB	Bengali in Bangladesh	SAS	89.637768908675	0.578866143294864	90.1105909876648	36.2306917925983	-1.42401298377321	0.610603164411578	-4.38613022167904	-1.06414578757756	5.5614735891609	0.0215734919834836	-0.608341761661112	-0.98796376242447	-0.802688637415171	5.74324199122536	1.27756880576293	2.78055524007849	-2.275456217297	1.16609488426212	5.95140617906561	3.31120873500051
HG03595	2	BEB	Bengali in Bangladesh	SAS	92.8056814088395	0.77448575094383	87.939350191278	35.176126339563	0.236561555806371	-0.145265863527518	-3.29842254457265	0.639963719114285	8.41155306121008	0.586856597144358	2.80019578752193	0.632287821449165	-3.74054965849906	3.94876410976889	-2.00101352944932	3.97822681159211	-3.96012471603481	-9.99437555560185	13.5460322070706	3.46579734549397
HG03598	2	BEB	Bengali in Bangladesh	SAS	91.3373937007253	1.96772017266073	87.3984227384315	32.9271826336927	-4.16541452755277	1.98619435685949	-4.30196946506519	0.247844100976589	13.9826223891618	2.31666602073525	-2.74350661858676	0.440892310326084	0.18579680651143	4.77641772980701	-4.20966712116448	4.71451513098223	-5.28926805149863	-0.311646568598523	4.6480989599642	4.39964799009758
HG03600	1	BEB	Bengali in Bangladesh	SAS	88.1621113611616	8.24397158015993	112.936476050005	52.5385155694666	-5.62659140231718	0.233488604979158	-0.645634672924785	1.06891785327572	10.8051222834859	1.60902722911567	-1.0170896941634	0.291121959505409	-5.93820162236198	10.3462240372183	2.92813976339017	3.96646921952273	1.11451339959087	-15.5301077931771	12.6993156285009	3.95870581355077
HG03603	1	BEB	Bengali in Bangladesh	SAS	92.2250852767413	-1.91955478504997	95.9258710923447	38.1199259316187	-3.05557050311519	0.258487567390921	-2.78554883628405	1.13302267608633	9.12499904209791	0.709661147971971	-4.05871434822951	-3.21664310637506	-3.48394150554781	9.46829834244712	-0.0780075486791833	1.96079378591039	-2.13896751327179	-9.4632369029843	7.95384726046006	4.24671559836153
HG03604	2	BEB	Bengali in Bangladesh	SAS	91.2261418912378	2.88947883463389	94.0535596760462	38.407262526836	-4.96431077954537	-1.0516072594928	-3.06109297049583	-0.272695727891096	7.09020889899769	-0.364480612426426	2.39663835469237	6.12825156824728	-2.65461469202557	8.14373357916073	-3.95061080374081	6.798004026886	-4.04139705245048	-11.9568338297799	9.61909804430833	3.08820178301007
HG03607	2	BEB	Bengali in Bangladesh	SAS	92.5562631221027	-2.07358404017842	89.3652619746971	35.7025186494077	-3.65632086944987	0.849804612942931	-5.11987131425568	-0.686142663196225	3.4124899720771	-3.78638161450994	0.745441878236793	-3.60924201789124	-6.15883124923537	-0.891798758759604	2.2551223706719	7.43206714570699	0.25596096565666	-4.53311919750415	3.21522928448514	2.73837805243712
HG03611	2	BEB	Bengali in Bangladesh	SAS	91.8770646202007	1.93171631273398	90.2677082847953	35.8332957111889	0.624379949303163	0.227202361362771	-1.13515036340848	-0.949269898419733	11.6600242489362	-2.21405484047559	-0.432773096275589	-2.13622813527574	2.72505432756785	0.0180824357954145	4.87446138724134	9.73199896115884	-0.765405374497077	-2.41085605096345	1.12717013169846	0.679967609593013
HG03615	1	BEB	Bengali in Bangladesh	SAS	89.8729341936974	2.7441919130001	90.4999991457545	34.3568234396086	1.45338145944127	0.791014844014718	-2.27267933783642	0.841057092541024	6.17580991819831	-1.78516570230053	2.71643376016842	0.288709638746182	-1.97862080765925	3.27151201546646	2.55232331871037	4.12080862751825	4.41512919377581	-2.03457071943153	-5.62531349454745	3.69253314003043
HG03616	2	BEB	Bengali in Bangladesh	SAS	89.8581157846166	2.14402023522869	90.1714211253263	34.9769072626769	-2.84440227465595	0.622547209376204	-0.0897306292410958	-1.13657630629884	3.35821747820598	-1.69333504975043	-0.876676922434787	-0.0106930833794398	-5.22816328997601	-0.517336060416712	2.48564397453431	7.9412730206425	1.25285047158871	1.75103914838859	4.78696197790167	0.50777615256105
HG03619	2	PJL	Punjabi in Lahore,Pakistan	SAS	89.1682228825664	65.9716547380711	64.3555618322926	24.4621805033965	-6.82808264972652	2.39156308995082	1.86286363432061	2.68729993925943	-12.292147674605	-6.30343004204507	15.3748087417865	-10.5877243718074	1.93916016859668	-20.0294508907713	3.86735924347195	11.4317910623153	2.82130623499278	44.5147949056322	-28.0519834377795	-16.5476218289565
HG03624	1	PJL	Punjabi in Lahore,Pakistan	SAS	89.1904926266365	65.6294620823376	74.3208429159992	26.6104001268375	1.77147753795781	-1.50767924918191	0.649321459365472	-1.5054888061484	-9.56555860969945	-3.92921933987843	14.0120336409343	-8.60656878038648	8.08392596729345	-18.6672842653292	1.55666293164863	14.7934906471588	4.43068235227264	45.5204372675049	-24.8291886311174	-13.2892860184828
HG03625	2	PJL	Punjabi in Lahore,Pakistan	SAS	88.3538939471297	68.0123725891183	70.8148642925997	24.3512743722974	-0.35928521415888	-0.321998368912787	1.10612870350284	-0.330832324257989	-1.62409572724677	-8.12143455649639	17.571005025032	-14.6547217081302	11.6568503042526	-31.4430469788754	-1.66353489253562	23.0378858287023	4.55166042880788	54.8653238124086	-32.6736555182668	-29.7025344303066
HG03629	1	PJL	Punjabi in Lahore,Pakistan	SAS	86.8733160739032	51.9310844861403	76.4462715508636	28.7001970485705	0.475561913675347	2.66485549316355	-1.98595806476288	-0.13088385104792	-1.86067578330109	-4.49674964535322	10.7816967864404	-5.97712607899498	2.45086312850189	-11.5760139961953	5.70075349132628	6.07957664675401	1.61260341005395	26.0662666614535	-14.8912561021118	-9.88863448282324
HG03631	2	PJL	Punjabi in Lahore,Pakistan	SAS	89.3551653346937	48.2202433609111	82.9475359957404	30.6275042335544	-1.20195297554394	-0.115387229500247	1.79530763427984	-2.19241146781623	2.65821170610328	-2.23867136750311	9.03935063379481	-3.16807314699031	3.62661080079755	-5.114726914545	3.97987640975058	11.5155049762984	-1.56439103017096	21.4278257564172	-15.5700804921672	-6.6123935301962
HG03634	2	PJL	Punjabi in Lahore,Pakistan	SAS	88.7373686200263	58.400779700327	71.1386837772194	24.8558680986374	-0.967166658678822	1.30982296010067	1.74934208415255	-3.22771198097203	-1.86683668547192	-3.71759580629897	12.9545597661571	-9.19253353663853	1.54872000662623	-18.5678559072404	4.6816433667201	11.7219948424599	4.68101090076435	28.562869668584	-20.3947346610965	-11.2607500703033
HG03636	1	PJL	Punjabi in Lahore,Pakistan	SAS	89.8120559654303	45.1770061083325	80.6449586965923	31.3001124117944	-4.27762330271636	1.45085461538097	3.87683482579655	1.08646158845114	-0.156870402818577	-5.16876174384684	7.30456705256774	-6.22476387025132	0.923519160133526	-8.54525729965977	-6.75010728445338	4.69077627091592	-0.299556244352719	13.6121339236668	-6.73816178513046	-4.05955432365874
HG03640	2	PJL	Punjabi in Lahore,Pakistan	SAS	88.8080153809052	18.5620776885541	102.596130159429	43.6794413589598	0.426574226660677	0.0261877289057233	2.62775875822271	-1.36387507103734	34.6292312157767	-4.69170670474911	7.52547232535127	-10.8512644747632	-75.4299008627668	-22.692025884801	18.2552690191328	-63.2513146886198	7.23188836334273	-0.237552767706275	5.337947988011	1.35203941642691
HG03642	2	STU	Sri Lankan Tamil in the UK	SAS	85.7801318791416	9.11453365830608	112.199459666613	47.6928877515521	2.25590009707759	1.11752211003154	-0.240594321086194	-0.283721613923633	22.678372997873	-0.716888984892714	4.21777438309245	4.18692374058175	2.23559235084809	-0.28074610009191	-6.73391995532334	13.6837406802207	-2.1451858464588	-14.1023915743396	3.7402600306914	7.09358673146928
HG03643	2	STU	Sri Lankan Tamil in the UK	SAS	86.9028857125511	18.2798029018358	107.954036793531	46.3138360946536	1.75729852805719	0.372467466919748	-0.187217734292695	0.798636683871185	18.9306241604107	-2.51971095955303	3.29411997597734	-1.65615278226097	8.90510689788953	-12.0441963725945	-10.0578623353053	28.8252045588065	-1.37335829003291	-9.48331933372087	6.54533626607674	0.0216510419197051
HG03644	1	STU	Sri Lankan Tamil in the UK	SAS	86.6229109952066	17.9674737610706	108.798607853156	46.5622655618997	0.410606061294593	1.33256325578609	0.111747767543269	0.994030437430232	20.031783377575	0.703077853223858	1.34890975719172	-1.60572248850275	3.67792694703292	-7.6856353151229	-6.23327741297132	18.5133055874669	-2.92693784612825	-7.16856078978122	0.681878784158332	3.54530926583817
HG03645	2	STU	Sri Lankan Tamil in the UK	SAS	86.5258262334327	14.0391368280809	109.931271560312	45.8519173468529	1.70567234609685	-1.0548048158572	1.0494687329528	-0.0354850610258489	19.9318211123536	2.75334896635886	-1.06801500028454	0.948541803069999	4.82083750620467	-3.53561193260126	-8.48405917380314	24.1690202274752	-4.61303713388491	-14.2156693503111	7.63105836554207	4.74186947816127
HG03646	1	STU	Sri Lankan Tamil in the UK	SAS	87.8138320081794	16.5487764049902	108.879633881511	45.5606565104977	-0.040107792463921	-1.1936739697711	0.0936241661545039	-0.923037411599849	21.0802889443109	-2.09508005029967	-1.26257782288233	3.46258900929425	1.38544428784952	5.42317642546379	-4.69310499920095	16.5391703808788	0.944714844297215	-9.40231895740465	3.69135060727643	0.279445944895654
HG03649	1	PJL	Punjabi in Lahore,Pakistan	SAS	87.3112471171287	39.6528470883663	83.6958672914175	34.0669509466169	-1.04596183022408	-0.616474082883356	1.8956120074055	1.31165971300478	2.64513361406114	-1.20592479009191	3.6059688119311	-6.17737728769045	-2.18187195769015	-7.27478636144261	-0.408154729205042	2.37674482464536	2.95473946029862	9.92134234654255	-5.57769890927214	-1.0042462177529
HG03652	1	PJL	Punjabi in Lahore,Pakistan	SAS	87.5697864181471	31.1124539563786	94.2048265562759	38.5169788414729	-0.380703315613959	-0.226764028321401	1.86254207603502	0.0120930032431369	4.28547666903522	-1.54800070570332	5.38281146363808	-3.81393859611923	0.950010892647341	1.23220623295953	5.96014628174105	7.15986805880406	0.438992778855332	8.94741158769486	-3.0679010568478	-7.2192364005952
HG03653	2	PJL	Punjabi in Lahore,Pakistan	SAS	87.8885898416413	35.9494928064703	90.0776026971903	40.1909778470681	-0.302217220715475	0.838040074078102	-1.68498908444877	-0.369567979800398	6.50616613735203	-2.88529438943472	5.69223024919671	-1.24712512995441	-0.305997514956728	-6.86784787578048	-0.98643400355972	6.23465991210606	1.25779108290507	9.16008170854005	-1.53475741755583	2.01836119512248
HG03660	1	PJL	Punjabi in Lahore,Pakistan	SAS	90.378406417464	23.9099096566553	100.595381909285	41.9527689082493	-2.70961966374792	0.486046663346782	-2.90686522421195	0.382564781563438	38.6712524103234	-6.37901457418568	16.6834828791918	-13.1137174832092	-80.0501024034188	-14.4605576105306	23.1298314143789	-71.8824006296263	8.07934637037249	-4.91193304973374	-8.48150121552437	-0.528530633930461
HG03663	1	PJL	Punjabi in Lahore,Pakistan	SAS	90.5701756669533	18.0562204531707	104.874019078691	45.5790721656633	-5.73837857193243	-0.245398143043328	-2.63796249190694	2.08984268371853	42.6672261030443	-3.17139672734426	10.7134908417812	-9.33463960768434	-78.1291316342359	-15.6968168756739	25.151554354409	-79.0317307779484	3.17480564560549	3.91626035153398	2.75592897413161	0.180338608857575
HG03667	1	PJL	Punjabi in Lahore,Pakistan	SAS	88.191953060502	14.2408756244857	107.075617554598	43.578368028973	-1.02518384378683	0.647434694694307	-1.65691725478592	2.00475279014146	20.0655423718117	-1.78686632689199	-3.40580508529492	1.47723131836829	3.93969427209414	-1.03622418056401	-5.22930571530209	5.93053446194516	1.26899384809746	-8.59576555149205	1.71941720427996	3.92397419476553
HG03668	2	PJL	Punjabi in Lahore,Pakistan	SAS	89.5111495425553	34.5160971784249	89.3250077981015	39.4569899265475	-5.83902091676135	-0.890341469320111	0.0552103946505428	-1.59395457450745	7.15350081487891	-2.4957718106934	3.19514609841848	-1.15354419076499	0.365029636943011	-2.40848646611568	-6.10501274734088	8.74694517787458	-1.89868683158677	1.98950053923576	-3.42626705432006	-1.82015778695724
HG03672	1	STU	Sri Lankan Tamil in the UK	SAS	86.8202494002023	24.9324844368175	111.984175339824	46.5127328917081	2.91563285824925	-1.84392841481338	0.262360893569867	1.13367108738144	18.9791040142986	-3.25423230397813	1.25542613935012	2.17404373994463	7.73495037726437	-14.7349184908925	-5.35593366871012	28.0712725968459	3.47406237219818	-8.65300701413971	2.20662182835658	0.86879556102797
HG03673	2	STU	Sri Lankan Tamil in the UK	SAS	86.8060526967708	19.9976055200819	107.295264993966	47.602622283904	2.41870285298151	-1.9493388252776	0.492814270632209	-1.24478081177251	22.111019081092	-0.158388254899365	4.51160837261308	2.54327846832586	9.47326119109174	-6.86142304426524	-11.1562670807559	20.33380851443	0.587823445672285	-7.77183899949079	2.05649944460672	3.59721699432588
HG03679	1	STU	Sri Lankan Tamil in the UK	SAS	85.617992070209	20.740293517237	108.742803366599	45.5277066346456	0.04904007243155	-0.699190172659401	2.34218754711746	0.838233029390689	24.0163133747882	-1.4274096793927	1.17352841790425	3.30678863034343	11.8397769787119	-0.861285551149578	-9.06254341986272	21.6950890465819	-0.0848109718238584	-6.32490883415119	-0.218238508341224	0.246863035740739
HG03680	1	STU	Sri Lankan Tamil in the UK	SAS	87.6899982689221	19.2109341705597	110.821879915993	46.7977893176992	3.85838302037813	-0.388373009193351	-2.38626731048874	-2.45579993890386	21.855430390242	-1.72406440417536	7.40593890717141	2.55576551389937	7.37444833852491	0.307685150553201	-7.34047609175935	17.7818722106157	-3.58053383748618	-9.61903990770409	1.45296537195917	1.81626594660766
HG03681	1	STU	Sri Lankan Tamil in the UK	SAS	85.9432361244846	18.8935507634119	109.411498249763	47.8124780462856	3.03299476437598	-1.16580185722889	4.45908857333694	-1.61261788028455	16.562352718604	-1.19482359633339	0.026556522497658	7.29150154973698	1.47120516666206	-8.29040966141274	-6.20946451005762	22.1462984468765	-0.442503362763578	-11.6702757631847	-1.41677572680606	-0.47223291019861
HG03684	2	STU	Sri Lankan Tamil in the UK	SAS	86.3984332358558	0.481415077235106	118.747937386077	54.4368758885408	3.09592570916266	-0.980210525836397	1.74855949993593	-2.26818636329851	28.6490868936646	1.1521871678029	-0.217730230473846	3.08024638327831	-2.28040113659672	0.934394131718189	-9.62136601310545	7.58241143810123	0.52888694246876	-16.9764050843299	13.4008471772428	7.29340113153065
HG03685	1	STU	Sri Lankan Tamil in the UK	SAS	86.2410533223766	15.1013943760485	110.583636175998	48.1535038610834	-0.192672827384837	-0.0155029255650768	0.839132789146211	0.996234864484668	22.4270451774475	-2.47967110921778	3.46071858050332	1.51259805547818	3.85369530907891	-2.95753723573663	-10.3657941100761	18.6302763084198	-5.29098005868006	-13.5431176637999	5.10489153836757	6.03359936720983
HG03686	1	STU	Sri Lankan Tamil in the UK	SAS	86.9040492655905	8.26992542983418	114.545049647126	50.7766048410998	0.990342096200992	-0.147259627301721	4.81048160288879	1.24441063381921	23.6094108731823	2.31061875912116	2.9380993576861	5.84645058911156	0.0832624890420147	-3.69514116946608	-3.93715817819779	17.6189870909461	-2.52040128907044	-17.4924805341152	7.05217281464793	7.54399347108492
HG03687	1	STU	Sri Lankan Tamil in the UK	SAS	85.3165316952217	18.4884563724594	110.582789805897	48.1481666653895	2.7133998783998	0.292700717656907	-0.239568293195331	1.92264429869084	20.2548684203711	-0.908842302870704	3.239610109581	1.55676146103248	5.98700564413278	-7.95081667674931	-8.64141634088756	21.7945273011674	-3.26398071369176	0.995591186412069	-0.00718690161874572	6.4837992346401
HG03689	2	STU	Sri Lankan Tamil in the UK	SAS	87.5502703112802	18.0693729254828	113.349784420453	49.2119167973834	1.35099560094793	1.90273862689919	4.81528459033715	0.178110064089645	16.7716489115017	0.948821621009817	-1.56979760683293	1.21067579467307	5.90651789586846	-5.0307064790339	-12.6762571269889	21.1783263781089	-0.382990538400366	-15.6364932567419	4.5325119348959	7.60575284429586
HG03690	2	STU	Sri Lankan Tamil in the UK	SAS	85.539444409537	18.7277438625502	110.793013409511	49.2805534910213	0.461204826957674	1.38325892876535	2.03101730067914	-0.101010440638194	22.3902530955447	0.542584265954341	-1.39435155389003	-1.23357054113158	9.39130914303083	-0.0284004867501705	-13.7294762027009	23.8078889003245	-1.07576082531023	-11.58551817768	2.58833960696488	5.24063317802631
HG03691	1	STU	Sri Lankan Tamil in the UK	SAS	86.9537881944102	12.5998043295753	110.963534272311	46.7518146289982	3.9712042523971	-0.888231244843446	4.71980141812888	-0.602869242915924	19.7148359033885	-0.48644971830324	0.146062960034217	-0.478497395371061	5.14737624735186	-6.85564133612878	-7.36403231673121	14.6734557952992	-4.88475610616013	-8.2617426134369	9.66601178295796	3.5492848268755
HG03692	2	STU	Sri Lankan Tamil in the UK	SAS	86.3533675136161	12.5013811113585	112.480959070616	48.5164345918759	1.20822358332157	0.470124447856649	2.4800930898611	-1.09140586077984	18.8833467405646	-0.440189007113137	-2.83413034901533	8.85527542989684	4.51474771136384	-3.62613585386313	-15.2392305975887	26.7122961014134	-3.69896704180394	-29.5540569757301	14.5792012960629	9.23533400600417
HG03693	1	STU	Sri Lankan Tamil in the UK	SAS	88.1886806541114	11.4968454158532	109.937973532157	47.9540734826967	0.517812607118974	-0.356509386348253	3.39829250632948	-0.52864856175696	24.5171245616234	2.69787275694617	-4.49732300097455	1.69454407854683	7.09672188574717	-1.20091329375272	-7.86603325735436	21.2896960831974	-1.20167747776569	-15.9984608555131	9.13365773941499	5.10856416589716
HG03694	1	STU	Sri Lankan Tamil in the UK	SAS	89.1548291507289	23.0907643602708	81.3310198704042	26.6572760804616	4.57947570724948	0.286575674847534	-2.01565390757406	-0.291526617341116	8.66117016360574	-2.2735784251433	3.88770371290621	2.02554858261036	-1.37896093548623	-12.5468940687962	-6.60942012677564	1.02477108683951	-1.92834875292377	-2.49007761103259	2.04887417965586	0.956717595554546
HG03695	1	STU	Sri Lankan Tamil in the UK	SAS	86.5456396572467	15.7431496045378	110.314258569076	47.0140316762288	0.929376695596042	-0.73126211684165	1.20602656056246	1.17657310485744	21.4602935266335	-3.39996502850238	-1.37524963548128	2.88196126952334	8.24631043701918	-5.26514808441186	-7.33381206182388	25.8346208434326	-1.8140135922537	-9.62212860168924	1.23018948613405	2.3456002732295
HG03696	1	STU	Sri Lankan Tamil in the UK	SAS	87.6325899002719	19.0632682281186	109.665974847696	47.7949437157431	0.0717608602677894	-2.62597663331567	-1.20154270622161	0.891411892576384	20.3299608282761	0.671039090602498	5.1035353223235	1.67889230631019	9.1890628115078	-9.59233841001643	-17.3481965243957	24.3406363678657	-2.61827812791761	-16.9383877939795	-4.25832516378983	-0.944800414611871
HG03697	1	STU	Sri Lankan Tamil in the UK	SAS	85.7600195708728	17.6782940443536	108.431689449046	45.47793356112	2.69779260210053	-0.381787105433568	2.12393638698479	-1.42355815447307	27.6284751836662	2.22120888657797	-0.273784255252305	-2.73279399735148	5.54040785499429	-7.62886502425865	-9.97941039061671	16.6334427987567	2.62429925263535	-11.713121109445	6.78097903842292	0.359845565795286
HG03698	2	STU	Sri Lankan Tamil in the UK	SAS	86.6489079031351	18.6529452749186	105.959986462991	45.9517293417548	0.100232103477147	0.0188043096228146	1.34693290642306	-0.759547501312977	20.0771291235202	2.24305219209227	-0.58737676330247	-2.53229919818612	6.66983011155324	-2.27779938924479	-11.1238187284843	15.8150259566022	-5.24205394019686	-6.16749053791454	5.733129090211	3.88333541857565
HG03702	1	PJL	Punjabi in Lahore,Pakistan	SAS	88.7989698498387	27.4644978152961	97.9881833747581	42.1616383026699	-3.05322210818644	-0.453096897388412	2.75380228782141	-0.513083936947486	9.12603602576506	1.41067258257268	-1.73951612188609	-1.55423791069559	-0.865906154125155	1.54947861779174	3.01132734974189	8.64006054951115	1.56802666870898	7.02879892294707	2.83197042263476	2.67058228123167
HG03703	2	PJL	Punjabi in Lahore,Pakistan	SAS	89.7406448859265	31.0511104739563	94.2747096326567	40.961876808855	-5.28805442677867	1.3404365929456	-0.561112261020496	-0.0339981286339286	8.93160072954755	1.47156595773103	3.69024375886949	-2.7342865841452	-9.41670016476362	-1.01072723036728	-3.68479207063544	5.17767319005023	1.06228755066889	0.422901762972147	-2.44771954175848	-0.66489086554044
HG03705	1	PJL	Punjabi in Lahore,Pakistan	SAS	88.9733660702966	21.7506678549882	101.938871321258	41.9717503203168	-3.15616620858817	-1.50976544077007	-0.506174056634026	1.25001958654936	38.3784850787745	-6.16239800565405	12.3166565207034	-14.464932898494	-85.8801841322785	-20.6920260233111	29.0634212768595	-85.0274270688396	4.56013365583255	-4.89447971680149	0.785439444853825	-6.00243805517889
HG03706	2	PJL	Punjabi in Lahore,Pakistan	SAS	88.2329582369104	26.9211652929985	99.7261027634398	42.0172304254797	-4.83783858230113	0.0270709528720794	0.829956786446122	-1.05843083746993	42.3291589800246	-5.14165272608171	9.1357275699895	-14.6873985183817	-82.1315106714172	-16.5909493883723	21.8716556723885	-73.5763992030545	5.66427803734284	0.764365993570765	2.31106779287839	-2.16001933418394
HG03708	1	PJL	Punjabi in Lahore,Pakistan	SAS	91.1068129651697	38.8712356575786	85.0270227917656	34.4225732892039	-0.729107554686753	-1.0614995381659	-0.657344098193967	1.33305839741373	5.19106725141255	-0.46886090248827	1.80818259542654	-6.4029643056753	2.73620956513485	-5.25539337699886	-4.34898416762489	9.90525042797972	-1.13131909924262	13.0223888709442	-10.0965486943164	-9.51401415808447
HG03709	2	PJL	Punjabi in Lahore,Pakistan	SAS	89.480364926743	26.8474028972207	94.3905883952451	38.46799437858	-5.65610465558706	0.185599147504031	-2.09348060131475	-1.77410969072672	10.9574161285688	-1.99985636143265	5.14268552381895	-5.7605067814708	-7.36565216371355	-3.004201213363	2.38007070803605	2.6609236889046	0.470486703655556	5.25757505495615	-5.11472044639996	0.32824822757859
HG03711	1	STU	Sri Lankan Tamil in the UK	SAS	86.1951068254191	22.0002875060612	110.337293524569	47.4631233989987	-1.14939452310392	0.872952860582164	-0.253090136696223	-0.00057812197698822	21.906039566685	0.712837100090526	-0.733418911617673	-0.51105934256559	17.1415328756522	-6.61491559622466	-10.1517344654182	27.6970547676124	-1.74142487327344	-17.5132307451125	-1.31870792016521	3.39873261089206
HG03713	1	ITU	Indian Telugu in the UK	SAS	87.4098439092471	37.4445285792285	91.1995154834857	37.1203687086262	-3.45272176726696	-0.742495702090261	3.96676815731417	0.454978249158845	17.419600193469	2.45336536663719	3.43515166303982	0.124741787022449	2.18528945939512	0.48650379402498	-2.84265321295578	10.1284927817045	0.519065007078643	8.81953118322154	-6.01751137392661	-3.14537671079756
HG03714	2	ITU	Indian Telugu in the UK	SAS	86.8111518293708	39.2264109329938	90.5426978903185	35.9953329376056	-1.6619733524622	-0.37632056366041	-2.0638425935979	1.41091035833154	10.6323844025102	-1.87820492186023	4.60415841598034	-4.28529384210784	2.7363712324714	-1.15239068090725	2.65186362556951	8.89200239930807	-1.07965428848815	12.3407498866453	0.250153600996549	-6.36527614804822
HG03716	1	ITU	Indian Telugu in the UK	SAS	89.1130700967719	40.8071556084338	91.5322280546491	40.2276534080114	-3.73631299954814	-1.12404263843027	0.285860684738508	0.419634370513906	9.99647792939502	-1.40314574705212	2.72930989635632	1.95437934094115	8.44720954394741	-8.5507455029407	-7.95149334933478	9.78930857164339	1.38993594433141	3.25006948070907	-7.6581097997573	-6.98600732830852
HG03717	2	ITU	Indian Telugu in the UK	SAS	87.6656409631668	15.7409996113278	120.794247958186	55.0944977481408	3.51150590638008	-0.0746340505580316	-1.8176266320086	0.106552207441883	16.1374396099431	6.18913348106985	-19.036848892211	13.4751699918929	86.2777950936319	95.5536309762203	41.7355479801491	-75.0128988936993	3.81152625662337	19.632206289445	-5.11773792355669	-1.56747823361339
HG03718	1	ITU	Indian Telugu in the UK	SAS	87.8294020560888	12.5493262038705	120.819382487308	55.4008518044979	-0.593928121707231	-0.782582861459599	0.44238370339229	-1.26434828507046	21.8816671131094	7.45465936874593	-19.8420182435141	13.7863330354128	81.8290469940134	95.3954950120634	47.3817645379089	-79.6842285397094	3.00452697617292	18.9732888403372	-1.22029587431658	0.461008725916408
HG03720	1	ITU	Indian Telugu in the UK	SAS	88.5155405106102	13.284282316309	109.214796112952	47.6167761773582	-0.238920916796771	-0.565668013404091	0.437747718542133	0.665966385876236	20.1566634765157	3.16496488218056	-6.40526486428528	1.41652031177285	8.97777429089937	4.83116428662055	-3.0906907218622	10.2700874056715	0.187923936875909	-8.94853962559739	6.09773460734282	5.99432759425565
HG03722	2	ITU	Indian Telugu in the UK	SAS	86.4384801344818	12.1411247339682	116.637776534915	50.9453168786765	-1.09304691727977	0.592766006931154	-1.19380697875597	-1.60248114910188	19.3903186826979	2.28737921024109	3.02302658975469	2.10411376613207	8.04407709996387	11.062321658128	2.92328180030387	5.04599960163503	-2.96006833065475	-9.56604223543559	12.4581959237236	-0.351968426535384
HG03727	1	ITU	Indian Telugu in the UK	SAS	86.5631694387741	24.7078106277051	106.627060905102	45.7032384548588	6.36420207041003	0.514846114785635	3.12837287030263	0.050901336219261	16.8364656178207	0.360121355364315	2.34718173810995	0.617029386012064	8.05498601768398	-6.00267233333048	-9.12402295784351	12.6148415472695	-0.220775381420033	1.85594707113823	-2.31031011253072	-3.14621697587801
HG03729	1	ITU	Indian Telugu in the UK	SAS	88.4867053419573	24.4007567312998	111.740742993326	47.730941347787	3.43091791161754	0.620542847385867	1.13294171476863	-0.118492205561113	19.3818557436427	0.778548854871438	0.75574070088052	2.35760597667862	19.918384981338	-4.57873057361267	-1.67491325325471	14.8030186878795	0.990491123800446	-0.469381502938186	2.22821959474147	-0.514638330326784
HG03730	2	ITU	Indian Telugu in the UK	SAS	85.1937681474812	0.260808271737512	117.679212045148	54.1788914062011	-0.174929512369726	-2.91437173336119	1.76460111031716	0.90846873161346	25.6366188109869	0.831839632866902	-2.85378691908763	5.13461273111128	-2.196753020313	7.09731373453277	-0.772300964503444	6.16975743484785	-5.77295152564363	-22.2972999492098	10.0357502459157	8.77966713401556
HG03731	2	ITU	Indian Telugu in the UK	SAS	86.2389101552591	26.7630962099731	107.889801616248	44.8863329703012	2.5943726690195	-1.54550783906831	0.0289378548011499	0.632935378515344	16.6736517422474	-3.33286358252982	3.05549179578708	3.04105061444159	18.0581244839682	-7.45813081478996	-6.88205031020993	20.6260648666053	5.8995380618863	-2.39693882830245	-7.30671433228949	-1.10745078687022
HG03733	2	STU	Sri Lankan Tamil in the UK	SAS	85.5990869982114	16.446166493169	113.597468609223	49.3520222306019	2.31840395828411	0.178201724147996	3.07463721387564	-0.967687030624816	28.8809801763618	-2.88666769835237	1.75466339674776	-0.766524302234653	9.09152579415135	-5.60285804011394	-9.68147228140829	25.9561042366121	-4.37895240194406	-22.709802080138	20.9928688375896	9.01409007488742
HG03736	2	STU	Sri Lankan Tamil in the UK	SAS	86.8799182519525	15.6748280521535	108.545979587165	47.0029326188908	2.40199266134422	1.99562874082061	2.98717420053384	0.0385228846511354	21.7649414767022	-0.546919892275837	3.15757783700106	0.555317568757259	6.73927521476985	-2.61590987395188	-8.34163204493293	15.9419895494874	-3.54034065487481	-10.9106131686193	2.60460584447013	1.85115193240352
HG03738	1	STU	Sri Lankan Tamil in the UK	SAS	86.8203877125921	22.6727271291767	108.814132843382	47.2626333403742	-0.415634808793035	-0.308251513534317	1.4769247443177	-0.940740815488557	23.9645477951317	-2.81616428265558	4.47191906589814	2.62442398095773	5.90271106710654	-9.3658651328721	-17.2620040002614	29.601504773402	-3.39110318567825	-7.44548283976527	3.6971913371216	-4.80537081073448
HG03740	1	STU	Sri Lankan Tamil in the UK	SAS	86.2727469197028	14.4826421343013	113.723780077228	50.5222404209713	-2.11105017732937	0.288785010245392	0.710102751773135	0.86206436923199	21.644378836302	1.92932908861038	-5.6591909197857	0.635546159145572	5.27374850475754	1.68737976335351	-10.7796786991104	15.4095913576867	-2.48474792381971	-16.7007999907097	10.0844334312222	6.35884419090952
HG03741	2	STU	Sri Lankan Tamil in the UK	SAS	86.863483599814	11.5367446470655	112.090349873709	45.9597739313891	-1.11524050775656	0.209370484458369	0.947323475480996	2.85683950747942	24.0532014641594	0.836256530293175	-4.16005564328651	0.921009458469167	8.55125574913742	-1.02306805868245	-5.0751239681504	16.3401357033775	-1.50649294495671	-13.0181064369032	5.27350157096952	2.47510417723286
HG03742	1	ITU	Indian Telugu in the UK	SAS	88.6939517051149	14.923497272803	110.433366115303	46.603145541288	1.27349254592347	-0.706427566781239	0.437083884413847	-1.20656845893686	20.2576719423745	-0.948545079231253	-1.15057284135715	1.16397085209586	11.4078183758517	8.6204741388143	-1.61732647911712	5.98309037044987	1.80317635609943	-7.00952276358538	3.42669428975836	1.89171856255787
HG03743	1	STU	Sri Lankan Tamil in the UK	SAS	87.8386204027318	-5.32159638647391	119.640062023484	53.643967844358	3.00784876435637	0.764325634482326	1.49227356360854	-0.0990738549896015	30.7119418947138	2.91875540290673	-4.15915511353253	-1.32866669413772	-0.184328638825904	5.5304399555576	-5.48441373041451	4.15220439265453	-1.66426857764755	-23.8125136993158	20.0974835101155	11.6987575418016
HG03744	1	STU	Sri Lankan Tamil in the UK	SAS	87.7467204936176	12.8930668192455	108.195577058602	46.8451643540654	2.68447859780401	0.577109944673933	4.03727012665226	-0.858184702878447	21.7850472132951	2.10145397112257	2.72675099916551	5.59392962540077	7.50360270231596	-4.55432236129378	-2.29189369972604	15.3394407462786	-3.04392762887029	-12.6929645137267	6.61944752084664	3.26381795362886
HG03745	1	STU	Sri Lankan Tamil in the UK	SAS	86.6230709954811	18.9867026645266	108.103138585197	49.1533182481379	3.95752869206066	-0.583394181983251	3.37741708510013	0.802071060845004	21.033417553074	3.61872085309508	1.72606094630298	3.31472576292592	9.00175781024844	-6.5799754950587	-10.4682574692358	19.1562419053802	-1.62824846779091	-10.6808670956865	9.53179309269052	2.71191708420668
HG03746	1	STU	Sri Lankan Tamil in the UK	SAS	89.5262920171877	38.9349812790432	90.116543501886	37.738301883514	-3.76787423492282	-1.21510453265991	2.60747548147374	0.372490173476267	2.45225450037577	-2.87386638517835	6.6954856856747	-2.46553603861141	7.39146900676263	-6.98165600140569	-3.72293544286632	20.4813967486798	-0.289339001623546	7.36647200913795	-5.87212343236825	-0.0644400801112795
HG03750	1	STU	Sri Lankan Tamil in the UK	SAS	86.0466535547061	17.2745275893949	107.697830421403	46.2920205697147	3.81313516766474	-0.642050062307131	0.373752822814827	1.37478621904732	21.1496832657819	-1.36911702845204	5.76945650990761	0.793129030662187	5.51246025006581	-8.28301014196901	-10.6818566721204	20.8125465973062	-3.37117532731971	-8.83593784947834	5.92565893290751	1.04013376711003
HG03752	2	STU	Sri Lankan Tamil in the UK	SAS	86.1748050137044	21.2839168726643	106.787907552257	47.3488573676065	-0.50208986273789	2.23353434279588	3.44574383248002	-0.219148276848448	14.120813380913	-0.405321648533499	1.27798761489831	3.70945164445844	12.3003249534119	-4.94195630880905	-12.4913214074585	27.1024749513574	-3.60516966549669	-10.1521540891243	6.08049961677786	2.49575778887986
HG03753	1	STU	Sri Lankan Tamil in the UK	SAS	85.4868264168	15.9626612806824	109.100690228395	46.9685085245129	5.33593593900573	-0.478391267796566	3.73016664726441	-1.84826915953826	24.0123941337968	-1.97750051990071	1.73968276941711	0.235213370326589	2.69888089748923	-8.14870146557765	-13.9975070295996	15.5062296112182	-1.11683463436237	-9.20229957946193	5.13012490765054	3.38122980328966
HG03755	1	STU	Sri Lankan Tamil in the UK	SAS	86.699395687456	16.1590356048846	110.199815177214	47.1653292101098	3.3792078982886	-1.39184932800986	1.5327360327063	1.31153465231942	27.3548974747578	-4.98917933475705	3.00466487206941	2.482872368689	7.71007686129787	0.683896657306753	-2.57654144242849	19.8726807311532	-4.10041135435721	-0.589083940283436	3.7103845243812	1.86045109850107
HG03756	2	STU	Sri Lankan Tamil in the UK	SAS	86.5050061083729	21.5093443490285	108.431321359613	46.9514959158066	5.39009447822761	-0.638286294876215	3.88799566450012	0.194078440091272	24.1378233781957	0.474807405164777	6.51967152749782	2.95319599873414	11.2605120304796	-8.26794540316182	-5.67910175643905	19.026785026637	-4.02937043892689	-3.48650716877022	3.57992393522274	-0.687672698259283
HG03757	2	STU	Sri Lankan Tamil in the UK	SAS	87.2240536306775	2.30787052914159	118.897180938588	52.5368934183138	-1.14653572489923	-0.999862279646493	1.00743562944699	0.608991854227025	26.3175218135315	1.41375498257422	-5.71110080788587	5.55156747995853	-0.821632845012939	3.81274655129815	-7.54602934987918	11.5538879819251	0.774103220875678	-23.3127140021087	11.984583345583	6.750940634089
HG03760	2	STU	Sri Lankan Tamil in the UK	SAS	88.1278142399575	16.7729741951711	110.175005419514	45.7552513751021	3.39324077144908	-0.322782670145098	0.965083855101399	-1.04696188726456	19.5328216353333	4.13157019550632	-1.95309894396429	3.38700204994087	4.30456970637553	-4.59583865830096	-6.00378600718572	23.077595437807	-0.681549586320686	-10.1890742546266	4.50886764981218	2.17500856983432
HG03762	2	PJL	Punjabi in Lahore,Pakistan	SAS	86.9241810882043	21.3410362951543	101.372529734592	42.332312399484	0.470045711131816	-0.746441113483081	1.95613743410635	-0.479405568229762	15.4038940692866	-0.0713159823775441	0.360473720066455	-2.41254185384346	0.847771927749938	-8.30273957019255	-3.9996005027411	6.98985673984025	-2.0943817935112	-5.93326568618805	5.15584841694743	1.9535121153489
HG03765	2	PJL	Punjabi in Lahore,Pakistan	SAS	89.5138379577428	48.5918302867598	79.9514015191734	26.7933217165059	-1.06303682039886	-0.837715451310213	-1.27567154020747	0.271227487050116	-4.55936997969346	-1.74249340157389	7.66529933272955	-2.20208228747082	6.99902644454534	-11.4418511849052	1.60323118669686	11.4932269478293	5.05544710589595	24.6152934263187	-12.5480496353454	-9.27141984271823
HG03767	1	PJL	Punjabi in Lahore,Pakistan	SAS	89.4955157630771	69.9383277302807	65.2830704517305	20.5881099226536	4.35502698836882	0.419375246392036	3.72092241665253	-3.0655533445674	-6.21133175944265	-6.99755006393004	12.2462000466487	-8.80775592002946	13.7681973737989	-26.7832665435973	1.53647534146001	14.0103104005171	4.4556427227209	42.5452911160252	-29.4967549038291	-19.6059757728024
HG03770	2	ITU	Indian Telugu in the UK	SAS	85.832114723418	4.36112661087582	107.842210521717	43.6863850639066	0.942526360241222	0.894970270850129	1.01226337333176	0.206243510585614	20.9638061907551	-1.30498834692373	-1.94118701163827	1.80386248708273	5.4628793060622	7.28025880204488	-8.63751976016301	8.39514820053789	-4.98988132253054	-9.44113412783257	13.1099166037589	5.24348012429347
HG03771	1	ITU	Indian Telugu in the UK	SAS	87.9261273401982	7.53284749994036	108.878470098041	46.3109214167929	3.24770873567163	-0.917297352411377	-1.50287126473584	-1.75881704427946	19.2123386987359	-0.148190837883795	-2.01399923999824	0.470819239518708	1.72225321475505	6.13287824875104	-1.75671253848404	0.720904683292756	-2.80023689719911	-14.2613939085875	7.56990188426595	4.09260030393448
HG03772	2	ITU	Indian Telugu in the UK	SAS	87.9205791755176	13.9009088104312	126.504056446137	57.0780944735423	3.05450195516438	-1.04111281455515	-0.195372052606278	-0.416044931797033	19.0226773783672	6.82477951563802	-18.5362101273845	14.9338123921852	92.481744147288	97.9459510457059	45.9449050024254	-79.4112203103596	6.66888756844312	13.1792337083568	-3.07617864561793	-3.83784770392892
HG03773	1	ITU	Indian Telugu in the UK	SAS	88.9599838382709	14.7853008534261	123.793198659559	55.4201642101509	1.9108839641392	-0.107133437395206	-0.38009237078652	1.13666078734079	14.5020994175529	8.14219163432786	-16.6883171597777	17.094368602557	92.5675327504377	105.581787762862	47.4722864161083	-87.8767700474907	6.54595360876126	15.9514225414995	-1.86309548980872	-2.15635796761861
HG03774	2	ITU	Indian Telugu in the UK	SAS	86.2451019681087	25.2267671872596	108.971136374026	46.280380536745	3.88978050505104	0.820598968886017	3.37367015601844	-1.60782351023074	21.6493037360317	-1.86771857773735	0.00697889871488356	5.44858700548	10.3226695073037	-10.3333418680434	-2.59854526987655	21.7162013158066	1.7346603806848	0.938564037802061	-3.07300918044411	5.36058463446878
HG03775	1	ITU	Indian Telugu in the UK	SAS	87.0503187021955	23.219133163559	109.531749876416	45.1253065445195	4.77407865672976	1.29839696292546	2.56331417030445	-0.373726509489946	13.7312989684065	-0.164633639576724	3.1849396897275	3.10432933407249	3.80837328162617	-12.7708804792802	-2.81148975278069	16.7642748258931	-0.189321241586958	-0.168063357096078	-2.56869695470693	1.88074831358114
HG03777	1	ITU	Indian Telugu in the UK	SAS	86.4817256315742	26.6211968122413	107.252211880215	45.9192813309679	0.329346695815913	-1.52357450215104	1.83035608214527	0.0158258056384306	14.667599385092	-1.02073503026218	-1.03451194655445	5.1187495611333	12.4764853197275	-18.899462839312	-14.522469392391	21.0933280354907	-0.522318717095975	-2.24067277420297	-1.1638401713732	2.11393942986977
HG03778	1	ITU	Indian Telugu in the UK	SAS	88.0118624620597	15.3516138772798	108.222063283721	48.91211069201	0.213225046378518	-0.913720235448927	3.27267990992495	1.07134408630156	17.8289320311899	-1.43833253218221	1.03607613893071	1.09847315187855	12.3491055078308	10.4468584779388	-2.24045757819746	4.68849511185269	1.27343326069528	-5.6067114202461	2.75598098022233	2.79362936829601
HG03779	1	ITU	Indian Telugu in the UK	SAS	86.3995092168073	19.3878215069657	104.73535814947	44.9389251016361	-0.595358827265398	-0.529809159432331	1.10660444749436	-0.0610694168118123	13.5566455734546	-1.46610082907898	-1.42100275094507	0.535101339165721	2.57154652393429	1.20695629583067	-0.626861804098149	5.51837609130239	-0.74949991729263	-6.20057579375618	-1.91856841815129	-3.22998477090469
HG03780	2	ITU	Indian Telugu in the UK	SAS	86.5656761896844	25.6554032414437	109.053751225792	44.9741815228636	3.39539776011679	-2.7931600516555	1.25458767432515	1.50160121227873	15.4230414135361	0.65975553837187	0.967770420332545	4.19463290310554	12.5235650262511	-10.9887766959388	-9.31607805779328	21.6271786018057	1.9877276648948	-0.602380509308001	0.151773019547048	-3.59224308457546
HG03781	2	ITU	Indian Telugu in the UK	SAS	88.3080417808681	18.9767454168397	104.620160777724	42.7181651284027	-1.41596269464919	1.10544721220695	0.411075496173867	0.92595149301352	12.9970680644188	1.55603260841554	-0.93307783416543	-1.35153493295771	3.38827895954717	5.70169552390017	-0.576694703867146	6.28765553949713	-2.04499851478045	-3.90808178391891	9.7392329999794	-0.732767469074091
HG03782	2	ITU	Indian Telugu in the UK	SAS	85.2307957381217	28.2308742747217	107.961742461935	45.5021270678345	3.20201059695841	-1.09659658472872	2.90242108865806	2.36885415496765	19.7107277160869	-1.16462426353703	1.98573405459801	6.66215434773512	13.8060819029957	-6.01443256288879	-3.94384447422771	20.986625290821	4.25260951685308	-0.923539061821828	-7.88710794085281	-0.404214298357754
HG03784	2	ITU	Indian Telugu in the UK	SAS	89.8282697462456	15.1429006711391	121.911697864528	54.796562297377	0.807451241119224	-0.79050424546836	-1.16316999962197	-1.76044556118464	17.2050214181656	7.67880415271068	-18.7802535105581	8.07432093127727	90.2039907993404	97.145784556497	48.5766449904966	-77.86887333129	7.07206583472288	12.8953767602887	-5.33242425421694	-1.01387852302511
HG03785	1	ITU	Indian Telugu in the UK	SAS	88.038320131365	12.6098912643512	124.160515505607	55.8206099369081	-0.387191219285754	-0.941337854318086	-0.282703520000094	0.176443324262278	14.603074815761	7.89650824834961	-20.8419641409473	14.1858351464486	86.0126783450171	93.9543311392929	42.1914419241773	-74.2961318133704	5.27357605406264	14.3482782110532	-0.178549969933018	-5.50884051784505
HG03786	1	ITU	Indian Telugu in the UK	SAS	87.6000800099012	15.8474158423343	124.193211126893	55.6865727735193	3.22167963219339	-1.52194277386748	2.41796222430721	-2.41047352697114	16.6122279314169	8.84159554782351	-18.7635921915909	14.1815279102181	89.2111987612164	93.0931697593799	49.7523233611924	-74.1183856352334	9.7176160098574	19.766453136649	-4.4288822121373	0.215365989925236
HG03787	2	ITU	Indian Telugu in the UK	SAS	87.0377711089144	10.8920713923437	115.030949441843	51.2561212999668	0.451408857792792	-0.625487484777868	-0.965020356027555	-0.0391405175543278	23.6807723535979	1.9122374469921	-5.71436279557941	4.8580153753713	3.4928323276831	8.15990443731915	-5.45879310185607	3.04260286307498	-2.26909927678392	-6.34772967971741	8.88532480462142	1.70518389342127
HG03788	1	ITU	Indian Telugu in the UK	SAS	87.8002262414634	25.8027156932664	103.248231146628	43.8899229006581	0.378383216201281	0.0563328653067206	-1.17767379610974	-0.152272640430534	15.3496364913927	-1.85515433574586	-0.750365021135082	0.861730828707331	8.21384034907153	-3.71479817565338	-2.09642432506559	14.4812546568776	-2.95180512714369	0.113601976510688	-1.16889130381175	-0.906590516873209
HG03789	2	ITU	Indian Telugu in the UK	SAS	89.3030987092502	35.1799856004005	96.2821349490257	41.0559501512389	-1.56044037014177	-1.32451463511034	-0.31303201462811	-0.164959963165109	3.70073403567275	2.4451679909221	3.27701382200796	-0.499047231523231	5.23329183315842	0.754627568223352	-6.27497902660374	10.1465350055078	-0.947563041795379	3.27626574146896	0.447251336994204	-2.78352024733463
HG03790	1	ITU	Indian Telugu in the UK	SAS	86.679443320067	27.4810102767161	108.943435232388	46.8203755750857	1.34811841165367	-0.102297716322415	2.38843144041084	1.10172417341027	17.6965220202091	1.43713298394414	2.80792774472273	-0.337179654543763	18.1784080905132	-7.73049728632767	-7.36517330876429	21.4996488216883	1.93344962590181	1.83924290786009	3.50213580712126	-1.76413433419115
HG03792	1	ITU	Indian Telugu in the UK	SAS	87.6246438735553	24.2895015863299	106.129157790293	45.2596365050025	6.24772267680189	1.12199087822072	3.11231010227017	2.22304031942371	18.8869663404813	0.75178024814569	1.94803403398992	-0.537117105869421	11.9622747328109	-8.61171281956462	-7.32575310850334	24.0184672955894	-4.75140659315503	7.99662449333411	-0.126789793081556	-2.12588843564039
HG03793	2	BEB	Bengali in Bangladesh	SAS	91.7836795326452	6.34991283109935	97.5814159504354	44.4969900085958	-3.20417621462656	-1.22738987228426	1.04239103304077	-0.930463889914358	9.98301553241704	-0.475068083802703	-2.07482939467458	3.45715421387682	-2.77524412006249	5.80233165874871	-0.228953349070997	5.99305948807963	-0.775884920091761	-4.1266040941898	2.98194902251715	1.49436778505151
HG03796	2	BEB	Bengali in Bangladesh	SAS	92.570392267071	-14.1309385935378	85.500321358594	31.2968503211432	-1.86947633456354	-0.216423605560705	-5.19685466062095	-0.422837533334576	6.42447002887865	-0.0750155842476101	3.2373323946742	-1.12710929206632	-3.48770418724255	2.05861122485732	3.83283213260777	8.96017008974193	-0.430431653577543	-0.504324725848989	5.77416430392064	1.28480196931609
HG03800	1	BEB	Bengali in Bangladesh	SAS	90.8878007774254	-16.441693485831	94.0584272156512	37.7746078332117	1.24140694068603	-1.35638825014844	-5.9927243533502	0.842081462246892	11.9894683702001	-0.627247161166992	-3.72528107998619	0.643190731778314	-0.0754234750198803	3.56999278227872	-7.71687680931918	12.3435184348683	-1.87124829948231	-9.09133602663954	6.74759513503555	4.73540226485458
HG03802	2	BEB	Bengali in Bangladesh	SAS	90.9943642663922	3.01142174475637	97.9091076498363	37.6857779786952	-2.37305303921056	1.13611521756778	-4.56016974200941	-0.589418689704082	13.8490785839999	0.809602554855465	2.2839940336821	-2.15884960900816	-6.96082243083594	5.6259978728262	1.29637845500448	2.32568757418025	-0.45019714083147	-0.959861482736521	1.65600872503389	-1.04849660305251
HG03803	1	BEB	Bengali in Bangladesh	SAS	91.9540899058905	4.75025083043553	89.728169457716	34.8974835162987	-2.16965845744289	1.5804406208059	0.522493566573954	-0.996990265636229	5.08112568200344	1.26939528715527	-5.03203005191923	1.6031112405451	-7.36909295425032	2.36967367124558	5.8522347833837	5.82548309799414	-1.99975069772884	-3.28286388133428	6.03755688442963	5.27744433942239
HG03805	2	BEB	Bengali in Bangladesh	SAS	90.3849270909232	3.98401562201587	88.2608373169594	37.4897548977065	-3.21273529961518	1.2322110761816	-2.59840692591469	-0.524865011802441	10.3439998048764	-2.46507407490619	1.20690159205948	-1.89163928832755	-3.10133594177657	5.21024209589024	0.410982533495992	6.58739199715237	-5.03527071545182	-0.670739305073109	7.13539022477995	3.61902689603616
HG03808	2	BEB	Bengali in Bangladesh	SAS	93.1427273845369	-2.02084354133885	87.5077613293682	33.6126388333745	-0.831082867748866	-0.0656550803175615	-2.22783268739639	-1.59107116365369	12.1748751795782	-0.932756343232631	-2.59187337020092	-1.9837613135104	1.71997049457849	2.99571832950416	1.0115702156624	7.63932095467932	-1.29123293643603	-3.63258268622471	6.0079312687638	-0.87798251396299
HG03809	1	BEB	Bengali in Bangladesh	SAS	92.5201578277312	2.1609552653073	90.4339324806467	38.8739866471821	0.698629660093336	0.755194883449653	-4.70411156223047	-0.498586037917006	11.714583835968	-0.785273795645312	2.10732955117091	-1.48828943586898	-1.99701345907479	3.71270312626119	2.10818076517524	0.297360485431118	-2.6977202390302	-3.62811199085025	2.32657493519302	-0.402160305763604
HG03812	1	BEB	Bengali in Bangladesh	SAS	92.7041350850588	-0.364373725004111	89.9485061231308	33.0997681546727	1.61593972340909	-0.727417305340281	-3.53942644282932	0.141042001777364	5.72249538938696	0.048688093828611	0.0502621295036256	2.84988193000291	-3.48034793199058	3.60549523015796	-4.56652984831244	9.53406486900815	-4.93685931276029	-9.8610528283875	5.83623628368246	6.16022907958094
HG03814	2	BEB	Bengali in Bangladesh	SAS	93.4049348832812	-6.30619208890148	87.523791840143	33.1051986218679	-3.93041723996988	1.47015031710572	-4.66585414975243	1.06455322038349	8.03616435468353	0.120318455713192	0.474402121475736	-2.96649571601713	0.0412598864041538	2.2183743218249	0.932654434777982	4.12224402946716	-2.51426025540875	-10.2232791881937	1.76031159335308	3.39248503506967
HG03815	1	BEB	Bengali in Bangladesh	SAS	92.094184863713	-3.26412378630879	86.7973972822194	35.2563797807127	-0.71005512524951	-1.73333733061216	-4.14114261720334	0.206922554570468	6.6666614114426	0.360746784693936	0.164277024674013	1.13582672876165	-6.68554948568011	8.3933567309339	-0.40777499848027	5.12970753471474	-3.97153608125247	-3.06592684433951	3.66630423278026	2.07859864196033
HG03817	2	BEB	Bengali in Bangladesh	SAS	93.21431030313	3.10980564921115	92.3132944438404	34.8502489929258	-2.91248855216073	-1.28038164097715	-3.14510491000586	2.65303209086325	11.0763140953786	-1.95324501530398	1.78998380270792	2.08617522672348	-6.18411264371754	3.32235364240973	5.88546743537916	-3.66300672245305	-1.69568922510783	-8.62742607544836	3.72841050901082	5.31602780087111
HG03821	1	BEB	Bengali in Bangladesh	SAS	88.8519116484325	3.6429848716172	91.8744804938488	37.7232178930793	-2.90394369955894	-2.21057231066821	-0.436582455040491	-0.182680816267219	7.73269658289924	-0.75666985774479	-0.328424422130076	-3.64532115608121	1.02692825707116	8.1263200139037	-4.02919348925364	0.0760522051537663	-6.67312632598582	-8.40703158319771	1.38213071400052	0.889652954905029
HG03823	2	BEB	Bengali in Bangladesh	SAS	92.3687253402715	2.02830753489457	92.7851279320086	39.6802242276017	-2.16788226919151	0.66603509930892	-4.47704359940453	0.272758892541595	11.203638522086	-0.679932682062607	-0.483391068970823	-0.907388464337714	8.20598313168189	6.57349127793654	0.199795315822486	3.53171693538766	-0.752675702794151	0.458422671835734	0.645620318041257	2.38595178368597
HG03824	1	BEB	Bengali in Bangladesh	SAS	90.9856649528619	-4.47984477197346	86.4431113776859	34.0939323480208	-4.29390313746521	0.0641631894101391	-3.51272194767803	0.439969853004957	6.78743974398814	1.06237088704388	1.75304383386221	0.668659022523266	-2.04967854625807	8.37738633442499	-4.42195825001948	7.63259462267522	-1.64865297831736	-6.84297725738375	3.50205531614546	1.86954861364413
HG03826	2	BEB	Bengali in Bangladesh	SAS	90.9571399832369	3.18707552493388	90.4777729733225	35.4921008763275	-1.9927774960154	-1.72071914996636	-0.780536936864251	-0.894807647436977	4.62205169942163	1.15590994845906	-1.55618982359892	3.30360733625553	-1.67428965061707	7.78150573050798	4.27193773496539	3.4624989264953	0.749823329024055	0.475201041262106	3.6237872776829	6.63452155003807
HG03829	2	BEB	Bengali in Bangladesh	SAS	92.3972750312115	-3.78828100050675	90.2540193179763	34.6155888398926	1.15268016207538	-1.87066370381932	-3.03738716513581	-1.21968385636116	9.95769504288053	0.156987751329993	0.582193314378955	1.59643689901962	-3.90885704286946	6.6421167371111	1.48896263942328	-3.09531901716994	-0.135560702482356	-6.35902704307406	6.55321904481118	5.3496138387598
HG03830	1	BEB	Bengali in Bangladesh	SAS	93.6589850227947	-5.06139191193083	88.3701533441947	34.2764779030214	-3.48306770313669	0.957994784709853	-1.2439149504968	-0.330327056882547	6.53539799063495	0.096546242839461	-3.37965961282452	-0.0590557016834855	-4.39530794725773	2.67797358501418	1.77735434639654	2.90283508945292	-1.93858787284488	-9.30799948919796	7.1066782728602	-3.56315165943056
HG03832	2	BEB	Bengali in Bangladesh	SAS	89.319947825663	-0.128472788574381	93.8743852183547	37.4611406312401	-5.36907001156393	1.63780766479556	0.178072530640053	0.694197902683245	8.60354910946428	-2.76284123867349	2.17532032630299	-3.07201369523541	-5.42149305322577	8.38589916645441	0.624529017937373	8.47456263084574	1.15267211390983	-9.37698826487587	2.44369572888176	3.96454865212748
HG03833	1	BEB	Bengali in Bangladesh	SAS	92.4617725669661	0.683113571636739	89.7503562009043	35.3563321710008	-1.56264367004518	-1.197341654599	-3.18534452709859	-0.758931061411781	5.57518403757417	-0.832500485647291	-3.00514762672474	1.86167993097028	-3.19874939954387	2.15246837973121	1.04606199129512	3.9575369599253	-0.039005467101764	-1.31369274247137	0.972627589064588	0.52167045982199
HG03836	2	STU	Sri Lankan Tamil in the UK	SAS	86.1641608227644	21.547400883012	109.17903437529	46.4289872021068	3.86086434016658	0.0421878611923515	2.4453868458712	-0.66578209639831	27.2601640166567	-3.08109800612034	0.651083708287529	5.71202856772054	16.0250299497661	-8.33590291713555	-7.72769157198819	31.7596566952047	-1.92584270534651	-6.71066435759445	3.06350419856989	1.28482924117333
HG03837	1	STU	Sri Lankan Tamil in the UK	SAS	86.0801146422616	20.5761968192937	109.523404361339	48.891631151802	3.57027023875409	-1.70621184486501	2.05034562649223	-0.772339195266684	23.9093284292692	-1.63479578537853	3.588644964276	-1.60110007368975	5.73827114215513	-12.7833816785542	-20.3180999735229	31.0183032764463	0.923213705891101	-12.6546544392764	4.97076517050032	0.471469198446816
HG03838	2	STU	Sri Lankan Tamil in the UK	SAS	87.8950178731185	12.6099190363671	109.080564133714	45.0367017684477	1.01112959780392	-1.7049736312396	-0.589636649430985	0.766068638046581	20.4185013235627	2.12968026812918	-0.770460849106118	3.53405013746095	6.63184413033186	-6.04727807974271	-3.70674267549742	12.0176264615513	-4.63593552984527	-11.636052823747	6.88947627536142	4.22961918172563
HG03844	1	STU	Sri Lankan Tamil in the UK	SAS	86.795224702727	12.7861919277474	107.398226842851	44.0560634525604	0.345551280300739	-0.775003420116261	3.30420326009396	-1.04269415254932	23.4323106705119	1.12109046088925	-4.04218958297093	3.50894110690878	-2.23251032572901	-7.13758671125037	-10.5337739265562	21.4459251166793	-3.05092239520753	-17.1643422248499	4.80460730253294	5.07570029033204
HG03846	1	STU	Sri Lankan Tamil in the UK	SAS	85.8510399812568	11.7669341103858	113.9634434316	49.1875889832569	1.35682854465913	-1.34946864472069	-0.134329736925444	0.812245294542498	25.5273438314283	2.67208332008072	2.9814851012814	1.28211253299951	4.73389852910924	-3.6138223125244	-8.9249905118969	20.4047172639597	-4.2338675400807	-12.6807441880609	5.56274763843737	4.38357484574213
HG03848	1	STU	Sri Lankan Tamil in the UK	SAS	85.8285607199551	17.2110202501015	108.172550907872	49.9003743139304	4.29619560439366	-2.38776414009481	0.901571662889558	-1.29315059556275	17.6636675106405	-2.77328534990385	3.01763261580588	2.04905027701405	10.4362870973644	-3.6196555836207	-13.4582003499678	18.7169437512762	-1.36290022106274	-14.896426028457	8.18241769633064	2.81454626802063
HG03849	2	STU	Sri Lankan Tamil in the UK	SAS	86.6352464261332	15.7171791413769	110.893346813955	48.5656101287531	0.961475723055747	-0.352385527084851	1.4102121379464	-0.0299165051541608	18.5606391339635	-0.690629593090007	-2.60668262186688	2.38102085889076	3.19898611466368	0.520283971786119	-2.20613359911829	22.9083970116933	-4.13857890905213	-9.85770203507262	4.6598332366838	1.20042418017452
HG03850	1	STU	Sri Lankan Tamil in the UK	SAS	86.6344469938189	18.1289027857142	109.24641023281	46.0835659878444	4.22476903394917	1.43417642600597	0.46601551058551	-2.39587023323145	28.8261929499355	1.0986744294318	2.24892482183922	1.34406442783603	13.7449882635361	-3.00567706398149	-8.63417109480864	16.4067199952321	-0.259172593202607	-11.0699075488088	8.25984814322448	6.42225473452957
HG03851	1	STU	Sri Lankan Tamil in the UK	SAS	85.8359100882337	18.9196242504697	109.27055447835	45.7792053264704	4.14420422911244	-1.01390820369454	2.19241914203979	0.0822227067733302	17.1490369887889	-1.64270251919536	-2.86436937252496	-0.140282374941655	4.80277476892312	-7.02792896881703	-8.64059477496987	26.6518900058447	-5.43307793049974	-8.61958167243402	7.65950743624126	-2.78308242695734
HG03854	1	STU	Sri Lankan Tamil in the UK	SAS	87.8898702235928	19.2075186281994	107.839464833396	48.3437494950564	1.36033721623644	0.021069318971911	2.30025578229472	-1.20825200813438	26.0141619163209	1.14151011640106	-0.354130894352504	2.24701029167837	8.37176323331268	-5.89561801620402	-11.7821408305284	26.3434389155706	0.561110961008596	-15.594162742282	7.96098866299508	5.05779009952211
HG03856	1	STU	Sri Lankan Tamil in the UK	SAS	88.5886065209958	-6.81548065248822	120.900334027125	53.4816603537759	-3.03038587987605	-1.02141614563027	-0.0705730550856394	0.87406393031863	33.6149557334153	0.485613567166887	-6.650559894387	5.77008727896014	-4.53750830457416	3.50841403172958	-3.9853930065169	7.06681966782837	1.20128333475445	-26.4185951066779	14.2833644417936	7.45098538322132
HG03857	2	STU	Sri Lankan Tamil in the UK	SAS	89.3538645679494	15.8138622649323	107.600008827245	44.9899340104827	0.173575193459799	-1.80116540345737	2.67592618988574	-2.43490086698713	18.3958073616426	1.25075354428745	-0.313282607484365	1.41429554533574	6.10228500401477	-4.21185754151453	-2.14527511025493	10.1487977289409	-2.81970660197802	-8.01381004834304	6.21342589496144	4.35584279401115
HG03858	2	STU	Sri Lankan Tamil in the UK	SAS	84.7934922346495	8.41555886832514	111.157947564915	47.3446438366051	2.73778573741609	-1.28165898515453	3.85278894958132	-1.7719277340688	23.3641720405424	1.04753470317355	3.67501433488952	2.26962376422544	0.995280729103423	-7.53144582106413	-3.38180233492399	17.4681809218464	0.616330696896775	-18.3809243608229	14.912656413883	6.39853512762075
HG03861	2	ITU	Indian Telugu in the UK	SAS	87.8242479871788	15.1849425407986	121.163389157641	57.593054851363	2.15497295976947	-1.01783543571146	-1.13129353855204	-0.596014124330803	19.6673900609844	8.80038754958503	-23.9188536249793	18.5026639301944	93.7194612520734	96.0402387305835	46.4227497804959	-78.0933594098224	10.3324334233309	14.7439458016288	-5.7158913480717	-0.67118733714056
HG03862	2	ITU	Indian Telugu in the UK	SAS	86.8594986344956	27.3370737020334	106.212522224489	46.993977825228	2.10150112572782	2.80127148928688	2.39791019503743	0.874956335494463	15.9608456246321	-1.32274964298819	2.92067221870733	2.14766455288455	24.2561368557812	-11.5706023370811	-5.36256840477443	22.1727473240555	4.92919965781592	1.76933442268611	-2.47282326123247	2.56462488310471
HG03863	2	ITU	Indian Telugu in the UK	SAS	86.6845669931837	25.1795979639921	109.866317258208	46.0293985285873	2.54017418708232	-1.66462674418362	2.16203588302974	-0.209427053113517	18.5759222551818	-3.35217382984667	6.56743552052654	-1.7215446771269	12.9840915297586	-6.32069862632626	-3.37886901952034	13.7942617483326	-2.30154289369206	11.1041112236135	1.42783741736213	-2.23516275165715
HG03864	1	ITU	Indian Telugu in the UK	SAS	86.7391410657988	25.9597827912363	108.126963717012	46.3499730864924	2.8698003978899	-0.626750083260906	3.06450197768387	-0.00971007822284713	15.2749546063079	-1.96654092100578	4.14941328818635	0.12416555174976	19.7229693189479	-14.3437259619469	-5.54068833055685	25.6973203277265	2.13417869947144	2.35745573691658	-3.72952858718215	-0.346531818422548
HG03866	1	ITU	Indian Telugu in the UK	SAS	86.1187996126344	20.3801893322887	107.909728896244	47.1182587410937	2.31973516110789	-1.65390397569932	2.93773723107675	0.921239228365642	21.3508616806013	-1.13315424042488	-1.16025439948648	0.630195739072636	6.81064565284253	-8.09258759251052	-10.2776804076337	19.5188886107994	-0.745574314459695	-13.4480533789465	-0.323487193895895	-2.5924148636054
HG03867	1	ITU	Indian Telugu in the UK	SAS	87.0202745113185	1.34297030878985	113.027918242713	50.8489636312956	1.1360833120328	-1.1654268145757	-0.910695754144415	1.14408072837955	26.9607810858713	1.72950140930861	-1.96075017143748	2.77185095574352	-5.99080470675321	4.30228487472889	-8.6031340935101	2.54525797840351	-4.36985247204972	-20.9508883617309	14.8534788525876	9.30822659096364
HG03868	2	ITU	Indian Telugu in the UK	SAS	88.5369470958751	27.234210702752	106.856579847104	44.1650696930443	6.40772919458278	-0.0962320003904322	1.48544467776147	-0.392425526694079	14.7000722518861	-1.33312526707897	3.84945336650402	-2.22862018240657	8.15322557606637	-13.0483838230122	-6.15768906279177	20.0831411735839	-1.42738605335999	1.06566269482434	-4.9967424814374	-4.5396306519198
HG03869	1	ITU	Indian Telugu in the UK	SAS	87.5033796793659	23.0019256632254	106.302215716764	46.0326088690094	4.60114356509963	0.713188872058984	2.42982189160982	-0.932403184023776	17.1358568773239	0.0746941662266798	6.08766155134571	2.57178683937639	15.225553910952	-6.43455849540908	-6.02386945817293	20.485821146831	1.24745722013575	-2.05950270213411	-3.52624773419192	-2.64847513869802
HG03870	1	ITU	Indian Telugu in the UK	SAS	87.5315652622724	24.4786288467851	108.41167019227	49.9298815654685	6.70064321431924	0.822724967936437	-0.248787788741178	0.0334535117946071	19.2717348620812	-1.03354668806658	2.03981276795144	0.373282665396677	15.2851362587525	-5.35857498828575	-4.80652939141946	15.0352434912563	0.586617356764896	0.731947173333424	0.205055430299217	3.19709342127953
HG03871	1	ITU	Indian Telugu in the UK	SAS	85.9980354137516	23.5912115349943	109.286921580076	47.4135958831873	3.81840443284192	-1.25791022118319	4.26427254551657	0.177249060821219	17.7681163805663	0.901460915247602	-4.34865832990129	6.38516157912695	21.0828680395911	-3.11100540605947	-2.95419690510111	12.5754311677712	-0.453502211604004	1.90035973033167	-1.5041263678385	-0.20634298577615
HG03872	1	ITU	Indian Telugu in the UK	SAS	86.351484171394	21.8898194139724	108.8222574764	47.4784603751844	3.43454701243913	1.10242072041034	1.36398813141766	-2.85746086359751	14.0519989151792	-0.809475447056025	3.56485464720299	0.323605747589506	9.06776366753876	-9.77096969748168	-5.07700193394682	22.8619081027046	-0.562077343203796	-10.3699431031395	-3.93265327286956	-1.58830355804182
HG03873	2	ITU	Indian Telugu in the UK	SAS	86.9176254912757	17.87960370627	113.064185164869	49.0811349536991	-0.128055284332075	-0.47739471811916	0.831666238396296	0.426515483989782	22.8664345258637	1.96179614497543	-0.985038250788708	-2.76789134448065	4.11661690987789	-2.78472204133669	-11.1564226369496	17.2925252982318	-3.16668014958335	-4.04459305765469	4.03168093764036	2.67044307666025
HG03874	2	ITU	Indian Telugu in the UK	SAS	87.1717709914527	17.1224824212958	103.224693668455	41.4147968832984	0.774544473175733	-0.555398692870953	3.16198254423717	-1.39728982780219	14.4714968801451	2.21932407665395	0.936945383551404	4.32875978770581	4.76138545744374	-0.635101250073583	-3.96954708040687	11.5780216233081	2.03778697096766	-3.92186194331483	3.19967656445449	0.487236506724131
HG03875	1	ITU	Indian Telugu in the UK	SAS	88.3064727952041	40.23519169954	89.7867207806853	35.6176769211822	-0.2292107943231	1.58815747466711	-1.52036206753786	-2.14685344746533	8.18800958300475	-1.59632446395794	8.10284730361704	-0.128094736693027	2.93579465593606	-10.0922853027015	-4.28547162319021	13.0133121773378	2.86412505080351	11.6143117780746	-12.8352424000442	-6.0471696291205
HG03882	2	ITU	Indian Telugu in the UK	SAS	86.0387123648472	26.7709040066693	108.710471619978	47.5964139185387	1.46017979474399	-0.363508406506624	3.16348138163477	-0.00727905141503997	21.2309524272403	0.472919269150162	-1.28299602258981	6.31500230567716	7.31921144272018	-9.51091148194519	-8.20616498981227	19.8296394258042	0.304727043366496	2.96080712772471	-8.54984865095092	-0.0634972320922556
HG03884	2	STU	Sri Lankan Tamil in the UK	SAS	86.8796225589622	19.1080854546699	111.650923399997	46.9649463944682	-0.205048390874065	-0.722364577673783	3.16403794049233	-1.16736656174763	20.8586903587525	-1.43000509443636	3.40753248953935	2.25571940508215	11.4493011713439	-9.70897853688684	-14.0492104503034	34.6383412626862	-5.23272668816337	-12.3126854555204	1.52370027285651	3.83079544228683
HG03885	1	STU	Sri Lankan Tamil in the UK	SAS	85.9737343778006	19.6916690340433	109.569675580798	46.8983243415528	-0.211993092222576	0.218728605507616	-1.68120718188967	0.149507891965122	21.7350830657573	-0.761959828630297	1.72507966736518	2.49518520130958	8.44400267124865	-6.54268027591075	-12.3732824717724	24.8492593245477	-3.43413601772075	-17.9757055174864	7.07319015030957	0.716826923189532
HG03886	2	STU	Sri Lankan Tamil in the UK	SAS	86.8963093400479	18.8660426076213	113.715945752769	48.5018650343854	3.54545718770175	-0.274968050442875	0.808639979136757	-0.00645090308924701	27.0624244790751	-0.375476269035833	4.15839403679942	0.919560351881582	11.276410980664	0.376824479207538	-13.4111361740671	21.3842705632938	-1.64713927840925	-9.50448560985975	0.048135301302825	2.03408252299613
HG03887	1	STU	Sri Lankan Tamil in the UK	SAS	87.2552813351882	16.935235065269	111.856682990106	47.1462925275351	1.47172778863074	-0.944676188768032	1.81878285820513	0.265116912966704	17.8521732831088	1.18354058160497	-2.9323686793132	2.40376640594851	7.84941457051852	-6.43239906933269	-7.72539225308059	21.8643614797788	-0.326224376845803	-8.78452090014805	4.94935759073205	1.76613294194713
HG03888	2	STU	Sri Lankan Tamil in the UK	SAS	89.2284475680073	38.4109974124647	89.5629604094365	38.3610765778453	-3.02365348142679	-1.95917722690506	-0.0548031291689979	-0.822436099254953	6.06336077921927	-2.40904959810774	6.67511698609007	-4.37393200194412	-1.23259347985722	-0.644494341805659	1.31140210831239	10.1216375620524	-3.07619932287021	9.98933538725946	-0.282737582247456	3.00263364267141
HG03890	1	STU	Sri Lankan Tamil in the UK	SAS	85.7466102742399	15.2225467192077	109.28015913991	45.4887041836563	4.04634611883205	0.26405622110775	1.98184006036772	-1.06699084304293	16.8023033608799	-1.23806769029163	0.844115326243326	2.35540289456578	10.1686285200942	-4.9739089530644	-6.93313421555752	27.3874170839912	-1.76644457074421	-8.43806107000691	7.37391406996393	6.6256280942661
HG03894	2	STU	Sri Lankan Tamil in the UK	SAS	84.3524373614253	16.3890032174065	111.179375757022	48.9955382744257	1.7635590053756	2.14054951789163	1.39163422991582	0.730203004200353	22.4057594933579	-0.576918747359427	-4.87281415870973	6.23779412353387	6.30906607180991	2.3611841291356	-13.7071202889526	22.2844742006065	-4.02698232164721	-23.9477623634768	14.5159878128055	9.94670373387084
HG03895	2	STU	Sri Lankan Tamil in the UK	SAS	86.197855710158	19.5518428213778	107.304594712855	48.758711114694	2.83620339902232	0.662746415165446	4.44152794165762	-0.216202683901294	23.3401552875418	3.15234546312626	2.14892914443652	4.36695254881129	10.7159502937302	-11.3492262493269	-14.6185056819362	33.6592090573215	-10.2563730231254	-18.444727317425	9.2281952605279	1.31113086191608
HG03896	1	STU	Sri Lankan Tamil in the UK	SAS	87.0625676578555	13.6669053900627	113.225489023978	50.0895585869657	1.7902775625841	2.328052156691	-1.42645603519214	-1.92726510013207	29.8124656773883	-0.099461440398491	-3.89155404386492	7.2143186571685	6.15183856602611	-4.07109220685415	-15.3174410247054	27.2957964921839	-4.89155248401632	-27.6340423132863	12.5461551327412	9.07439686275312
HG03897	2	STU	Sri Lankan Tamil in the UK	SAS	86.6181971819325	21.850813805689	106.035367680765	45.8527389285102	3.61463129161547	-1.52087988584817	-2.39217859363308	-1.39701783665219	22.2231407539239	-1.92664299140153	4.59680256544724	4.53787527111049	6.18185726874323	-3.83316883608331	-8.74828302011936	20.6094690892265	-1.78801894168935	-7.51091938152843	7.6677230326001	7.3978211877581
HG03898	2	STU	Sri Lankan Tamil in the UK	SAS	85.79155633292	16.7114406955561	113.843860222513	50.0473960925158	3.55315946244757	0.534633496060436	1.40526199745286	-0.16891045367072	25.6986787148288	-0.696658229055011	-3.92365791307997	2.98727869012239	3.32721662708399	-6.72269427848267	-6.93253068734233	30.7544259547083	-6.68071479818643	-13.1638475845132	25.0195264915593	5.58577015425903
HG03900	1	STU	Sri Lankan Tamil in the UK	SAS	87.2866739986093	19.8053016731114	108.993610806842	45.0951709525597	0.542966283921673	-0.532624010390098	4.00845819946251	-0.230960850767088	21.5968770006162	-1.30850741953976	2.04126704726966	-0.953587396023559	10.2243298771639	-8.74202634167767	-11.2529219609486	28.1242036372258	0.436068490362442	-16.1568296850963	7.84687178905642	3.53855647821509
HG03902	1	BEB	Bengali in Bangladesh	SAS	90.4407042246116	7.784489441354	89.9594114902387	38.6591606192515	-2.15354529583712	-0.611838977612914	-2.67654818555751	-1.25592272691452	4.52693806396999	-0.514317654766237	0.482314381484316	-2.00839408705441	1.82100633491769	10.19398396314	8.23233364946878	3.67562148911875	-0.228757298127908	-0.12662863369905	5.46317776794617	-1.1179661529253
HG03905	1	BEB	Bengali in Bangladesh	SAS	93.4932531704975	0.125479002897054	90.1681437623639	37.0500745844724	0.36607304278931	-0.265863074099026	-3.65697922160932	-1.66513540862894	8.35305313355805	-1.62446539851901	2.56959467638862	-2.4023093308189	-4.72524697461461	2.54189506281353	4.76249147604386	3.98004118530244	-2.71971629886003	-5.98013328584313	7.42853972536771	-2.49999941614358
HG03907	2	BEB	Bengali in Bangladesh	SAS	89.2388399163269	0.119793964362904	93.3854044033505	36.7799670773095	-2.45567530796688	0.0451755826522839	-4.7409388141009	-1.6264213779456	7.33046162300464	-2.40488590306804	2.36746501424359	-3.31508209116343	-5.85455027872356	3.52295757397896	-3.60296849347566	9.68707350343682	-2.70953261398118	-6.60142014218769	5.08503193525121	2.32724232791625
HG03908	1	BEB	Bengali in Bangladesh	SAS	90.1218241993138	4.3334256995908	94.238426094359	38.2135667093229	-1.63019996147549	0.0582173357421018	-3.1163265333254	0.48739683412535	9.36476201679054	-1.47475894006958	-1.35473120850445	-4.10104393515951	-0.0776568242187039	2.79105730120937	2.32777794328954	6.20087077744541	1.34280368664128	-0.744403062365935	9.62152057309264	-1.90972183665543
HG03910	2	BEB	Bengali in Bangladesh	SAS	93.132885109851	-1.66662751655465	87.7778226294838	33.7647381540347	-0.898037702770255	-0.0954605055902037	-6.10246344290249	-2.759993467464	8.43410088918958	-0.394951575069372	-1.38390791596518	1.23160570761883	-1.38481193182601	0.255583448024738	1.16598325513612	8.21198692165883	-1.34925446713644	1.13133380005867	5.75223181922264	1.8780841913339
HG03911	1	BEB	Bengali in Bangladesh	SAS	91.1692874358634	6.83504358492466	93.3564461638769	39.7196033461889	-2.39470705728587	-1.92582017392658	-2.03266929180089	-0.430022440985773	9.30128016448025	1.23754264388502	1.88221134878114	2.7626406716287	-5.31360711236195	3.87825561866701	-2.74823056883066	7.03508733416443	-2.56953727947897	-6.94018898019492	7.86439957711057	1.26328106154485
HG03913	2	BEB	Bengali in Bangladesh	SAS	93.0178592032944	2.34405835142549	92.6310854043304	37.2101189880676	-3.03048352790909	-1.71081006328416	-2.1157442002378	0.0960815531419904	13.2175116710249	-1.92775092018979	4.16667451125524	-0.748388000692812	1.7704582376413	5.54176703196521	-5.23307634774776	6.85752695194443	-5.06840932934119	-1.6654092195502	8.20582286135173	-1.52044189219589
HG03914	1	BEB	Bengali in Bangladesh	SAS	91.6232726313162	0.498935756374117	91.8072825587221	38.6835864639444	-5.17928324370432	0.558166244570458	-3.90132551886845	-0.889316849404208	12.0592438482911	-0.661088746832336	1.92070835980234	-2.33427412684763	-1.19657036794782	9.37533512025002	4.95463101882411	4.5361451125889	-1.50966756369206	-1.19905566667345	-0.426375553295408	-0.267986788523716
HG03916	2	BEB	Bengali in Bangladesh	SAS	92.6308417685598	-2.24819361715202	91.5008972913598	36.690440074142	-0.789413552896046	1.27241523437223	-4.37060535091303	0.701970797292477	14.8765684089612	2.5963511111443	2.78486801545447	-2.45713422288157	-4.98473816911229	8.78151579409085	1.73089037824651	10.5566299310315	-0.72987670786079	-2.14300962273438	3.68565180456097	3.90522055893423
HG03917	1	BEB	Bengali in Bangladesh	SAS	90.7960253423414	-2.76903627771739	92.4840116907248	36.3842322342955	-1.63085576608383	-0.321102649901253	-5.02860068245304	1.08090889234571	8.27574581577647	-0.662694177359151	-1.21438916065485	-0.471546254817017	1.34866019950605	2.35493311530681	-1.48161847532831	5.81382049639194	-1.52421051902417	-4.68692690672154	5.02528465733887	2.13058237376408
HG03919	2	BEB	Bengali in Bangladesh	SAS	87.8729702450191	23.0733608011264	92.8965574664104	38.428071839214	-0.446131912723216	-0.248930004232506	1.3329544234093	-2.4027912141637	8.94666290743667	-2.71944208491829	3.15944490997666	1.17234306529889	-2.0225186397713	2.20731681670708	-0.86702746389514	9.07075703037307	-0.522295363510914	-1.35027559643099	0.361096653638964	2.71016535327835
HG03920	1	BEB	Bengali in Bangladesh	SAS	91.8674670593793	3.33097347268196	97.4175604481165	39.6253790209134	-3.04744751877767	-2.23508831974678	-1.13687355503891	0.140957594746582	13.8383319855675	0.540234407963413	0.181355079263084	-1.44011415981107	-7.29107518206586	6.22483347314015	3.40745096352802	6.46458041492309	0.520829659377993	-6.21593309102312	6.0448887526442	-1.12695711987834
HG03922	2	BEB	Bengali in Bangladesh	SAS	91.5060348870893	-2.35712147595104	87.4474349590444	37.7529506937103	-3.17903733722536	-0.528533065310441	-2.69434600978543	-0.493686725383323	10.8733806991632	0.606408643951438	1.61038295279356	4.8533677536241	-6.12678803561547	8.13876474700345	-1.76255974147928	8.19014226669586	1.03809377022076	-10.5391100999359	4.90095086387445	5.73383912955456
HG03925	2	BEB	Bengali in Bangladesh	SAS	91.8712351379833	-0.351493935892663	89.0753661243182	35.3099598810335	-2.86531547078676	1.57311826666515	0.177812721551332	1.62310150891064	6.76264803980479	-1.90163456834405	-0.664342939536351	-3.21954770399772	-0.867097508199042	7.23912393428654	1.70042061055553	8.03892520538608	0.495708446415862	-4.51653729543999	-2.01702522316659	2.30926646785011
HG03926	1	BEB	Bengali in Bangladesh	SAS	91.4138188888332	-5.5477183227675	85.7808487371254	33.0475069921786	1.53367550295119	0.513467116789744	-6.17184535143192	0.0888010446832008	6.14938905171239	-1.4691351140304	0.662039620949909	-2.00153253680648	0.456493894204237	2.38930249613738	1.29966272444726	6.30902183583712	-1.32921495232474	-5.01228118835523	6.62449184271751	1.52644340277209
HG03928	2	BEB	Bengali in Bangladesh	SAS	90.9327312306217	0.865573971890155	94.0909612541176	38.0970397737317	-0.8129393489312	-0.655893959389074	-3.95298802066628	0.419852846131443	11.3622214263041	-1.76718153360748	-3.77269649470129	-2.33819701230599	-2.6113937640368	10.08480866117	0.557103818668032	9.85372966872685	-1.529422617541	-5.60088256994092	6.64157343753041	2.35970779109529
HG03931	2	BEB	Bengali in Bangladesh	SAS	91.5833825051756	-5.06576387098244	86.8032839266614	36.0959482881492	-4.65337244634708	-1.12361374519593	-5.98328598782403	1.34211185216548	8.81401811336026	-0.863239606987371	-3.27427200799614	-2.78555531928809	6.30744054662569	4.7681612650858	-0.192864162423518	2.54021859839447	-2.18430419775081	-5.26276315605381	4.51595894434193	-3.28825619153781
HG03934	2	BEB	Bengali in Bangladesh	SAS	89.7749165094889	1.38943767196066	90.6906812927228	37.5250283681345	-0.535074367364392	0.275630413993272	-1.34485969708683	2.63461527305539	9.3932235350556	-3.42015625900206	1.48781449583925	-0.636813117271238	-2.11139657695316	-1.49872297719776	-2.57632385578909	4.18836348844915	1.5383700971628	-0.657839053685543	-4.02859434759213	0.223087485019388
HG03937	2	BEB	Bengali in Bangladesh	SAS	92.2968046926547	0.0543855362478556	92.2865048802311	37.60123856345	-3.23394437908458	-0.575807982858254	-3.56527727761059	-0.585364154147238	3.95726559265269	0.405360502339998	-4.65332888622059	0.767259151646148	-4.44510673688885	4.5668412660661	3.8292493315345	-2.03943830981252	0.259070258109371	-0.912578695052303	2.91438870555415	-0.499055294916314
HG03940	2	BEB	Bengali in Bangladesh	SAS	87.3228897381799	8.14056333138769	116.236810533303	51.2590594483374	-3.41547816542418	-0.601048992593613	0.630721978697332	2.32719666739775	13.6952448687159	1.77801320350476	-5.64661034089	0.121597474031405	-4.68950825497152	12.3285130975202	4.27901748125457	-0.103264148102987	-1.25700138537911	-11.8734493457039	10.2730391596565	6.13830975804767
HG03941	1	BEB	Bengali in Bangladesh	SAS	87.9456935871035	6.38324771922452	113.585573319159	53.6647283226673	-5.05118769705916	-0.289701677864328	-0.151558377412951	-0.682800591607121	12.1285949817937	1.53958582360816	-4.16038689983523	5.7973797721802	-1.93642578653416	10.938165185743	-2.67290044682999	4.53825866843617	-0.781082140868853	-14.5718532849822	9.74544859281391	7.12716999960506
HG03943	1	STU	Sri Lankan Tamil in the UK	SAS	87.3880651146343	18.0723780588273	111.399719631716	47.1317539335865	1.75220579314594	0.155117193627457	1.35709494973934	-1.64076254840782	26.5159592339362	2.51960000669228	-0.944972857718408	2.42903019250779	13.1915951975675	-6.21514575270648	-9.62875935418084	23.383464918078	-2.19987796028757	-14.6118562498795	3.98650093256983	5.68607086981466
HG03944	2	STU	Sri Lankan Tamil in the UK	SAS	85.0552989355604	21.3288637110089	106.981555054745	48.2418381173444	3.902523002482	0.410389098190836	-2.05429486527696	1.09834842157043	22.7267080684225	2.6108157125717	0.0551649647980559	6.4332426986055	9.58328344351721	-6.15829981628425	-7.02262140259346	21.7813945621644	-4.8212292893244	-19.5325677171936	0.0693363861199971	3.71426320918714
HG03945	2	STU	Sri Lankan Tamil in the UK	SAS	86.3023299991285	21.5558459376501	106.425233484168	46.3067121730521	1.63554356217824	-1.62904240253271	1.56327093519222	-1.34145930336359	20.5370363232157	-0.720230378001387	-3.39653059830283	8.07487088986613	4.48975158592033	-2.91735807022938	-10.8402143538192	12.6931383217388	-4.45648750812616	-7.15305377027531	2.45792128333488	-0.859461575083461
HG03947	2	STU	Sri Lankan Tamil in the UK	SAS	86.0844108507171	11.2585963533511	112.481489760936	47.8478844640423	2.75339526286552	0.978125529328611	2.71749060415919	-0.476917008604001	19.4159712828409	3.76210797970181	-3.39844731778273	1.41017049959714	7.07682751809754	-6.23492177539274	-6.24824652667182	9.54515552010643	1.32109359271797	-7.25351151658527	2.77615130309998	-0.174202929526653
HG03949	2	STU	Sri Lankan Tamil in the UK	SAS	86.962712413	17.1637016423306	109.881912223956	48.173346173468	-0.453973108863982	-0.975719334232247	1.36739431877805	-0.952561694196478	24.6518830006865	3.12601405282532	0.457686947327067	2.7364711674282	7.11969389920398	-3.39998314833865	-9.97738796855021	17.136141570052	-0.728119428409258	-3.036271456939	8.78404247368401	1.10404653742076
HG03950	1	STU	Sri Lankan Tamil in the UK	SAS	86.0273147281826	14.1500185268482	109.072749332687	47.3570056647258	1.21589564254934	-0.403282599871722	1.54646558105951	1.20664447958008	18.3133063524488	2.23334182063625	0.445207577763682	1.421937402419	6.59184175986847	-2.66613081824575	-6.25044146094345	17.2925987546465	0.421029162708156	-11.7864269875224	6.51855389532914	1.84510375923651
HG03951	2	STU	Sri Lankan Tamil in the UK	SAS	85.5460127386981	19.4491891484601	108.163784951479	48.2245898882995	3.13801808400463	-2.5287305821568	0.466349991086701	-1.67099167152457	19.6862163346241	2.21928953891956	-0.921432747707298	1.21531136152799	7.76016313051514	-12.5806849777359	-11.8399422500959	21.3284930211806	0.827862191490019	-9.1915580349972	5.30814030137161	1.66354536111682
HG03953	1	STU	Sri Lankan Tamil in the UK	SAS	86.5653807742645	20.0773745179606	108.157120898396	43.8912624730136	-0.0925341199265143	-0.495018373128093	0.441876378239378	1.91620313211779	14.2183096505214	-0.534630192951557	2.42877281398525	4.74762424284952	8.39857576357044	-7.66354656040996	-11.3223531629744	21.822513771245	-1.74040483729801	-8.85338649000611	0.619052175616467	2.34522494370813
HG03955	2	STU	Sri Lankan Tamil in the UK	SAS	86.666097686446	20.7139984682228	110.976481231245	50.6298482940931	4.50402720597461	0.770232658548995	0.526122119843244	-0.423139397120756	18.5191129458058	-2.01498182497458	-0.454208882989075	3.1166730176715	6.66073913596103	-7.09806240426129	-9.32815331222151	33.9047103060273	-7.43169711960672	-11.316197587363	19.4735103915632	8.44605356530976
HG03960	1	ITU	Indian Telugu in the UK	SAS	88.0328797040416	16.2085103357815	106.393050585132	46.8302322217034	3.26829663946908	-0.537613893475319	5.66929918906168	-0.530069064009205	17.4417033475861	0.421117888217448	0.314300445568913	2.39121527571897	9.91674077119373	-0.591577167931391	-3.37078381789787	9.25638181718303	-1.00967490349735	-8.09364519629245	1.17348183734663	2.94402447981568
HG03963	1	ITU	Indian Telugu in the UK	SAS	87.5028199446247	15.8750298280236	110.504640753857	49.2746029642475	-0.3732265158508	-0.0951992876846351	4.17302359514705	0.592320604325951	15.5062900451916	1.90992946422633	2.29624744407941	4.17203985361493	9.98078656115693	5.17298136219162	-5.60552730724233	13.5478953369674	-4.17280622689111	-8.26365579595009	5.3521832198014	5.92182266687641
HG03965	1	ITU	Indian Telugu in the UK	SAS	87.7146360891024	8.83454445242937	107.109860358481	48.6839400421902	3.28070607470581	-1.17475720832002	-2.76901223151929	-1.25182617674361	20.2771033045368	-0.0615007047882987	-4.03890346742899	2.17994363481057	13.3873312962771	12.2451691041556	-5.43731017147817	11.6363176193823	-7.09916247033813	-8.75764267567665	7.42401333949563	9.03434993303949
HG03967	1	ITU	Indian Telugu in the UK	SAS	87.305885866974	26.248302801995	107.307186952482	45.562723357279	2.45610528338277	0.569152665017038	3.7717265527708	-1.45007290622851	23.4424452436813	-1.36479020741302	2.7110067483615	-3.19820879862809	13.1933376301151	-10.18504714741	-7.04135848930836	14.2286376912596	3.40768711489358	4.79582982904817	-0.139609411881872	4.84316682141305
HG03968	2	ITU	Indian Telugu in the UK	SAS	86.3315915316174	21.7762803142082	111.091774420963	47.11719432429	0.979142954591451	-0.616069358252739	0.996120269294136	0.65425427939581	16.5849002267754	-0.533471296430949	3.16015255474933	0.873629973160742	4.48401942461155	-7.57023624266233	-2.90099897478138	20.7482174251316	1.35068388828089	-2.13901793018733	-0.802260929207119	3.3487983942856
HG03969	1	ITU	Indian Telugu in the UK	SAS	87.7037644049444	23.570880281781	110.871744680925	45.1834921840597	0.35712388994209	-0.0312025310547338	3.51458854025734	1.25661478151201	19.1681750311095	0.0151678097375194	0.98425119447878	0.59905616268035	11.7201792307807	-4.1292685564057	-5.51832885179378	25.7944105811612	0.690573669986872	-1.48441395840615	0.306936212649917	0.984925873883147
HG03971	1	ITU	Indian Telugu in the UK	SAS	87.8518882248735	25.5100320466054	107.26242727083	47.6580252093326	-0.083945311510666	0.91804802304542	-0.0862759270272218	0.812806568256729	20.175910300733	-2.55354666516981	5.34616652959332	0.178355139356705	9.82456058128628	-2.0150787080375	-4.25838669777513	17.9678248240244	-1.23017034515797	6.02758803413373	-0.506340124171184	-1.40033067992955
HG03973	2	ITU	Indian Telugu in the UK	SAS	86.6826184066229	25.1451398630755	109.333238390753	47.9767237833513	1.82259540844117	0.193374956668396	2.98409776586779	-0.595132410773766	14.6605888718943	1.79428001208507	4.25234019625863	2.36219317059512	15.6087338856641	-4.75751789265356	-2.27630719522806	15.5431987357907	2.26842229027165	1.23905919461121	-1.69453518286247	0.225708542030686
HG03974	1	ITU	Indian Telugu in the UK	SAS	85.596494180957	22.4804198752088	108.445359669648	46.0714334440904	4.50488716699417	0.621371357629689	1.52343925744116	3.49941838086071	23.207039441797	1.69207089626873	-0.990213052052841	3.59227646012107	14.5411315356345	-5.00209701288796	-6.80879210658407	10.9105522992644	-3.49926256855806	-0.542903826102259	-5.66548066882454	-1.14333170411894
HG03976	1	ITU	Indian Telugu in the UK	SAS	88.2247067763785	19.3436647608449	104.751098689994	44.7403946168078	0.0164019548528002	1.17184556521843	-1.82707664546809	2.19142891134323	18.4184257296194	0.0758906590744156	-0.257545650830499	-2.58646319903052	4.27186570014172	-1.00119615000394	-8.27173716704947	9.4050746378504	-1.81541469896364	-4.39020042481	4.96748850116304	1.71754040032492
HG03977	2	ITU	Indian Telugu in the UK	SAS	87.2107043462322	-3.02613450018525	122.58562913836	53.7806960953862	2.61030408899799	1.06414312115756	1.86788160266039	-1.93898905788974	27.1762122886938	1.53168382952928	-0.736927931659456	3.63439370805748	-0.841477881330246	2.6191044799677	-5.43007387531368	4.57800867178947	-1.1478425529887	-24.4232432750949	17.9618789126481	5.69415515123944
HG03978	1	ITU	Indian Telugu in the UK	SAS	88.0551897860875	9.20115158243268	111.286633332832	46.5832149062346	-2.02869125855293	-1.40465495629543	-2.77868460026581	1.73580117983282	17.933908924128	0.0040447850118046	-0.77498810646513	2.04021245953185	6.89171663387374	7.65134293699322	0.48545652946922	-2.61573379920529	-0.122541883311801	-7.88049766838882	4.63998909638399	3.04378558479869
HG03985	1	STU	Sri Lankan Tamil in the UK	SAS	87.0799434784762	7.26667754328499	116.208434458957	50.3220332616636	4.77718715072715	0.443299127674223	1.7171927125451	-0.455913717587606	26.9865647125527	2.11629499888882	-1.81573399366047	3.97712322451131	0.972741656483132	0.39782012995931	-10.5671593902987	18.5012888989162	-6.64978359918783	-18.081433110404	9.87322888006111	6.39784658384658
HG03986	2	STU	Sri Lankan Tamil in the UK	SAS	86.6004333409327	20.4738601916406	107.973007636745	46.8293424221311	0.662049005241949	-2.36385740392112	2.45951548892561	1.03832322562637	16.81778457066	-2.0677976565845	0.280519288417909	-1.82780899269545	9.71972852991764	-10.5158261059312	-7.16629485828216	16.0277751164583	-3.19196440892485	-13.6254436246174	5.08054609276053	4.28940734966204
HG03989	2	STU	Sri Lankan Tamil in the UK	SAS	86.9871596266491	17.604285450183	109.726609152471	45.6258183943232	1.39788350099988	-0.0125429244614678	3.62719161727779	-1.57490491554894	20.2269604246612	3.00214477210075	0.788695154285764	3.29130999214415	9.67411098272798	-5.12244042670453	-9.82064900337915	21.0288546095322	-1.67361120223064	-8.89184935219086	-0.678838766323578	-2.07661674564957
HG03990	1	STU	Sri Lankan Tamil in the UK	SAS	86.6164150052555	12.8413545119085	109.991221388935	48.6883368267799	-1.17638989162355	0.62383197276722	0.521639962483345	-0.236044754909331	17.1500707633527	1.68564055610406	-1.5887785530274	0.945566764379576	9.57854003033836	-2.6683918247026	-5.20901475399288	12.8035966604446	-4.8174366494331	-17.7780624283416	5.74114606731368	3.33757744461933
HG03991	1	STU	Sri Lankan Tamil in the UK	SAS	86.9236431510186	18.5243838929883	109.893938797073	45.3080121074712	-0.0021526199130865	-0.828895023763022	2.0865373807021	-1.34451559960225	19.9054001376589	-0.88391212200918	-0.550764567494502	-0.749468149241612	8.47269362438968	-7.79588196351992	-6.82476220400486	21.3979851999463	-3.75150495461583	-13.6653121362088	14.2542637991306	12.8351966731394
HG03995	2	STU	Sri Lankan Tamil in the UK	SAS	86.9171630065471	14.7316515801053	110.829717016032	48.9680627756796	3.61487756633842	-0.562485972007062	1.66284489726897	-1.62857637532739	25.9487931124184	-3.26361915664962	-0.148713975963996	0.288769051678941	5.95717673775533	-2.67118643095381	-9.64224166436696	17.3122058837794	-3.40989577318579	-19.0432220479405	8.65678213503073	7.85340775879647
HG03999	1	STU	Sri Lankan Tamil in the UK	SAS	87.0560211207365	16.2494273028181	109.930002026113	50.4669465935584	-2.04554319276785	-0.511521059991875	0.869303633404378	-0.288023056657326	18.2542706995526	-3.3011728439953	-3.26192313644863	-2.8187754609932	6.43555449059763	-1.0791250528691	-4.94618566706934	18.8755942234622	-3.75972826598899	-6.94009918030123	2.40979432577476	-0.0807751701963598
HG04001	2	ITU	Indian Telugu in the UK	SAS	89.1742672891942	16.3791841082686	109.282810975866	47.0795157004252	0.505386169218703	0.483806967457107	-1.22118145640432	0.0408312903752	13.4543306292677	1.53881501038529	0.148712695835816	1.56616009836828	6.17845872342915	8.77635487286502	2.90248388528707	7.38511725000696	-1.40165136151631	-4.30978639690116	6.74305092251302	5.13139472608905
HG04002	1	ITU	Indian Telugu in the UK	SAS	87.6499231106663	20.2237425187022	109.445715519096	45.2568598325829	0.51042886392267	-0.88542787224799	0.384619623804471	1.74786888586676	12.9753759813112	-1.32842540671924	-0.695094909107548	2.01171746998261	2.38092530226755	-6.93665889429476	-0.482937758474119	9.76139618804695	0.728644095452944	-3.03001172557671	3.30034659122352	0.534501475958893
HG04003	1	STU	Sri Lankan Tamil in the UK	SAS	89.5265405015712	37.0549537024632	89.6958980702669	37.103805775091	-2.66540268088726	0.0644313862098504	1.57846131772826	-1.90393472933677	7.76673087873899	-1.07855721021152	4.82483505513312	-6.62592717542405	2.99852684827864	-3.04501286413887	6.55421068694466	17.8563516879597	-1.20112292271573	7.89941079134807	-5.98526077330696	-4.3024202152549
HG04006	1	STU	Sri Lankan Tamil in the UK	SAS	86.7189334796476	8.15042320187874	114.885616925988	50.776726954692	3.94977708272594	-0.622605119761526	2.01058394829504	-0.0903695024447958	25.5718627366613	0.794229923309664	-0.747770204330366	-1.39935604997605	1.23825189193729	2.09703996511881	-10.9143968637399	12.9855142133759	-3.06377531810459	-18.0535925883854	10.9451156009353	7.54245280900413
HG04014	2	ITU	Indian Telugu in the UK	SAS	88.0158047785574	8.73236588593194	108.680440978136	42.7442491721371	4.79694206368086	-1.35127920111664	-1.8911219479121	0.264246926923238	16.7983492010145	-1.65494518513445	0.603150992736939	2.55541035774845	2.24967123620157	1.27074868063012	-3.45903817739614	7.40811160247232	1.83791680065506	-8.49052015838209	14.6708029102073	7.33066660814256
HG04015	1	ITU	Indian Telugu in the UK	SAS	86.5548045064407	17.3255477283883	110.238381120558	47.5961825122408	1.6157379713464	-1.30774239498249	-1.79066296991571	-0.111259376842724	19.2370117691311	0.414925296124167	2.59953663376877	-1.74599358711737	6.13494214555427	-6.29937901325799	-6.2102830697426	13.6745284934573	-3.20677092408495	-12.7646000493146	4.90904891881831	1.37004337550342
HG04017	1	ITU	Indian Telugu in the UK	SAS	87.4658532781652	15.5997927195819	120.483262026094	54.6733334440439	2.74109083423216	-1.81406199645205	-1.23531582528879	-2.27543762425704	12.2089072007349	7.59673940730491	-20.5493641585613	15.0590784174566	87.9326236775174	97.3639858762299	47.433890624935	-73.7052167260903	8.04601654705259	17.4771719920611	-8.38886437251112	-2.73520836694252
HG04018	2	ITU	Indian Telugu in the UK	SAS	85.8472291653045	27.2310876451658	110.538727398335	45.1742414005094	6.20728308219467	-1.75672228170212	4.63736370869077	2.26403985180258	18.4429779384847	-1.54822046796267	1.40718276224013	1.53485964892121	10.8208416730116	-8.44661253186614	-3.31689477813042	15.6797193252713	2.19193210741731	2.6309094004622	-8.61736141630236	-5.51032853700782
HG04019	1	ITU	Indian Telugu in the UK	SAS	87.1370756839924	24.5568480337915	107.438858836802	48.5785655641703	1.21840483155298	0.263916629249588	-1.14294179668075	-0.0619350591820843	17.4817162035125	3.07164001499281	1.03985354549441	-2.55911710927953	16.894825234536	-3.19818532966721	-6.81638921206812	14.5345869541431	0.0676277404878875	4.32491727406344	-0.791808544206953	4.2895939147847
HG04020	1	ITU	Indian Telugu in the UK	SAS	87.8808024336145	25.8818353009759	96.5402177800548	39.3250547672625	-2.01784494804949	-0.904578936306537	-5.07583769287835	-0.501980206862604	15.9563944907147	-2.78217454820131	3.2651894636257	-8.29254907974167	11.3387272264504	-4.67821114519476	-3.39050398453124	15.8390513758078	-4.34822909520269	7.02490203392986	-2.38936424370445	1.97916852476007
HG04022	1	ITU	Indian Telugu in the UK	SAS	87.8371756734527	20.3213730900552	108.197908706709	48.9037615273787	2.64092163349616	-0.0469986797613888	0.79880843242196	0.375320351310175	17.1572120845119	0.901049330401032	0.896560300443365	4.25735846872862	10.8402110190967	4.20023299662425	-3.63976735017803	6.06571083685874	-4.03277566297173	-2.20736129202543	3.47803660491688	2.50239338677286
HG04023	1	ITU	Indian Telugu in the UK	SAS	88.9021351502475	10.8938964453122	125.404124997071	56.4415955031754	0.393757561513639	-1.54793010908073	-2.16338115544327	-1.83536500422023	19.5623238782986	6.1244104903394	-23.4866700433319	17.2696750043825	95.2400770217939	113.269101522219	49.7988821124115	-83.0966003763071	7.24034401579077	13.2720500424438	-4.12439733927845	-4.8852371026824
HG04025	2	ITU	Indian Telugu in the UK	SAS	87.9315763637808	14.4333814921675	125.382067175419	56.1518481601612	3.59164355803588	-2.36740782270242	0.310469871197942	-1.78099442640997	16.8310990518022	9.69924220436327	-21.5656107276057	19.1006337649486	91.2698774438286	105.933595841238	50.2370566417582	-90.7201392242029	8.26067604262927	16.8346428719838	-4.88781170844089	-0.243581773752063
HG04026	2	ITU	Indian Telugu in the UK	SAS	87.4095563349042	12.8076892690121	127.078209889646	59.0442340567636	0.991706955582448	-0.739039072345926	-0.671330989288871	-2.32557591006624	18.8280356728092	8.83441783857543	-16.3003143167929	16.2711715740924	89.9086280756031	105.868886611942	51.053169930554	-84.6945374183988	5.59426652530552	18.9459377318848	-4.75802475277937	-4.16807724517342
HG04029	2	STU	Sri Lankan Tamil in the UK	SAS	87.2840894481202	18.5591764720898	107.465025248276	43.984663958253	4.11665269361269	0.0615243973775136	-3.05350448457926	1.95992251171974	20.2211772810825	-0.263774769649744	4.83420072814017	-0.777235548613834	13.6569653083707	1.50936143882502	-8.68383038897108	13.1734137731907	-5.51232753362491	-2.25533046076159	11.5285785988608	4.78119983987365
HG04033	1	STU	Sri Lankan Tamil in the UK	SAS	85.7595990777561	12.5297649086489	112.0490596792	48.3327580207722	-2.95601458925572	-1.35448686137255	-1.2923093978709	-0.583840175731154	22.3382103784401	-1.9778280327406	2.80568650304069	-0.501967482042343	4.91669053353151	-1.73203970334514	-10.4297647141687	14.5126790846434	2.1931356065529	-13.2956870814812	10.0443038510206	7.0609229811253
HG04035	2	STU	Sri Lankan Tamil in the UK	SAS	86.2520992579925	20.9681148522823	110.632152389195	47.0238217456827	3.91971082098587	-1.0249290265233	4.41996386461149	-1.35710610279284	24.1576858798804	-1.60760261094704	3.59164340676274	-3.97587622002354	8.79046532394502	-6.42391650223075	-16.1665102040367	34.8624777336638	-1.51645993742761	-15.4429532842066	4.78753835997608	5.53090500847482
HG04038	2	STU	Sri Lankan Tamil in the UK	SAS	87.4681053906134	14.9787937342552	108.136149097373	47.2871199420011	1.31004332962478	2.0264916491854	-0.189499699595819	1.16231011507485	16.9729413800301	-1.84214761206808	2.86623742830663	-3.22283140078233	2.88504155820757	-3.93553353009248	-5.99709068096759	16.519043317979	1.31048840453113	-11.7145091165647	6.04380541661392	0.106915882133436
HG04039	1	STU	Sri Lankan Tamil in the UK	SAS	86.3471706045122	14.4040675162726	108.617916320745	47.4262781428347	2.87925566284342	0.345036027464093	2.94171566989705	-1.37706411490069	23.9729959678682	2.44371975610549	-4.67312671171097	-0.068340449035572	9.22168514739208	-0.55018320058903	-9.59999850295507	18.7950196217623	0.449517929652364	-7.7273915090273	6.71171341274303	4.29984917869223
HG04042	2	STU	Sri Lankan Tamil in the UK	SAS	86.7874806975301	15.8130216134951	108.065883448476	48.4220313827033	0.67712460528527	-0.852966091871112	4.37390208123532	-1.5684004368039	21.0702603274152	-0.0483010322377129	1.03761329857639	0.351433138631357	5.73295017216322	-10.1117357177869	-7.25633358733919	14.7519086826852	-5.35713671323599	-7.7291185086946	7.96687172655662	3.6648195135343
HG04047	2	STU	Sri Lankan Tamil in the UK	SAS	86.5464665228205	14.598829594839	111.876665828225	45.8472523165013	2.42384108117949	-0.491393590471254	-0.448416773483952	0.236697346146703	18.6352514651292	-0.478880781071879	2.79164789517922	0.68151577993291	3.52526853019517	-0.7472006853398	-9.93145634262269	17.214218529119	-7.73981048136826	-13.9428050087847	13.1382568775871	8.69337905778573
HG04054	2	ITU	Indian Telugu in the UK	SAS	88.5088676791081	11.3610429719762	122.606991956285	56.2745699182894	1.92258415884585	-1.06457546644909	0.361417472974757	-3.54027689477665	18.1271582737024	7.19937412921746	-19.2062414248463	18.2391302324579	81.4874685384979	99.703947122743	48.7246369359519	-75.4831847447198	4.11524597547379	16.7119767717498	0.436883602114054	-0.274128131768533
HG04056	1	ITU	Indian Telugu in the UK	SAS	89.1632921773204	16.8536943502909	123.619662760286	55.868699008067	1.67226726305137	-0.241047453823345	-2.89649989136643	-2.03958716204372	15.3165188084106	5.52913633451433	-20.6299226876599	15.1143763415619	95.4225997630097	106.879115108949	51.1637441563267	-86.768580556155	10.4837813891737	22.5940358127971	-2.46044497697487	1.32762164733793
HG04059	2	ITU	Indian Telugu in the UK	SAS	87.320111647918	24.9973865880596	108.792066145382	46.8159038171219	0.285638702021555	-2.19382106872781	2.01202415234686	-0.971165002023881	12.2264080793689	-0.455420075058554	0.951930903276592	1.88285888027537	7.37256767819902	2.33850683933382	1.11055919034454	9.06325946655179	1.08411378755615	-6.59408829008856	-0.208514168451478	1.87793931246663
HG04060	1	ITU	Indian Telugu in the UK	SAS	88.7058031991577	36.9333692717366	95.3894268800958	41.1935567255616	-4.59905570579371	-0.116427213014811	0.0276534435162523	-1.54348867455342	11.8303372019642	-1.2553094800935	6.21244185334231	-0.905052534499615	3.7248078164097	-11.1838626415425	-4.00367167232357	12.6494960954501	-3.09235651493304	9.41961815316487	-4.71485004413063	-4.2962948920689
HG04061	1	ITU	Indian Telugu in the UK	SAS	85.9459825343936	-1.52061336030174	119.883350294297	53.2159003461545	4.13110458287278	0.363742188539017	0.911691448198694	-1.54554391239642	25.3728420848895	0.747181583460752	-5.96514796268673	11.6296233649481	3.39276714261863	6.47483282005853	-6.21326564837788	3.88273811877047	-4.51955806970716	-23.3344620288633	18.7403483949299	11.5599626662544
HG04062	2	ITU	Indian Telugu in the UK	SAS	86.598709087387	2.28713722203501	118.647983543613	51.6764371178419	0.0501892967463998	-0.927057673659386	1.02676193221955	0.220850768861191	27.6198562935028	3.32750020066047	-5.10094380831557	5.308507348888	-1.36904251634649	4.29469856560915	-5.93070295948003	10.923936030745	-1.55128664966138	-16.3004817606378	15.6050594361597	6.11146159031617
HG04063	2	ITU	Indian Telugu in the UK	SAS	87.8071741128796	13.9525258570221	123.652283294881	56.6520506745129	-0.0764644222432888	-0.760474286161468	2.21438603838969	-1.65012450540544	12.8557988785616	5.06950022483485	-19.3986448949006	16.1454227265986	83.8991572422738	92.0759828936055	46.3499348981489	-70.1858191765992	5.06717641920977	19.2895077676857	-6.96912076614088	-3.00511921750442
HG04070	2	ITU	Indian Telugu in the UK	SAS	87.9864237608148	17.8929674184615	109.060308665271	47.4758821555803	3.02162537793349	0.796690810971401	0.375252178701898	-0.538848259090871	18.4075063713652	1.11862240678848	-2.26331142803028	7.59689887089834	13.0325224323027	-2.89030115372547	-2.87901092611928	7.91109833926617	-3.2141336407231	-3.97541061060754	-2.11392337484034	1.0345469438434
HG04075	2	STU	Sri Lankan Tamil in the UK	SAS	87.6556263800332	17.4164070522594	111.615128113721	47.0404883840666	2.19148296340171	2.54109483746168	2.88335925547894	-1.34778336106304	25.5835606658484	-0.0405955803661888	3.30653151849331	3.38806296062901	2.89951921844248	-0.644128589208299	-11.2612653392097	12.5631215067505	2.08673117141592	-16.7801834201223	12.4240840733685	3.51261633386871
HG04076	2	ITU	Indian Telugu in the UK	SAS	86.7332498068193	18.0276866746773	108.577417888757	47.2922269586042	5.35955472426451	-1.10258992914902	4.30665316652483	-1.45561199119268	15.8486278854834	-4.17918521314489	2.18494404318385	1.7764438649684	6.90375080544811	-6.78144714235958	-5.29086664378084	4.80383221841125	-0.151020614563733	3.63006694477104	1.44858633264493	2.00543578099321
HG04080	1	ITU	Indian Telugu in the UK	SAS	88.5871611744211	34.3543515125727	96.032424160735	40.2013724862921	-3.01531216655481	-1.31078404936613	-0.259725517490866	-0.014812780981611	12.6754787257251	-1.36871240414178	5.73596264517504	-6.46059242961387	4.50692479405333	-5.06244784521379	-2.59117779438248	13.6608222898485	-2.14420353916468	6.33772222175295	-0.438683510017377	0.446902745889351
HG04090	2	ITU	Indian Telugu in the UK	SAS	88.9424114845269	22.1408795284062	108.902479584135	47.690123459729	2.96042908377233	0.102493791884953	3.08582523257475	-0.951202272228243	22.5871052192321	1.04061194225383	7.65687903155704	1.21940354697109	13.1775159315282	-9.25465309350774	-0.367378719206501	18.6069604657296	4.32061371330444	-0.902333657024517	-0.807610159853061	-0.545038556240517
HG04093	1	ITU	Indian Telugu in the UK	SAS	86.6744792666224	23.3413038735799	111.600270377873	48.6350801429537	2.59867580193645	0.523532681084319	2.10904659156837	0.70674727013823	18.4350798070308	-1.4664694034784	5.99928904486272	-0.891927913629666	11.7746609913279	-9.1766933565396	-6.47206915634922	17.4162564659577	0.585055071135971	-1.99559766430595	-5.15722205348354	-2.09331096968067
HG04094	1	ITU	Indian Telugu in the UK	SAS	87.6860859479098	15.7962894225676	110.906001027535	47.5158451940788	-2.60896025015957	-1.33350843926854	-0.0509342956199422	-1.76586562103424	16.4589131987234	-0.493664444126302	0.377574598655755	1.08385666368151	5.82880465899387	5.41728124981997	-6.33315423364356	11.8253366536026	-2.29942368453974	-6.54058669805481	2.14163299503099	6.39551119612275
HG04096	1	ITU	Indian Telugu in the UK	SAS	88.4825775594241	14.3021064155992	123.411991070982	54.6306289820594	1.33730886212249	-1.74605761404943	-0.681674688303263	-1.41514161184317	15.5475978046799	6.31788159162261	-20.3326268587843	11.692014926676	90.9351284955544	107.178724441959	51.2635590255156	-81.4749585612032	6.6206346921498	20.7804046282798	-8.2690491344083	-3.61109027425833
HG04098	1	ITU	Indian Telugu in the UK	SAS	86.750776236858	18.8462645022862	110.514973644281	46.6517873738792	2.13007110584664	0.39613902488483	0.20304198354726	0.155534262366962	17.2727093644466	1.46172639520224	-0.719232360025048	5.35367305636886	5.22281338649719	4.47045962468753	-7.35779042233129	16.0712884992267	-2.61943305552027	-1.80131376371233	5.76209494219297	-0.923636034374936
HG04099	2	STU	Sri Lankan Tamil in the UK	SAS	87.4308344923505	16.8261012305392	107.93392563725	48.6361865328601	2.20394770173877	0.281654837706177	-1.12230953958764	-1.43852585677137	15.8027561558141	-0.0406938575263561	1.61792446217622	1.53495970372398	1.60105363231931	-5.71331696177997	0.0462107826069959	7.22962169352385	3.48200216860618	-4.58726786250977	2.16897250158625	3.00306035821397
HG04100	1	STU	Sri Lankan Tamil in the UK	SAS	86.6442788108637	12.6862832456549	111.675710635791	49.8482453197147	0.899949652813241	-0.797786822671373	3.37953931584887	0.321127552943066	11.59131200362	-1.53612316254945	-2.34073059144843	3.13249958065577	-0.158611093904415	6.06626495734909	-9.3714039267314	11.697157103007	0.251033005006512	-9.84149875560904	4.30719590464781	5.1673502558134
HG04106	2	STU	Sri Lankan Tamil in the UK	SAS	87.7555971352897	20.2702816472099	108.791618468733	45.7333436398997	1.85433327633032	0.125466254330846	2.66639694687968	-2.02999886174012	25.2751290838534	1.62813318753917	1.09724848903884	3.88181048579619	14.9767233006164	-3.83626348974077	-13.1374072788243	22.9159063647619	-1.03806672344236	-15.4439424392948	8.17287556858489	4.9334145630531
HG04107	1	STU	Sri Lankan Tamil in the UK	SAS	85.8535520453447	19.3728291283266	113.591592183102	48.3955423430332	0.0548920122909234	-0.541253592666491	-2.10474675181735	0.161835956694394	22.4704942218073	4.09840517133044	0.0756009126280513	4.88672385966159	11.3865236965822	-12.0158464105004	-16.731128493274	28.3937279865114	0.244616975018012	-12.0845176882846	-3.16958332094803	10.1773468654965
HG04118	2	ITU	Indian Telugu in the UK	SAS	86.3443172220623	21.8074072286017	110.36760525997	44.9628875479323	3.73112202577576	-0.937557620631172	2.10212851424291	1.47955281384514	20.0232953031581	1.47442423579086	2.81850011754033	2.96290198531076	8.90158512061199	-8.08122710201924	-4.45615401396535	15.9187594149465	-0.671448407080937	-2.27670039527667	0.946227898152086	0.836929272829397
HG04131	1	BEB	Bengali in Bangladesh	SAS	92.6910117673848	0.536754427987128	87.903370526989	36.2449416427066	-1.51116029478304	-1.17710249454831	-4.18837013291194	0.688459498912928	6.92251284062563	-2.8880530871272	5.3807977584099	0.416297794845154	3.86039528630717	4.7649418036451	1.24259100078706	5.19899830237455	-5.70035606586102	4.7438169443901	5.15891791346482	-0.683076509307365
HG04134	1	BEB	Bengali in Bangladesh	SAS	91.7685269925697	0.195956509030665	88.0739903279836	34.68406783787	-0.649199748303536	-1.30604583477616	-4.38483112361061	-0.903156132856419	5.4505799667806	0.951903747497308	0.754620760192972	-1.15822844839131	3.42405811692521	11.5557366195086	3.92350312536045	-1.80809620639679	-3.35401475941239	-3.66917177856755	4.56364873126303	0.555446047509783
HG04140	1	BEB	Bengali in Bangladesh	SAS	93.4615368154808	-9.26873368181193	90.8885608895089	34.4887305803369	-0.978780659599378	-0.902895768413651	0.186812520794103	-0.352442671411884	12.8986273269745	-1.10172278873356	-1.15291397392154	0.773814554243861	1.73923857812895	2.53623481652365	1.43489203352344	5.7313235491798	-0.652744564678435	-9.32713786132362	6.99311052791674	3.00237345417888
HG04141	2	BEB	Bengali in Bangladesh	SAS	92.996757266775	0.590113488832775	87.089758609601	35.4600353376859	0.563321777223855	-1.42019854254155	-5.64035477173271	0.343859004278761	7.5776840434227	-0.430051433620063	-2.10816638223626	-1.4455627720882	0.75339722404302	4.73254415608926	-4.15350629701095	1.3782459572668	-2.11485063812752	-7.66962525871595	1.99198699335714	-2.27127068753919
HG04144	2	BEB	Bengali in Bangladesh	SAS	91.7521250085833	16.8399562704456	90.8261127657179	37.8051497076314	-2.90744953902753	-1.45369312229367	0.266261149958232	-0.259076039098383	4.19546525261924	-2.71838074712247	1.11865127307339	-4.93993898625885	-2.47750378181463	0.820062240288772	-0.334657800735482	3.5587947247157	-2.00379044622364	1.2759382336298	-2.64372804983636	1.47599973644458
HG04146	1	BEB	Bengali in Bangladesh	SAS	91.0825142093558	-1.44182938359556	86.8280875895448	37.1030621230857	-1.69273760480641	0.0859541974181283	-4.09535165326114	0.280122038067907	6.45694183563424	1.90114031388625	-1.20401160214445	-2.47786224961797	-1.45285681120508	1.4075067311149	-3.22348511523282	0.876512707243741	1.54483913660605	-10.7951887704084	6.42458845754505	-2.67830336517585
HG04152	1	BEB	Bengali in Bangladesh	SAS	92.5347661770492	-1.3954741471032	92.6701913907197	35.1908992708294	-2.33073397876558	-2.6179271882397	-1.19249402970704	-1.1481522950952	5.77937621528907	0.569377655774839	-0.912299437440816	-1.36850851904007	-0.608922571755514	0.803797703093626	0.685526991405795	7.13638790300337	-1.56822098181327	-2.1628271729314	11.0044704910725	8.6936466194752
HG04153	2	BEB	Bengali in Bangladesh	SAS	90.5759190998491	1.45499259181777	90.0874356623267	36.1085161260877	-2.9463949445694	-0.108750929213873	-0.673112200182716	-0.815100605124112	10.618511417492	-0.164956652525225	-0.0233566865352829	2.35848583105681	-2.30369110506258	-2.40014497713742	0.207514533652262	9.04110474418726	1.44810932711307	-5.45385378794065	1.49151825013411	1.09932016647817
HG04155	1	BEB	Bengali in Bangladesh	SAS	91.0529437316288	-1.88659939553839	92.6707862361524	36.5140195775636	-1.31377738232754	1.2712502098097	-2.96768809201001	-0.714257067931466	11.1127955403322	-0.263083206347852	4.08985647293742	0.243360450477126	1.06136552750725	6.29742364347547	-4.28056920057337	7.55904241925951	-4.23111340567165	-4.66073996768081	3.53483178197594	2.64346613204727
HG04156	2	BEB	Bengali in Bangladesh	SAS	90.9290547954301	1.88934046833235	90.0340965582923	33.5780710906583	0.483006292954477	-0.575303467407466	-2.3521064731529	-0.327206682795708	2.24934465455609	-0.813005102977537	0.205009416120475	-0.470277090092795	2.69220759327906	0.901944588441009	-1.22100548123528	8.00602325324651	-0.507642664672903	0.995942305162689	5.15458449590108	2.79319782413018
HG04158	1	BEB	Bengali in Bangladesh	SAS	91.0953703665457	-1.61664312258446	87.0712176726963	35.8039318902903	-2.444680501339	0.654821353827616	-2.50878796341993	-1.39096418816043	4.79133369621116	-0.846985541272748	3.07390323978929	-0.230328369568652	0.12875423219385	1.22525479941626	-0.318142550135835	7.94111982351647	-2.32702704911011	1.84517720473484	2.58293831235653	-0.18892199022321
HG04159	2	BEB	Bengali in Bangladesh	SAS	92.7416343422134	4.67263276310599	93.7668046470102	37.5836601485811	-1.84149747167232	0.358139763637077	-2.81247757199911	-0.264906508428524	9.23754656423812	-0.594493501450368	-0.713364582474593	-2.35990696608398	-4.88376803307903	5.22052649334942	-1.71139582598949	8.55283697530103	-3.11134998330033	-5.95513396450719	3.20772243304745	1.05697868887692
HG04161	1	BEB	Bengali in Bangladesh	SAS	91.7316404871642	-6.43302110191902	87.7695600617813	36.7777446383922	0.512736759942376	1.57605144302847	-1.11327346887329	-2.03863271056315	10.6193816347579	-1.18379726639802	0.634609764147675	2.90160912968103	-8.37746887437284	9.09165071815619	-0.690276247489094	7.85659198495348	0.699109065636	-11.2594720665361	7.45022265064713	5.20695840360519
HG04162	2	BEB	Bengali in Bangladesh	SAS	93.4288466817913	-8.52491227323172	87.09749967771	32.3122121709852	-0.589820297773093	0.885359092575404	-1.01293181197014	-0.825816162121829	7.00867033014484	1.81457168427096	-0.866435866238641	2.12791161253308	-7.59842668525427	0.517577278218539	-2.22578861562123	7.26627296704163	1.80919780270381	-1.49394274904878	0.406331120860013	3.79148154718022
HG04164	1	BEB	Bengali in Bangladesh	SAS	90.0024097361322	3.62306795294143	91.9915423867897	37.034388203163	-2.16221401686679	-0.79729783828223	1.04830239596027	0.507376383415604	3.55087407018791	0.42026623267279	-2.8873755489297	-3.09670842734107	-5.0292802026261	0.466227911528873	-4.9990813063442	8.48267195682298	-2.8023342844791	-2.58670529001746	10.4961479508568	3.13726989418286
HG04171	2	BEB	Bengali in Bangladesh	SAS	89.1086847880477	-0.0515119849325144	89.5834278301674	36.1197483470177	-1.61146628174032	1.18906555335038	-2.24551469497139	-2.07481236791542	9.81230932386062	1.52778694396921	2.78994243571294	-3.81242510894099	-4.94707192202432	6.90456763937312	1.26127219543011	3.93113629292717	-2.17655271598636	-9.33968914383245	5.7461171719906	-0.668608855195061
HG04173	1	BEB	Bengali in Bangladesh	SAS	90.0846398257758	-0.210446748883504	91.1878752083244	36.4399953723709	-1.52290897839367	0.786290512288619	-4.33075993414558	-0.505065317268402	9.38051243072359	-1.03646339159409	0.444681769929946	5.61965240059238	-3.25309926927349	0.995236300481977	-3.37750973583205	9.16366053601137	-2.61991226415387	-5.88740460305648	3.45735767841293	4.81122943586405
HG04176	1	BEB	Bengali in Bangladesh	SAS	91.1347373619987	-0.66360176509016	92.3647085543603	37.8148328365838	-7.17087611604151	-0.860507124118924	-0.854987058402685	0.957840722292206	9.05510205251487	-0.513598786960405	-0.476033472488831	-1.51367777759293	-2.58947778365463	3.58026249689953	1.5822969431935	3.84836530831373	-4.24448290437083	-5.73902501518196	7.51630957928244	3.46680202181174
HG04177	2	BEB	Bengali in Bangladesh	SAS	92.4347413123769	-1.50990768929694	90.4601016312808	35.9207086193412	-1.84742488897467	-0.740510125939247	-4.34666641753207	-1.67090822567147	7.40098759932652	-1.65550178299608	0.29895933713182	-4.0200542215039	-6.57180433981359	6.77000293360468	1.80848929677021	1.95867481083164	2.38881549434349	-1.88164000143616	1.85374471574126	-2.30885606085711
HG04180	2	BEB	Bengali in Bangladesh	SAS	90.3514825288839	2.75383265576509	91.4047221410398	36.9575346604511	-0.801784707881511	-1.22497403403813	-3.08750040016829	-1.17702891349078	6.18856209186176	-1.27408308100766	3.81942459214638	0.747991259125114	1.90021805168789	1.22794385967585	1.03417693298513	3.10783179240145	-2.45724040370407	-2.03929712854119	2.90218964910088	3.21279944822097
HG04182	1	BEB	Bengali in Bangladesh	SAS	93.4218261229153	-4.32485257868492	91.0099716189735	38.8455244277881	-1.56745064428845	0.987807324108932	-4.01085264718102	-0.659792266233673	5.59781099856747	0.280396644327458	1.87841720967182	0.195093172687653	6.06252644977944	3.80527288007525	-0.139199730469534	1.93615838857764	-1.91130670174828	-9.4495645776368	-0.101561273566846	2.45712798531654
HG04183	2	BEB	Bengali in Bangladesh	SAS	91.5737910291516	-1.22298679539162	85.8912715589905	36.7785690922714	-1.67955715433672	1.39910507187326	-3.22414263003591	0.0541157554009311	10.9866604176834	1.68648282440587	-0.305572561376411	3.39692761141757	3.28157946124782	9.25656186950731	3.81944181711639	11.1820478813515	-0.790665702549551	-2.71850217391046	0.871507088554676	3.47746379367148
HG04185	1	BEB	Bengali in Bangladesh	SAS	89.45187661767	9.16297395677333	111.398239428935	49.0727378338731	-3.68174769063436	-0.265590239556293	1.95844981141742	-1.58705752712531	12.8083935639202	0.307313136516212	-3.90225373904649	-0.700167856154557	-5.76939188854201	9.65737933656906	1.99792240687185	5.76653936167023	-4.93036032175151	-16.1803035262893	10.3930295611992	4.58090992252918
HG04186	2	BEB	Bengali in Bangladesh	SAS	89.8441916142169	8.20799837026059	115.445622686367	53.0475176957324	-4.24825616275237	-0.740351759686259	-1.23390678181307	0.240547563689752	11.7144596118928	2.42052426123702	-8.24079432731496	3.17310162935286	-4.31938457144374	11.3363212812856	-3.22448669764502	4.65140158218506	-0.739618872348321	-12.4039939987476	11.9780232988963	6.3209170036893
HG04188	1	BEB	Bengali in Bangladesh	SAS	93.3459542666871	-0.754161237412646	90.7276225083849	38.4333983822235	-2.43975392646726	-0.0555221256554688	-3.19461479674496	-3.02503376969198	6.65951894215552	1.36957417762353	2.81216790665361	-2.14556498606788	-3.96008263737488	1.12443813776204	3.35499900648645	2.89163768739269	0.58456915510324	-7.65920457119885	7.0213072231081	4.51622018626714
HG04189	2	BEB	Bengali in Bangladesh	SAS	90.6250053943154	0.319306662004257	93.7871287261556	37.4749856380308	-3.49925357917238	0.843982202401867	-2.47997625214638	0.826195354291911	8.82295040409277	-2.96937398044855	4.45236199067833	-3.42959532438986	-6.78565082255385	4.37168190325464	2.23627777455516	4.02610687464285	-7.25873487600689	-4.67422705917046	4.79587572745945	0.0404273246791223
HG04194	1	BEB	Bengali in Bangladesh	SAS	91.5368531024911	6.47659342527153	93.4765167236284	37.2691459674267	-0.686700088718884	1.65163382698471	-2.42693243088819	-2.04683264149119	5.75627612726575	-0.924651963410458	-0.767703053689743	-2.13399734979398	-11.0558193181086	3.455539263287	1.99647025160567	3.55608038667544	-8.1631630639766	-6.14919053933621	6.61423359439226	0.51391317906938
HG04195	2	BEB	Bengali in Bangladesh	SAS	93.2242481286644	-1.80043731120067	85.9234697512739	36.1684165654911	-1.08670292284101	2.07031447881413	-2.48520226073334	2.14883651509044	7.36072130017972	0.236619980341059	-3.62089447418059	-2.5839314756763	-2.50149890255847	5.06776113690097	0.596629981202142	5.21873485139829	-1.97560906098998	-3.41067755802156	9.18544732792797	2.90410257171263
HG04198	1	ITU	Indian Telugu in the UK	SAS	86.6533882613309	25.8919831238339	107.819786432143	46.4986719348575	4.37450396138424	1.32063173124228	0.607137150134307	-0.0350950115191684	18.55483900471	3.19262668865349	-1.29988538645314	0.37310450472163	10.9994580655838	-10.2128801363563	-4.69398146120502	22.7034644007562	1.90656164003896	0.327731035461836	-0.44960273958812	-0.385095042055177
HG04200	2	ITU	Indian Telugu in the UK	SAS	86.082512758845	28.2104529731659	105.558503300244	45.0567290229169	0.671041395688243	1.48651453641668	3.9743106158226	-1.38341226187529	17.8710856522957	0.133376626488647	-0.224275296281433	-0.898550538812657	12.5475762410708	-17.2213401829707	-5.51575263174417	24.9501197955356	-3.10346163434671	-0.826797257724784	-4.88373321531014	-3.07375560912586
HG04202	2	ITU	Indian Telugu in the UK	SAS	87.9279839163328	18.671285162841	109.100402883688	48.4416932167239	3.07063643293384	1.19638385014982	2.3284043404659	-0.614424413342735	19.2502977078412	0.405870650479205	-2.76375385344612	4.92301790731983	6.23988808460355	-3.15673874343293	-7.34161276570975	14.8493065025356	-1.96677921023988	-5.791490697127	-0.162696491275396	-1.31745655535946
HG04206	1	ITU	Indian Telugu in the UK	SAS	85.200409987943	27.02759700517	107.229215879007	46.2792756457095	1.08903442154529	-0.509151571826493	2.01151034387961	1.13057816829703	14.4775954184835	2.29610918680961	-3.26137091514301	2.8024731466832	12.5703362560548	-13.8869681327576	-2.45189791466668	21.4369490291248	-3.01481450331481	3.53012257811739	-1.78696070461961	-4.01875083529148
HG04209	2	ITU	Indian Telugu in the UK	SAS	86.1629352849492	20.1340991048479	108.728722586577	49.321003402044	3.71358147623499	-1.20422788271211	0.671087712219176	1.02385554460972	18.2603819629686	0.5480564100044	-1.12727611385736	1.06356725094698	0.801749168358278	1.39271626234231	-5.01460831511964	16.3039160757506	2.21166663742446	-9.20071478055812	-4.86449710376966	1.28602959595883
HG04210	1	STU	Sri Lankan Tamil in the UK	SAS	86.4062770896569	14.7164343410337	112.411498473922	48.2850082904165	-0.0263919362552588	-1.1890648794257	-1.22036308129419	-1.09599301869683	18.541513712863	0.092259021380851	2.03822374850484	2.7822811285877	5.68720235410132	-1.85218986042497	-10.7253990063312	18.0112931488075	-0.234462423923465	-11.4337176312121	7.40830483490852	1.73527649021034
HG04211	1	ITU	Indian Telugu in the UK	SAS	86.3941340234039	28.4519252630036	110.575216222062	49.2328644746716	2.22367681945106	-0.84922820953052	2.2922505860234	-1.46115470867653	20.096231104391	-1.16738219719154	5.31504017866642	1.08930468132968	26.2247136185845	-7.31343674370966	-7.53763940598326	27.3835580884752	-0.16183921558426	9.19808063733443	1.5613460096574	-0.104252279416758
HG04212	2	ITU	Indian Telugu in the UK	SAS	86.527329262855	26.7724513984314	110.287052733716	49.4837939590109	6.434934568626	0.17242175366492	0.197132296060205	-0.600698528550675	18.8095673245856	-3.21544620662367	-1.57231286233716	0.377754232774251	17.9747148048178	-8.77010111250337	-7.7984538765253	27.6238141968126	0.166437786175447	5.54014617726382	-1.87959968862256	-2.27172372400741
HG04214	2	ITU	Indian Telugu in the UK	SAS	87.2394489632172	31.1589876391499	107.633784020968	44.6109831743672	7.86441602301051	0.299325979359263	2.73358107756549	0.0732574796728201	18.147048472689	-1.60075069980595	12.5711416924425	4.18774070746698	15.0126889758159	-15.5377087498344	-8.68927005953509	21.8209120115543	2.3272011257024	4.12058577360796	0.21469173152501	-5.42471584022224
HG04216	2	ITU	Indian Telugu in the UK	SAS	87.2848464676307	20.3158232261348	105.608391022368	43.7327917901946	0.429502731903363	-2.03861380136248	-0.812608705976809	-0.199634508087304	14.2332560428395	2.99818368878419	1.00137505163264	0.582092113465383	-3.9355222295136	0.154818182930913	-1.50213289520239	11.969366054126	-4.88582522425662	-4.53282072661848	2.75755565699307	6.36941855881314
HG04219	1	ITU	Indian Telugu in the UK	SAS	86.0109373162737	24.1051611256065	107.79424737311	46.456444300353	3.87297475183478	-0.698137792490159	3.02928497212707	2.70419411882043	12.9966634374834	-2.11603506653038	1.64408817758514	1.57767326259379	6.99490881480376	-2.22238104563023	-5.1894396388401	14.9354664818194	-1.28919475018995	-7.12913232995733	-2.08817632013329	-0.467187703133361
HG04222	1	ITU	Indian Telugu in the UK	SAS	86.1707816689115	15.5222836832035	113.735199659461	47.2340292906808	0.550546889952538	-2.03819895182866	-0.822580081493363	2.07871712659262	17.7978120709344	-0.269613529209664	1.56413039519489	5.16574021116266	4.10687218621796	-7.11289303685286	-1.14458367449008	14.098673129137	-5.37669143469654	-0.122027085444867	1.92980327445557	1.9445735937973
HG04225	1	ITU	Indian Telugu in the UK	SAS	87.149154783595	26.4525679196612	109.434816077645	46.2030650193396	-2.15055848882705	0.113323533480436	1.70715214669733	-1.4575307791698	16.3067627904128	-1.33867496436037	0.434708923386486	-0.192635370228865	19.5191241525429	-7.9266563447296	-6.7528883926538	17.3861150654453	2.46594841827932	5.53013128891823	-5.86802509319742	-2.9910236355882
HG04227	2	STU	Sri Lankan Tamil in the UK	SAS	87.8539001643721	3.12280799835362	109.425949147485	45.9139203028957	-0.532219002273665	-1.31612984961053	1.381312914889	-0.793344846007261	20.2686061916804	0.798939067923141	-4.23991956985949	2.30694395222531	-0.0880614074093067	-4.35585211802513	-2.14604650958972	7.44323661234564	-2.72842964171712	-8.51680156912106	7.17070467282853	1.74933721853687
HG04229	1	STU	Sri Lankan Tamil in the UK	SAS	86.9016242365284	13.9656495026307	107.237972599994	46.3156268227077	0.553192113467032	-0.74624696823643	1.24585225471407	-0.952126997599291	17.6341969726265	-3.64234657537961	-4.07423427819131	4.97945838512184	2.17048702621302	2.46795842464403	-13.6192106440911	14.6363996100202	0.690991247953896	-12.7745626720653	6.55340894907637	1.21256837085059
HG04235	1	ITU	Indian Telugu in the UK	SAS	86.9681040293851	20.4483220455439	105.906484578361	44.7849663565835	-0.966593639373241	1.29964071351256	2.37483130839024	1.29193339521958	9.3254124933399	-3.77977811278196	3.28478241433336	-1.36667825709585	5.34403933682799	-8.4623328632588	-6.55909392363428	14.0722210804396	-2.68752372646226	3.55595254413982	2.89508754339744	2.55838823385719
HG04238	1	ITU	Indian Telugu in the UK	SAS	88.3624994671172	16.5692701930588	105.753055515026	46.6865881030213	1.53656436993092	1.46306449558073	3.20408169086934	-1.50212100961513	14.4392216487917	3.94947695247596	1.38878828833018	-1.0489432324786	8.34301946010476	2.81124595256763	-3.65980279026436	5.7991993800779	-4.44194387035381	-8.62314723626835	4.33060435351205	4.35882209489226
HG04239	1	ITU	Indian Telugu in the UK	SAS	87.0319454867074	16.5426682999923	112.168547843632	48.9600841811284	0.627516030227793	-1.38314028052862	1.77926107626684	0.0453650657121734	21.849837809171	0.440070213928225	0.636078432349131	-4.567947831052	7.09900910528887	-5.29330039035591	-12.6614000875222	14.3199349476687	2.15678566380524	-6.32977798272974	3.44316994348584	3.39504850735788
NA06984	1	CEU	Utah residents with Northern and Western European ancestry	EUR	96.5432176178196	141.696643194906	-29.7442381604635	-48.2484200202351	-11.8761924183047	0.0496352012102838	-3.07864875028923	-0.599623479927202	-1.23403073889833	-7.24362506011188	20.1750844020201	-13.5373151540447	-6.67875356981107	26.4286266033062	5.70507155536835	12.772546501881	-5.54625098333167	-7.71116811227532	6.04293276305314	2.55114846512736
NA06985	2	CEU	Utah residents with Northern and Western European ancestry	EUR	93.969062272395	141.326354419388	-25.284490307727	-45.2766802975653	-7.17069355289505	1.65890550376502	-5.20469915537825	-1.55055389393329	-5.76832026635483	-10.9069361035894	21.7600229114869	-17.8808553830776	-4.18346226968494	16.1374057809128	3.94677905309563	11.4915100171458	-3.0463918225467	-2.26493989445669	-3.85634023199049	0.979707085480015
NA06986	1	CEU	Utah residents with Northern and Western European ancestry	EUR	94.5762921302582	141.451540205053	-25.8211894894136	-45.4174157386406	-13.9625281776763	-0.384076258466935	-5.66851485546395	-2.52205901554661	-6.31305066278132	-13.7072308743409	24.4971987343478	-15.5823455586326	-13.3534947090508	26.9945476591099	5.82158848684341	14.1101787667422	-7.59977765861239	-10.8827933997701	-10.4001812272257	-5.94781860616727
NA06989	2	CEU	Utah residents with Northern and Western European ancestry	EUR	95.9882978069895	141.148094406326	-27.3446335858845	-48.5734956942598	-14.8887963262164	3.53393320615378	-4.25209224050641	1.49833856501639	-6.77273807675127	-13.7315749869844	24.4151397018803	-19.922862628483	-5.43192650012008	28.6372289071737	9.25049061394733	13.0783005676272	-9.09757173339986	2.19043276569166	-2.31839025581688	-1.60036601884474
NA06994	1	CEU	Utah residents with Northern and Western European ancestry	EUR	95.8549732466274	140.952750185798	-26.2401116955815	-45.0723261609544	-15.2041238866663	-0.779320136488567	-7.62263807475929	-0.9538421839604	-7.65560314663929	-10.2370490979623	20.6072850584541	-16.6975623693568	-10.0131110094586	21.4371516024608	2.69011205794807	15.644881535889	-1.22692188476634	-1.03453627202686	-6.97164846996734	0.895417499084729
NA07000	2	CEU	Utah residents with Northern and Western European ancestry	EUR	96.9549399184602	139.465204539411	-28.2630739830662	-43.1976400162043	-18.6982574599893	1.11903706132579	-5.34947588938436	0.0259269411688889	-3.8358569089331	-8.58386282344016	18.8559220737417	-12.2256455570614	-3.61010157937429	10.1074413425554	6.59047302382733	18.8744356258695	-7.96995810636519	-3.81595151744108	-4.67241693579851	-0.0435005318506672
NA07037	2	CEU	Utah residents with Northern and Western European ancestry	EUR	93.9938681432866	141.859949399556	-27.4166923214871	-48.4513194514129	-7.4154315570742	0.203654579604608	-3.46458570962668	-2.15527100514187	-8.20233547042902	-7.31237679806604	21.5268805161482	-19.5628592535573	-10.6942728387614	19.3548820671261	3.78537990422925	10.3302296367444	-4.96717394945856	-5.34909925122123	-0.284555247831327	2.49876240308249
NA07048	1	CEU	Utah residents with Northern and Western European ancestry	EUR	93.2339532094666	140.450602042115	-26.2734100170492	-51.0406723479144	-12.2786938735419	2.13061278053589	-4.07685525319788	-0.550773731635585	-5.61627378610795	-13.622943519573	25.6673612133226	-15.295335798469	-5.42799376232495	22.8975434193773	10.6250361476871	8.33467840445293	-0.989873932880083	0.317592309801217	1.51914912946307	-0.640209451924687
NA07051	1	CEU	Utah residents with Northern and Western European ancestry	EUR	97.5461033379845	143.852726221173	-29.5457300084398	-49.921181866049	-16.657802078232	1.49510366717787	-7.37280848010741	0.598932519295827	0.526252485282923	-9.67739245307708	25.0342489348844	-16.1403201079221	-10.7647185768099	23.5963516693963	-3.04282423544229	15.2799105319393	-6.16309348400474	2.66819513424068	-8.38532561895201	-0.567677721700124
NA07056	2	CEU	Utah residents with Northern and Western European ancestry	EUR	96.8924110831966	141.549552207511	-26.3748649207614	-45.4170749251416	-9.71476067843248	1.04580779150087	-3.4970326801662	-4.0851432201481	-3.15900927987548	-8.75837264483032	21.9795629480726	-16.415716103489	-9.08295269391054	18.479242991188	8.90843762374971	8.87049857868621	-3.17651944450157	0.706156618438897	1.3477861209664	4.70518347977505
NA07347	1	CEU	Utah residents with Northern and Western European ancestry	EUR	95.1574564106215	144.405947115944	-28.6449383165468	-45.5772440125292	-7.10375322485713	1.389274153397	0.750954529406872	-1.7889852704896	-5.35992042650912	-9.34868382654114	19.0901878931241	-13.4083062183438	-6.11934008859618	20.224256136844	2.41128325399781	8.46657782517197	1.34819110998032	6.44978752761872	4.33417066278598	1.85797890685553
NA07357	1	CEU	Utah residents with Northern and Western European ancestry	EUR	96.1746833416927	141.97667461561	-28.8595370155578	-45.4628089683704	-8.78748625651155	0.10857927251113	-6.15114734376353	-1.55846675844058	-5.00259067102932	-10.0784146516196	20.7297610535204	-14.2351431741805	-1.99248182096672	14.3427411736834	4.16788496766238	5.77296979752912	-1.60591734045476	0.905078295953792	-2.99768273817902	6.13779533665536
NA10847	2	CEU	Utah residents with Northern and Western European ancestry	EUR	94.4304217091336	142.184810649552	-28.091572643892	-45.9865764047637	-14.5204695902226	1.34481716302507	-10.1692611041424	-3.30350795372858	-3.25604770038651	-8.02580811309361	24.345432741284	-12.8475176416836	-4.54277576764568	8.53391840588343	2.26041241628967	13.6440478655614	-2.50510900053244	4.19702716058012	0.368561381764724	-0.104820860895787
NA10851	1	CEU	Utah residents with Northern and Western European ancestry	EUR	97.5609998746602	143.140857462609	-29.5516405527144	-46.8249068955942	-19.1636963344187	0.116107732528433	-10.2234455026675	1.08420980094753	-8.93422891662503	-9.67145128555026	23.4258666809423	-16.1525526011689	-10.8783035764265	22.1278744166516	5.97103550905065	9.09232608462033	-4.66165501406636	-2.97434942698065	-2.2610087614747	-1.68589100140961
NA11829	1	CEU	Utah residents with Northern and Western European ancestry	EUR	96.2557582039256	141.630706937621	-28.2029695865237	-46.1983840619657	-23.2127006471705	-0.0132119238335645	-7.93819650066737	-1.53998953385752	1.12267170175031	-6.58790921092652	21.0075658239659	-5.39372753929791	-10.969454848634	15.8407977207329	2.4955788656398	16.8741392763127	-1.77314446389676	0.288160483510555	1.25391576855006	-2.45600799771466
NA11830	2	CEU	Utah residents with Northern and Western European ancestry	EUR	96.1851451937327	140.009502646677	-27.088793364611	-47.2460968856271	-17.3723651310884	-0.732876737890706	-7.00944649610897	-1.8296739643023	-7.74807100695195	-8.09316012671592	17.6202999704811	-12.9769741607462	-3.43297441626588	16.4468120112921	0.543605403356125	4.76209840045009	-1.34625205689112	-1.34873850875329	-7.93981528087921	-0.687186326345687
NA11831	1	CEU	Utah residents with Northern and Western European ancestry	EUR	94.1262734305088	141.22592628419	-27.9868689433474	-48.4045536600831	-7.25509710025052	1.67379974455486	-3.42129560044579	-0.880264454978268	-5.44726519929352	-9.65682007432552	22.4264382308917	-10.3683245035244	-13.2854421095654	10.7662820168212	2.87278545348285	1.19853672597234	0.400825450499839	-4.69765212337789	7.40124074001326	-4.62343259862222
NA11832	2	CEU	Utah residents with Northern and Western European ancestry	EUR	94.933174568571	144.699210134488	-23.1372238596586	-49.6544069883878	-5.25450130539807	1.63049394257011	-0.837362792704292	-1.09818992195422	-2.49204816421202	-7.13718798030799	19.9868636332408	-17.4233643717906	-3.94273942623433	7.61798042121821	-0.0321478233701015	6.58076030207501	0.347696690177389	1.55343259062243	-1.75037647696863	1.04682753314066
NA11840	2	CEU	Utah residents with Northern and Western European ancestry	EUR	96.754566745609	138.035343026182	-27.9271787174303	-44.2738807023129	-22.5705847018569	1.36544671237408	-7.56148628849855	1.69642879345615	-3.2776097717298	-6.35747312838354	15.1931033311589	-13.661828086	-0.864282604414701	16.1817989629941	0.147007729226341	-0.282163906789049	-3.53120491403523	3.99844288342975	-0.0942152739818558	-0.0819904717906722
NA11843	1	CEU	Utah residents with Northern and Western European ancestry	EUR	95.9715812575481	140.090359921893	-27.368412507096	-48.5061442349769	-11.9113150122455	1.44882976392612	-6.54850966579713	-0.557258160683142	-1.94310818656361	-10.5091748099167	20.887591739933	-12.4170689533806	-7.74664949988095	18.1108330473515	0.363567129388972	11.4601776839282	-1.38037853833342	9.55710838977538	3.99285932920126	-6.03586974394493
NA11881	1	CEU	Utah residents with Northern and Western European ancestry	EUR	95.5937528250744	140.904102755685	-26.9970868581745	-47.3017924916056	-13.9254806571697	1.38067446451569	-4.81309948149947	-2.94611592197714	-8.25936249744859	-8.20227131659922	24.9173162767236	-11.7921994846102	-0.223124833906687	10.7830054616178	8.77525720142902	3.82052374148433	-2.26864071890869	-6.1005878567333	-2.32790175880889	6.67525580953001
NA11892	2	CEU	Utah residents with Northern and Western European ancestry	EUR	95.2157098729613	139.775740861916	-26.5894289909248	-47.0814161513978	-13.5185213870709	1.45430927516604	-5.79541712010888	1.083103788132	-4.75583072509284	-8.59134015968747	22.2098930021553	-19.0762607225571	2.47122636486766	19.4775605877888	5.09720698167593	-0.36772744691947	-2.43437829493704	1.19940649027606	-2.51584883461736	2.5899779187395
NA11893	1	CEU	Utah residents with Northern and Western European ancestry	EUR	97.4297429393296	139.384218948693	-26.1616948087495	-43.6457373549828	-8.55498808764379	1.63068223211016	-3.89972255015394	0.152652699162042	-4.65461702817448	-10.6132328404244	23.3766190750644	-22.7313717849474	-5.53128010325505	21.2135564777181	1.27100580355541	8.9489205603513	-7.77078476492992	4.24970478578864	5.2643641327619	3.41384312824993
NA11894	2	CEU	Utah residents with Northern and Western European ancestry	EUR	94.7823345374982	143.574926648757	-26.2199477781139	-47.6320250011038	-10.3432180918609	2.0051147972992	-5.38614130495163	1.34217781651889	-6.58036195141341	-10.4859367110106	25.3597531075375	-14.1120004601881	-10.9591328190593	25.0341399071126	2.73574330023353	8.48607045532211	-4.58082415479487	-3.62754846302619	3.22766386619241	0.841648535884814
NA11918	2	CEU	Utah residents with Northern and Western European ancestry	EUR	97.4768949913502	140.462920481889	-27.7608978463975	-43.4202125065389	-7.57889520336464	0.935239992313856	-2.60564986050276	-3.88310768949177	-7.27755501859818	-8.30330494944148	25.6774472398597	-14.4931865179374	-8.29012494761366	25.1836163215948	7.40953745482071	6.41394335412615	-8.131594091028	5.97617049750307	-1.26320174903511	8.68579012707133
NA11919	1	CEU	Utah residents with Northern and Western European ancestry	EUR	95.8889294097705	141.918114195638	-23.208457061682	-42.0719620424512	-9.13348211338531	0.922298304172532	-3.0328544399833	-2.49130576836139	-5.97267002696981	-9.73526975437679	23.4218357181731	-18.9154955126609	-5.54914410112177	17.5213833980705	9.14614354956923	10.1097280751899	3.92127127374712	-1.45939241890764	-5.30247873924851	-1.43282536762434
NA11920	2	CEU	Utah residents with Northern and Western European ancestry	EUR	95.1652879765837	142.877491426391	-27.0519205692594	-45.6236459841701	-11.6696154724835	0.631629515769178	-5.43998539299885	-0.159173740588235	-2.25383741809213	-7.35847423242404	22.8140029116997	-11.8084958450915	-9.50565742544318	14.6136733990725	1.7101817436204	6.44083514659878	-1.92276970350223	-8.68216759550632	1.72932647017197	1.05329648608841
NA11930	1	CEU	Utah residents with Northern and Western European ancestry	EUR	94.0444490495724	139.03932014533	-25.6849719219738	-44.1336793837486	-8.13279995300552	2.58492599171436	-3.64660465223435	0.418355283216753	-9.2049682741869	-7.7329820842882	14.4044398758722	-12.9362632114167	-2.61727910915118	10.473398663918	-3.53814421143155	8.49710832410474	-1.81702214515196	2.44386580694351	-2.43347617597426	-3.88201987760556
NA11931	2	CEU	Utah residents with Northern and Western European ancestry	EUR	95.3337600850748	141.925992918835	-26.3165944492377	-45.4430251859	-12.9245648631093	-0.965497572900899	-6.48292623985842	-1.9706413392906	-6.87848840760104	-8.36645699187545	19.9928153859503	-13.9649832962268	-6.8167705174219	24.1274421587602	8.75103877940864	6.62818179575093	-2.90548583129744	-2.45463028269429	-2.3486506887618	-2.25306358160563
NA11932	1	CEU	Utah residents with Northern and Western European ancestry	EUR	93.1946138428766	145.504453503857	-26.0850048671739	-47.4635667540617	-7.14974871661853	0.157234264067246	-5.92334024134512	0.0100179478149963	1.61295598724558	-5.8380689563223	19.0169285064452	-15.666183568976	-6.51150069263338	14.0882936676801	4.49240954724673	7.35463891515751	0.34733596662094	-2.6829255662732	-1.19418779622239	0.605235958331009
NA11933	2	CEU	Utah residents with Northern and Western European ancestry	EUR	95.0663845172391	142.236362710402	-26.020759950599	-48.5616605480796	-8.47245836444933	1.22641137090268	-2.26794724462848	-2.09829569507267	-3.03928541123867	-6.47733874341809	22.25696898531	-15.485823748133	-3.13321239936774	15.5980175502664	5.40487621112675	5.29200692400195	-4.25814333783508	-5.47850545648753	0.287748272167613	-2.59759625741469
NA11992	1	CEU	Utah residents with Northern and Western European ancestry	EUR	94.0355751285004	142.207743751227	-23.5478580792175	-47.5699352040312	-5.55340844020687	0.403182353747731	-4.43941972867978	-1.31861077169695	-3.43014681200302	-9.16326731579607	17.2058971422315	-18.2041010140676	-9.40969975028783	14.5856219667966	-0.128141245590224	3.56036307866714	-7.16244104472797	2.86257858158845	-1.46139506849451	-1.3069827557666
NA11994	1	CEU	Utah residents with Northern and Western European ancestry	EUR	97.089265451054	140.748795980373	-30.4920903309492	-46.5290504452567	-10.1459218826761	2.55248790042146	-5.71279257213425	-1.28267994946913	-3.87644668754909	-11.7664102261725	31.5281347661025	-20.6434437313673	-4.25561436123075	21.1709811233885	3.84502246929087	8.23502528097855	-4.42344844876769	2.87571671276712	2.1585798582513	3.4315030275347
NA11995	2	CEU	Utah residents with Northern and Western European ancestry	EUR	94.5257126522896	146.536472726601	-27.5152628252954	-48.9283160031242	-13.5029454258045	1.08119220265378	-5.61737022127948	-2.19805346486617	-1.38928432071154	-13.7424949210767	21.1367757905964	-15.8850886879247	-8.42010646687184	18.2681996113388	3.74735832773986	14.9771724461196	-2.61680753122852	1.60693112053239	1.22866449258766	4.02826840941769
NA12003	1	CEU	Utah residents with Northern and Western European ancestry	EUR	97.6071526305774	136.78416864641	-26.1245928979404	-43.5632098951198	-26.7886023220859	3.15867748689999	-10.9440618959371	3.20335230359626	-4.067676212417	-7.08650448189611	17.9634610241735	-12.0859922700633	-13.1041201895579	16.736404925728	9.65199706331689	12.2596820301876	-4.95120536996084	3.40682783988363	-1.64067057311946	-5.24378595251124
NA12004	2	CEU	Utah residents with Northern and Western European ancestry	EUR	95.2647593878617	140.453440671926	-25.4685610606378	-50.3704673844775	-6.25825356539178	-1.04065566109995	-4.14649539211498	1.47796746886252	-7.76000197997128	-10.5997578927744	20.247964365622	-18.0938750030292	-0.467335739030843	11.5568993224632	2.84100516778386	2.4690422707975	-7.6942633055873	-3.53599273713725	1.34247983490166	2.63576120812622
NA12005	1	CEU	Utah residents with Northern and Western European ancestry	EUR	97.8117330541102	143.465700894908	-27.4835834891765	-47.1335188409754	-11.7555758934467	-0.477978721007933	-4.7813126729282	-2.05913372824357	-3.6614552318096	-9.18675538115003	21.2161792892324	-17.2429901241539	-5.77051173977548	23.0910209826209	6.89612677984852	11.5146829742746	-1.43088896409037	5.85537540408251	6.08173764330018	0.304234733438132
NA12006	2	CEU	Utah residents with Northern and Western European ancestry	EUR	96.1077279788157	143.554032528615	-30.1741545305769	-42.8599707690324	-11.6382531109539	-0.108397057627768	-4.77848713627221	1.40776665434176	-7.09479409972144	-7.97614649311542	21.9386904061313	-13.2430592308745	-3.09677872690694	19.8990405820069	0.632320251787809	7.20263586001724	-2.27080279690476	1.79766949402362	-4.17431876673229	0.44503790528672
NA12043	1	CEU	Utah residents with Northern and Western European ancestry	EUR	97.7438561158105	141.758822983332	-26.6125247182196	-45.4552268892695	-6.52722545617063	0.982308514871484	-5.44119146711899	-0.0366367548837824	-2.21866252968292	-10.6054491263694	24.7599595572592	-9.49463636076365	-3.95676840687659	16.013046138444	1.37536604671059	3.39932738931354	-4.28063390886129	4.88409050439903	-0.791473805211529	-1.46882524591461
NA12044	2	CEU	Utah residents with Northern and Western European ancestry	EUR	96.0206719326218	142.34255313811	-27.2971677088858	-45.8231902262524	-10.7230285821714	-0.661348487469225	-2.77495466380053	-1.02328302925957	-4.14828698358503	-11.3410989409583	23.5142479476557	-13.2735044942401	-11.4434708209544	22.2546264872855	3.85253667598051	6.03764053344631	-1.66043034100692	3.66229909204124	1.91548027986793	4.98602855362053
NA12045	1	CEU	Utah residents with Northern and Western European ancestry	EUR	95.3663651869413	140.262372951492	-30.0130731845336	-45.0824412333438	-7.12607404432196	0.578904640963099	-2.01016187930348	-1.78999073473575	-3.42244807177636	-9.21810447353016	22.8621160142858	-16.1898035953311	-9.1470472019078	21.9691217200844	4.58154886252637	6.12936935817125	-1.0591292208814	-1.94696527719376	0.168323416437594	-4.81983374021957
NA12046	2	CEU	Utah residents with Northern and Western European ancestry	EUR	95.2783986643409	138.580126022001	-27.6160123350806	-47.9276056442363	-15.7450697734857	0.104225433996666	-5.69019574777299	1.63730841541441	-7.82687916883872	-9.63931576895422	21.9750670728676	-12.6506239794319	-5.71233369551262	20.1603763909388	3.32248709850992	6.77285890671313	-6.66891087059815	-0.929726565893732	2.3236379145801	-1.1052269836501
NA12058	2	CEU	Utah residents with Northern and Western European ancestry	EUR	95.8507179691755	144.030546876751	-26.8026547881631	-46.9808837245715	-9.36178723191761	-1.30982280318754	-3.1273686779961	-2.36428502604102	-2.8231961464543	-12.6632474531316	25.0345092372029	-12.6066942386654	-9.97525960408573	23.3650138087638	0.630222844537886	7.42105234183632	-4.62723352356927	-5.11147492116056	-0.449246912149412	-4.68017970750878
NA12144	1	CEU	Utah residents with Northern and Western European ancestry	EUR	95.2858954143435	142.113874310898	-22.750808339176	-46.2037796625605	-4.57247004128162	0.48388244753231	-3.11904568160321	-2.94305295882547	-0.787920298914817	-8.28096580706479	19.1959511548598	-5.28154537240936	5.67323111590226	1.25450511601318	4.08280206465918	-2.39071341208048	2.40731806350287	11.7640427884312	-7.26085654151501	1.23003051367025
NA12154	1	CEU	Utah residents with Northern and Western European ancestry	EUR	97.3900647102929	140.764856312984	-24.9019231640983	-45.9012460295498	-15.601310832348	0.635221545216235	-7.83930800296684	-1.82706255349299	-3.1319507811441	-11.1707826006663	23.0448054604301	-15.1767623268867	-4.2379787529194	13.880510900512	5.93595710398598	9.99754973209055	-1.19867188064841	7.80067663559445	-7.48573827767397	1.61114926974062
NA12155	1	CEU	Utah residents with Northern and Western European ancestry	EUR	96.551508236908	144.308733275109	-25.7709114265107	-45.2257931242023	-12.0830530874263	0.796656329783943	-4.71241859968355	-1.70341568692567	-4.04297085266649	-9.96567726127052	27.6252699784766	-16.520669860583	-1.42941844257479	23.1600836516474	5.56053818462838	16.2327005680143	-6.02157706643675	2.55685867616349	-6.76210350624628	0.381891716207731
NA12156	2	CEU	Utah residents with Northern and Western European ancestry	EUR	95.9204008667548	140.709019761258	-26.1639210494322	-45.6595290093083	-10.7394057490695	-1.64320768558193	-5.36014871292288	-0.875388111766198	-3.66660590242588	-11.0067874297484	20.6621344515127	-15.4129093784773	-2.29289359651526	21.2417071525169	4.1544227227609	15.3138847253811	-8.75332533742415	-3.30346301048774	6.74727936294396	-3.08371458990413
NA12234	2	CEU	Utah residents with Northern and Western European ancestry	EUR	96.9271646527109	141.899156696345	-26.2268941909045	-47.3589655465457	-7.0775739644723	1.35699696785228	-4.01734630540292	-1.74666080071614	-9.20795618183084	-8.35314932723883	21.9560884044711	-10.8103646082644	-3.93912685560419	13.6992495468079	6.41801574466655	10.4738318501843	-2.73495693743717	3.77836797287905	-4.81557866706638	-0.785522212422842
NA12249	2	CEU	Utah residents with Northern and Western European ancestry	EUR	99.8793675542149	137.267757180553	-26.2707726828187	-43.8102590538636	-25.5170834504663	1.33282045260993	-10.7966565028636	0.33568316838605	-1.20289453531261	-6.51452563859583	23.663722779696	-12.3793955574209	-1.01267404691379	14.3417542254996	0.752817540470211	8.20210989469114	-3.40223369395455	6.42973161578753	-1.72719843238716	2.47653197138976
NA12272	1	CEU	Utah residents with Northern and Western European ancestry	EUR	95.3488166001441	142.064842808144	-26.3392605834207	-49.9851966299849	-5.1954608409857	-0.361032830532748	0.31323410549781	-1.54982638000961	-2.7272093434574	-8.32747416470412	23.5262726733358	-16.4427035754364	-2.39102242955327	16.1562625733021	8.87217984293436	8.23103536821263	0.193931724549636	-10.9845124514888	-6.00850615328687	-3.90805235614181
NA12273	2	CEU	Utah residents with Northern and Western European ancestry	EUR	93.1251069752093	141.810799739709	-23.113478595956	-46.6422035350179	-7.50487264233148	0.937447092914183	-2.84018797798983	0.13810847920055	-3.90868871498717	-7.43165503379996	23.7802545407221	-7.46632267873209	-4.1031983372276	4.25695930142301	3.68811181568856	2.52424451484242	-3.95337626602844	0.622962523809789	-0.213860642319474	3.47402841749808
NA12275	2	CEU	Utah residents with Northern and Western European ancestry	EUR	94.8197558671408	142.050825779725	-30.6718043778742	-46.6838127376714	-11.0257213605114	2.6573004258303	-6.95316839763211	1.01617375032466	0.166160898217129	-11.6688099547176	22.6786637587132	-2.06170695280755	-0.133765095690631	21.4551031638493	5.0555796480335	4.40703928112735	-8.0298732669184	-2.92350219168794	0.451347442058961	5.12354611750777
NA12282	1	CEU	Utah residents with Northern and Western European ancestry	EUR	93.4934943409108	141.287904117406	-27.7922596759732	-45.1953387650553	-3.09037970205451	1.65528509141067	-1.48482367439347	-1.54371729543986	-4.33600212697447	-4.53092945851927	13.4574097302939	-13.7857190231026	-0.904383755508297	6.60447011980436	4.36555342631754	8.43392329520016	-3.23233315409139	5.41176783512974	-0.173013771945596	-1.24622478768327
NA12283	2	CEU	Utah residents with Northern and Western European ancestry	EUR	92.9251719984023	139.20400178146	-27.4386990912828	-46.2661266545386	-5.14416764307569	1.82827209105963	-2.14407759354226	-1.37375455613977	-4.10551828887196	-10.5555961223752	23.127914506884	-14.4636509845798	-6.83724631207202	14.4487311321897	7.43042862007436	8.61985522329244	-2.37635333970523	-3.24549059797077	-2.48639446722628	0.176446450072759
NA12286	1	CEU	Utah residents with Northern and Western European ancestry	EUR	94.746273553005	134.591009906343	-22.103502104407	-41.9778838032845	-15.2251248664029	-0.980901808991174	-3.10301839632459	3.03030659737949	-4.42019268833866	-7.69455565108745	12.5149863301061	-10.1671577536412	5.80186821531347	1.51598148813154	-5.79575364177519	-0.384071901171802	-0.681834114111387	7.50734251586719	-5.53068713947042	-1.32579261163364
NA12287	2	CEU	Utah residents with Northern and Western European ancestry	EUR	95.145109855891	142.6019342329	-25.3930328018773	-47.1219479842776	-3.61385443846695	2.09657370603878	-1.75118405137197	-0.269739816802656	-8.80299405334737	-9.6353123180699	20.5612630121823	-16.8476934457384	-7.30193787885494	11.2493341242982	3.2438516172294	2.75155021780375	1.39143679709565	10.5313805050939	1.26404074840229	-5.39312255923442
NA12340	1	CEU	Utah residents with Northern and Western European ancestry	EUR	96.0767420207003	142.457193848861	-27.3006352570744	-47.8751972033282	-7.83811175489138	0.720350640162276	-4.08784365777502	-1.23008570752569	-3.15981039473654	-7.35188810121232	24.2625463006324	-16.4478695081401	0.915219105838085	22.5029471902515	8.18029937344218	11.8455360405703	0.165855671650397	4.39612611501255	-3.15172073546225	-2.70719572582155
NA12341	2	CEU	Utah residents with Northern and Western European ancestry	EUR	91.6874415646709	142.081517427538	-26.8832627906068	-44.4264749066003	-11.4977055887104	0.426252916358818	-4.69360267496142	-0.824104215899615	-6.49606297316203	-10.5713542194721	24.800409073528	-15.9096293362655	-7.80380870502861	18.7070875805206	0.757736570180054	7.3046893573638	-6.56399369761716	-3.55060963418914	-5.56126811888372	-5.90241450587362
NA12342	1	CEU	Utah residents with Northern and Western European ancestry	EUR	95.9049665177189	145.446576281179	-28.4356851138638	-47.1426093737081	-11.5396471461206	1.08793043023808	-5.11503734514309	-2.04642910606659	-3.52925964656728	-9.83659775109449	24.2404619537955	-22.3917719842555	-9.57934104784351	20.2867390959003	6.07109688276171	12.0366189507528	-0.584814832344	8.90880686465972	-0.173447686400687	1.86740904852006
NA12347	1	CEU	Utah residents with Northern and Western European ancestry	EUR	96.7644394416811	139.319907244164	-25.2874789979623	-44.3904431033569	-20.6692166754771	1.77392844101476	-8.79595672730255	0.645376499863238	-5.27494224031175	-10.0104032416805	21.7636965415223	-18.6274395756089	-4.98909303960029	25.8588678498428	8.0952895655388	2.56160591826135	-5.6378081906015	3.6033539520287	-3.2865556032701	-0.888827070299755
NA12348	2	CEU	Utah residents with Northern and Western European ancestry	EUR	95.8510172998332	138.094517375031	-29.2235480355178	-43.9974325319691	-14.0267909929466	-0.148557665647939	-3.85191818517161	-3.90903468009275	-4.66565433199866	-11.3177672716302	25.0683603378006	-18.853001927454	-2.15163579586293	16.1048161976056	5.73547174149335	10.6226391718505	-2.20744536249611	3.21591138836535	-0.495353998664792	-0.423271901496682
NA12383	2	CEU	Utah residents with Northern and Western European ancestry	EUR	94.2971823511695	141.706296335527	-23.9137504394213	-47.0099970710113	-4.15790616777845	-0.52724231136411	-1.63947045874541	-0.900680462548864	-0.474872302067557	-3.61624142598208	19.0932723005093	-12.8657048818042	2.31580407147352	12.8891120395419	5.62863800289144	3.93521649438775	-2.98778703516422	0.970459922623992	2.11384187016211	2.80930608339068
NA12399	1	CEU	Utah residents with Northern and Western European ancestry	EUR	94.9845634703673	140.355086349013	-28.1183669696688	-45.8778179480036	-7.65324391516556	-0.56144912677328	-5.3978685115169	-1.44514731732785	-7.72309506166352	-13.1079114891634	26.7924491230722	-13.0309458895331	-10.1884035521142	23.3487099418263	11.255056378315	13.4208108557774	-3.94189907499904	-1.40421310841159	-3.65974813760795	-3.43460987135381
NA12400	2	CEU	Utah residents with Northern and Western European ancestry	EUR	95.9524191958662	143.783190507999	-30.399128328952	-47.0868595952582	-5.87988803089735	0.279629536711114	-3.86707051200143	-2.13423672309263	-2.38766678031967	-9.16878681311747	23.4023194830595	-16.5500445268443	-4.11588257186072	19.1174211348106	3.78852011923248	0.516155648487024	-3.34330262630423	4.08959817620965	-4.75037312950903	0.87081978190709
NA12413	1	CEU	Utah residents with Northern and Western European ancestry	EUR	94.5726551191655	140.68840973925	-27.800528765439	-45.9139501252492	-1.57237121159641	-0.15546325241071	-3.30806607866989	-1.90201537721995	0.545988461995299	-4.63173846599482	14.5127374220615	-10.9259618664903	2.27870303177638	4.38546454934694	-3.93226876968257	5.32095014664079	-6.31784566164696	3.8607961559428	-0.301157921209235	3.97519800048032
NA12414	2	CEU	Utah residents with Northern and Western European ancestry	EUR	95.9476304653717	141.699611010406	-29.4954613024795	-45.4776979879256	-13.157096499066	1.45609255071137	-4.07318926293206	-1.12414957400052	-3.19020660190372	-10.0478015549311	29.2170665975071	-12.1992372880349	-4.59148981130737	20.9378525165281	5.66337694758527	18.7782810867264	-0.701739371963291	-0.19897689669496	-5.50067241316567	-4.2326560681229
NA12489	2	CEU	Utah residents with Northern and Western European ancestry	EUR	95.1668573879142	143.550995339197	-28.0869631409547	-48.1577914931546	-10.17126477964	-0.46508075720102	-3.05841269100425	-0.70059703174464	-3.35271253767122	-12.4917821933083	29.1435951502198	-19.2601316778364	-5.33054848401035	28.2206800374879	1.41165613813816	9.97301801886625	-4.48916097426638	-0.260183412004386	1.55560526011215	4.1880024030765
NA12546	1	CEU	Utah residents with Northern and Western European ancestry	EUR	94.4089943636682	141.910549986505	-24.7404697347143	-43.1837122682147	-10.9527433224033	1.36478121878062	-3.46710854876256	-1.14923809233033	-7.31636628272658	-8.72575157561448	19.9369081647056	-15.7019372771431	-4.21670132798003	20.2380415656421	7.45872312052454	9.76055359323113	-3.10072323421313	6.03687746840998	-0.906211941753397	2.99935554278061
NA12716	1	CEU	Utah residents with Northern and Western European ancestry	EUR	96.6975690021884	145.325674623149	-27.1825754522423	-45.974216077448	-16.9036986427395	1.19510273166446	-7.30063472976331	-1.97453096605353	-4.7319098389117	-5.7726208099554	21.7355804967547	-22.1133479657637	-4.81355790222738	15.2749019023675	2.03042646559404	7.74018572258081	-8.31819740363128	1.66001762851232	2.5293331046897	-0.957935324891922
NA12717	2	CEU	Utah residents with Northern and Western European ancestry	EUR	95.2635663892894	141.220178746788	-27.3675732510325	-47.2843840934007	-12.3172185599925	0.907293328161526	-5.42443932841328	1.25656276645723	-0.424517171703412	-7.34983414082101	19.2953337152282	-12.5403119128542	-3.86188382539465	19.9166758538468	0.0824714676462451	7.16882803517169	-9.20332086380827	-4.32463013108529	0.37972634644151	-0.619670888459641
NA12718	2	CEU	Utah residents with Northern and Western European ancestry	EUR	94.6810696455999	141.868298495873	-27.0877821924472	-45.470233673932	-9.22138897303866	-0.856986287211243	-4.78715555174039	0.984089970953773	-3.83018194395938	-8.68575665276109	23.5386368864358	-13.4343381895402	-2.3321402601124	14.7701015543123	3.53731436815276	6.88650105712092	-1.50286763804922	-1.98641624957894	2.59236437914155	-1.4661497090645
NA12748	1	CEU	Utah residents with Northern and Western European ancestry	EUR	96.9858440935793	140.565823440437	-28.5996447666094	-48.9801699427828	-10.1611082995806	-0.638213558369743	-3.18123909373132	1.03390716116342	-5.55805434107985	-9.63407928981431	20.1522295417984	-20.5000801264694	-7.68976053573484	18.8982604862545	5.44173839574041	12.8644300212583	-3.5071062882526	-6.08658655666969	-3.00433176977508	-0.764476462656577
NA12749	2	CEU	Utah residents with Northern and Western European ancestry	EUR	96.7707186429729	144.62478811025	-27.1426374047567	-46.0625021067628	-7.59985735358341	1.6743728771506	-3.8050648781632	-0.53716322852935	0.475234482462088	-6.2418806944291	23.030537544964	-20.4116698592203	-12.2677477763062	21.9938224842523	4.2621671298131	14.0990267416315	-5.93708553289163	5.72563522417237	2.29903268837155	-2.51143007610273
NA12750	1	CEU	Utah residents with Northern and Western European ancestry	EUR	95.0968943893485	140.11028517142	-26.6374235482721	-47.2243796532481	-8.32711340582068	-0.349269507340921	-2.72311148404189	-1.19824719208656	-4.51488296251126	-9.76311346265278	21.9880812109397	-12.1550156980612	-5.91332722264078	19.6738928146606	8.23237376535875	1.9360107319765	-4.0912269883052	-2.69575338471911	-0.681193016639989	-2.81503323060358
NA12751	2	CEU	Utah residents with Northern and Western European ancestry	EUR	94.1290449656485	143.112871703193	-24.8971003366687	-46.3994639708889	-16.827372376252	0.168622742853074	-5.53177773040296	-1.45587390832065	-1.93960447860633	-11.336734447234	27.3089940186723	-21.8016689275993	-5.39590969563356	24.322886797153	10.2689481839319	6.8858136847981	-1.55281392208393	-2.7380210024097	1.48743125890865	-1.47309812214994
NA12760	1	CEU	Utah residents with Northern and Western European ancestry	EUR	92.7640753440327	139.817969801943	-24.0495082258934	-44.7646866750328	-7.90754241015034	0.943554998776097	-4.40294574480257	2.86315231119992	-1.96500988455729	-10.5935479523883	21.171146112186	-16.3016538348884	-4.43182265032746	22.7653868144943	4.60309175834897	7.71911951852814	-3.01463672488453	3.3074156206971	-2.77084253935976	-3.96876740559065
NA12761	2	CEU	Utah residents with Northern and Western European ancestry	EUR	95.8028130128111	141.80766978523	-27.1992458679305	-45.3276059724308	-11.0575297005369	1.41159995055303	-6.3392860498169	0.12732500176218	-5.93176439870521	-9.66693036472683	24.1287985919701	-21.6572673675999	-3.33345749306533	19.4578762441157	6.19877269763921	7.97648568782838	-8.24542002856985	-7.44632845647153	-3.93835682385265	0.556921814293194
NA12762	1	CEU	Utah residents with Northern and Western European ancestry	EUR	97.344218891324	142.781405142194	-26.7062860439281	-46.7102990517714	-7.99653126140127	0.646894934490109	-5.60810969582327	-2.62649215470506	-5.71189947855571	-7.50631101036309	18.5893970171863	-13.2675190376059	-0.438361732167808	20.8630720275707	2.43362838391315	10.3627678619956	-6.9033183256966	-5.21644253618415	-10.687566178918	-0.433490031666852
NA12763	2	CEU	Utah residents with Northern and Western European ancestry	EUR	94.1821672075482	141.528692602124	-26.6549099469451	-45.4869242865105	-10.7785726910595	2.65690181059875	-3.43054835931653	-0.765578042654395	-1.80985961031799	-8.05452384966907	14.3763305646153	-19.1123682005183	-8.17410067818317	9.135778243422	-1.6438302727551	6.65669129031577	-1.09206589250743	-0.410947613082719	-6.76426990841703	4.78026779299059
NA12775	1	CEU	Utah residents with Northern and Western European ancestry	EUR	97.7507256184205	144.142043398918	-25.417866837771	-44.4726287570255	-11.1695101740298	-1.60046457352046	-5.37363395497625	-1.1346117450257	-0.809658119361166	-14.2133853684079	17.9484198859705	-18.7760800339595	-10.2747689346944	17.1050366267285	3.93716997322707	9.25347492066824	-2.97876805264328	0.513772528750198	2.23163143885319	-2.22211227677506
NA12776	2	CEU	Utah residents with Northern and Western European ancestry	EUR	95.5904222350547	139.454816650383	-28.1988130517994	-43.9781070912426	-17.9291737335972	2.90241007082685	-10.1201850522646	0.367555595306661	-6.24549065573411	-9.71373289150019	25.2190932840653	-15.1575605654375	-11.784793045123	21.8290600191988	7.9129410876883	10.6142149862311	-2.47354833166901	-6.5025142464274	0.0868478497134015	-1.28386053520618
NA12777	1	CEU	Utah residents with Northern and Western European ancestry	EUR	97.200641168417	143.428929781845	-26.9495584515048	-49.7356043112459	-9.50871856837174	0.0542566756175999	-3.4853058692193	-1.35698162915749	-4.58082229097745	-7.44325160517156	27.0538822785052	-16.7770988829092	-6.81284229659865	23.3469549775743	7.13059396655212	16.3553390011102	-3.72657885440678	-3.62079991548687	0.685647526510222	3.1948331463577
NA12778	2	CEU	Utah residents with Northern and Western European ancestry	EUR	96.2622261379502	144.202139548713	-28.5668472929619	-46.3541259989461	-12.2748277865724	0.386400627981031	-4.1596565927804	-0.647381282994123	-6.19740005753299	-10.6689899694021	17.9777256696886	-20.9957733040241	-11.6585399829824	22.5022135101803	6.88471880083848	15.428047752857	-6.55982598816367	-0.577920502444363	3.78563104677928	2.87653030521652
NA12812	1	CEU	Utah residents with Northern and Western European ancestry	EUR	95.6608091510579	142.914392209341	-26.1060727850191	-47.1038526340273	-13.4724510074224	-1.19037832495546	-4.60026886627296	1.10563384474697	-5.8474927455533	-7.67805226800762	20.2704701266088	-17.8854823018353	-3.26420812630763	20.1139399746984	3.76207904196493	6.12168336703743	-2.26191400662613	3.66828307727496	-6.98876763743505	-2.28956123683737
NA12813	2	CEU	Utah residents with Northern and Western European ancestry	EUR	96.7033165855635	141.557359532103	-25.5781121336313	-44.2395359261131	-4.43624450779593	-0.139308464735265	-2.6913788176337	-3.81874825919195	1.0064522099443	-9.6641285963658	18.9089997292246	-11.8830814348405	-11.3877299062703	13.9190237391331	5.75687890955558	11.4436497240067	-6.89686888114432	3.95958034320188	-4.3682240411505	-5.46425443938089
NA12814	1	CEU	Utah residents with Northern and Western European ancestry	EUR	95.5341817520572	143.2658265996	-27.6118372836484	-44.4731311026746	-11.1427920757439	1.69147519146427	-4.80467256099637	1.74471337920549	-7.56740036728398	-9.17569022913986	19.0709518695249	-14.37444466111	-10.2827664731046	15.9048787311765	7.89087782967999	3.53679607374441	-3.82311549148681	2.33422074419183	-5.55396568300815	1.18354884676507
NA12815	2	CEU	Utah residents with Northern and Western European ancestry	EUR	97.8075367042777	138.820257994534	-25.0705647687203	-42.5466836131381	-15.919989057834	1.34443249125469	-7.10468605644517	-1.57556311017823	-7.1875400655201	-11.4316342291329	26.0398147629918	-18.0119278068288	-11.5457925903422	14.4770081851283	8.97603136304732	5.08512765903302	-4.00372331673809	12.0839157008512	-5.01633451207198	-4.62187921966224
NA12827	1	CEU	Utah residents with Northern and Western European ancestry	EUR	95.3047250027566	142.786331822731	-29.092885841932	-43.340706830049	-10.980721944196	1.17218648118023	-6.64053242070738	-3.57237948259312	-3.55095457641366	-8.30005474070185	22.1139355199596	-16.0803898132819	-13.2052381303246	22.5655530559293	5.16411679785449	8.09861234504404	-0.0730723774869916	7.04065455547544	-5.93763021868748	-1.88194615381331
NA12828	2	CEU	Utah residents with Northern and Western European ancestry	EUR	95.7213733865501	140.011880114938	-27.1152830030178	-46.8073573083753	-7.12325027313497	3.47116997413458	-3.70096786365912	-0.00578629608367096	-2.45314157171996	-5.78064908522712	21.5603611890273	-15.7266047406633	-2.62503036087511	8.12751983845229	1.55231626697988	6.93842057887846	-5.69670713255029	3.19953112654633	4.7620076985848	1.50092409629701
NA12829	1	CEU	Utah residents with Northern and Western European ancestry	EUR	94.665636084178	142.639384844004	-26.6989354406686	-46.4079621885368	-6.46221502885127	2.73540241282794	-3.00162326564537	-1.38493021600164	-9.36858119279886	-11.0793615488738	24.364823775294	-12.7880455223883	-3.20806890921275	11.6452084943359	2.55842077092316	7.61588920297098	-8.24900189739554	0.892264620709537	-1.89445958702219	-4.65871893311343
NA12830	2	CEU	Utah residents with Northern and Western European ancestry	EUR	95.0480536002514	141.252055185638	-28.4968246493797	-45.2954027635212	-8.31053715333437	-0.293604589225509	-3.47503396798604	1.79968025372481	-1.02153851529746	-10.9806268723703	22.3586460522754	-18.2047958890054	-4.31958951996428	12.8110120483868	3.33969187394199	5.2518837416333	-0.632120207750499	12.5790687676731	-5.41417657809091	-0.376404440480514
NA12842	1	CEU	Utah residents with Northern and Western European ancestry	EUR	96.061273214816	143.836477155494	-26.4886649795982	-46.7397426678891	-11.8708245511563	1.78004346876768	-5.12532048655288	-1.20828999141836	-5.88786162910362	-10.954326814197	24.9624171182783	-16.0115565682068	-2.94179574655401	21.4270020554438	6.06726471394664	6.51148010248668	-3.77703973286411	-4.39898909488287	2.48394450598057	0.852891732758523
NA12843	2	CEU	Utah residents with Northern and Western European ancestry	EUR	97.8981707672807	138.155878300932	-26.3674295756331	-45.4409242726844	-17.8039166723753	2.58582905417702	-8.90475144543753	-1.31264912270908	-1.3692961000733	-9.92779886886106	24.2407566553427	-18.7753774754437	-7.55590779522988	19.2386530719538	10.4032969296678	15.5635769923403	-6.63222013829164	3.25166675393799	-0.347607629985129	-1.69586919045791
NA12872	1	CEU	Utah residents with Northern and Western European ancestry	EUR	95.6667848893888	137.880710029198	-24.574433568801	-44.5000135990838	-9.15789192630591	0.567023763171858	-5.29284834870689	-3.2531443882562	-0.579910875871466	-9.05205121819913	19.9994948672095	-15.217041163192	-3.67328942428294	17.7524346397774	5.06571517082046	10.0124228267064	-7.90345370277732	-6.07109760081888	4.10423464286005	2.88308304576994
NA12873	2	CEU	Utah residents with Northern and Western European ancestry	EUR	96.7815136217943	140.043027552501	-26.4060381036942	-44.5984888707332	-11.2266661226955	-1.92657864150078	-6.73217814438384	-2.3280932472802	-3.36913630188231	-10.302272949332	25.2716841358308	-8.43147327570076	-5.54559016131207	15.1449735457608	2.90615262753558	8.18880246260074	-3.65277993148248	-5.34877810486792	2.8700125669656	0.873428831393048
NA12874	1	CEU	Utah residents with Northern and Western European ancestry	EUR	93.4169141511652	141.536877139664	-27.60683617943	-46.1516312910438	-7.99415389351203	1.64668704839646	-4.92664292196264	-0.177134852197112	-6.33126033827416	-12.1161914519099	29.9512024114436	-15.0287536513379	-13.3544666581588	18.2055617841638	7.68658192508742	9.5135275996022	-3.8595234595899	8.03772745644794	0.356214903879609	-3.79971536993157
NA12878	2	CEU	Utah residents with Northern and Western European ancestry	EUR	95.6421952058437	143.530828893164	-27.4762867023861	-41.7054259817027	-16.2398502000273	2.52548415292965	-8.51493643246245	-2.86015482418059	-2.40877072378537	-5.72509801281006	26.6220644126677	-22.0415795397618	-6.88057268269978	16.6248711204369	5.6262533628673	5.49592909006009	-0.292381989430535	3.50772938783819	-3.89514275814938	2.32300876998117
NA12889	1	CEU	Utah residents with Northern and Western European ancestry	EUR	93.0257652240683	143.454108894622	-25.0865606797584	-46.6105253256711	-3.675762769663	1.21548276833429	-4.78376250332223	-1.59405729576228	-1.57501985973878	-4.72810029466022	12.5067873221422	-13.8429212576159	0.133535340636208	8.83782119085851	9.96725367450484	-2.07029096003984	1.18942100061007	9.02933547667293	-3.38831323018641	-7.04782633377964
NA12890	2	CEU	Utah residents with Northern and Western European ancestry	EUR	95.7892094075974	140.838373893237	-29.0089175307867	-45.5522972398747	-11.8360605765732	1.25119905973282	-8.27684115460007	-1.22824955512265	-8.61760744441673	-11.6037671090097	30.5671310334798	-13.9667605218292	-5.64772420008955	20.0261453173724	7.04979778445874	17.3176891995507	-9.96348259724199	-5.78143898196402	2.71607968431654	-5.65930060775556
NA18486	1	YRI	Yoruba in Ibadan, Nigeria	AFR	-294.184633746297	-17.492208110656	-1.99962343229696	-0.232356614123799	-6.10493084626531	14.7298407875446	-4.29094188066014	-31.7533630667213	-0.376937446364159	18.5317922733973	0.653891098256685	-1.53707285528427	-4.94130173317024	6.34759310054336	2.02875320188174	8.70096136544715	52.8905062468144	11.159787296568	-32.3038469473211	-22.3143415750617
NA18488	2	YRI	Yoruba in Ibadan, Nigeria	AFR	-292.26848385134	-16.3695442724841	-0.0641237691669647	-1.38140371974335	-4.19868891681148	20.8176541067834	-2.63085728027105	-39.7080152694044	1.39809967957524	2.42762963564454	-0.927063763785516	5.88436663811106	2.94028458021098	-11.6264157460036	-1.47509316185521	-3.71253046297573	10.5711696485254	8.34573047677772	-14.8671119322354	-23.2655247973581
NA18489	2	YRI	Yoruba in Ibadan, Nigeria	AFR	-292.982173428919	-17.9116174931817	-0.0542690418921404	0.216271950073548	-4.27610732339169	18.7498921701736	-0.985056299656044	-32.5754948693947	5.02070156767391	-0.123692003664945	1.64444728834141	3.47170844238122	0.992972346807275	-8.85381117258833	-4.25777101552802	-4.74348518386193	16.9991261928197	-0.92821920735884	-1.03035673448654	33.3947233668805
NA18498	1	YRI	Yoruba in Ibadan, Nigeria	AFR	-292.230435215334	-15.4591498493786	-0.945994659475956	-2.72148554860407	-4.98126277352645	20.5644953979323	-0.151576062007238	-39.3677155707963	-6.28624551042818	11.4995208043255	1.55646879972116	0.863248774628337	4.361060079823	2.3342904804862	-2.47743539219106	-4.06398337403916	20.6408099891388	-15.6661042719146	-12.2076814749212	-7.11870418917174
NA18499	2	YRI	Yoruba in Ibadan, Nigeria	AFR	-293.926654939217	-19.0690777065277	-1.82905369445535	0.363287650786453	-4.47843119517279	23.2992896568506	-1.61332563730167	-29.8050888548571	-0.227303201180268	14.0778515341393	3.38660819485109	-2.20623426128482	7.04597902559218	3.49323404399817	-8.72149914445742	-7.61705178512062	5.21080811340257	1.50498460858963	-2.15497611101851	-3.73501884916525
NA18501	1	YRI	Yoruba in Ibadan, Nigeria	AFR	-297.684219515371	-17.280805233811	2.10384707888583	0.461996337688873	-6.56818557336511	16.1134594879877	-0.755287449692138	-27.2476113459709	-2.26118385506723	6.89369638233469	-2.08215918425922	-1.80025942663721	-1.97720858937077	1.4412171545017	-0.48283009557575	2.38229712338199	43.8881280182153	-14.8487843884081	14.1531219265669	4.83709888503809
NA18502	2	YRI	Yoruba in Ibadan, Nigeria	AFR	-296.442372078973	-15.6333761543912	-0.555617072902026	-0.481286279082882	-6.90175641895066	25.3370451465661	-3.0210112879598	-40.4233278198481	-3.28075537151332	14.7356275378393	-0.325126207537453	4.778339366508	0.37600514934585	-2.60570027573615	-8.05696801976097	-7.06457206410901	18.4073889993412	-8.39318550304734	10.3893304519584	-39.3179821287663
NA18504	1	YRI	Yoruba in Ibadan, Nigeria	AFR	-296.753869284083	-18.2546767594679	-0.388931017200776	0.586770959096543	-6.34589436418798	30.947653762524	-3.36645485403728	-37.554854733752	2.03371581840807	16.9255262850246	2.21747453883641	3.98764579736341	3.24413725300094	-5.66402074957433	-0.696812222403966	-1.33160333073558	16.2457546408074	8.64289524078914	-14.1025122099075	-8.13799205334698
NA18505	2	YRI	Yoruba in Ibadan, Nigeria	AFR	-295.516343557747	-16.5591939391109	-1.15577743895763	-0.662537312162917	-4.88211414454946	26.425770505094	-2.26536860647925	-37.7237097918847	-1.34729613647097	9.08303552208177	-0.600268064237517	1.54671752248416	0.969156194464867	-4.45195835284132	-3.43979348422668	2.5849376391815	22.2631591980844	7.25527539391748	-14.2368381201642	-3.82507507191061
NA18507	1	YRI	Yoruba in Ibadan, Nigeria	AFR	-295.413215865052	-17.1426160928392	-0.469790656262207	1.74607926948458	-5.45933113096955	17.559642660817	-0.552448654241837	-28.6177284096416	-2.29792026413341	11.0143270677495	1.27604175521442	9.17416724659346	-3.73013596248125	-4.56853130634918	-3.34922704243471	6.51308936051942	17.5231250648223	10.5731727881803	4.81921051670162	-12.5911597339875
NA18508	2	YRI	Yoruba in Ibadan, Nigeria	AFR	-296.12650245165	-15.5868736051308	0.116494299525695	-2.02504075583921	-3.6914123718854	20.2726274649841	-2.59953473061982	-32.8106097775818	-0.0160866682051175	-5.80055396542199	-2.93914618016039	-6.86767018400222	3.73800921950102	0.855931151574964	-1.31635690691701	2.65856372988484	17.4735012207525	11.0916947848044	0.209657074297313	16.300184352739
NA18510	1	YRI	Yoruba in Ibadan, Nigeria	AFR	-295.438949607818	-16.9026859715674	-1.21386432254698	0.261928194915404	-1.95238579441447	15.196055995933	-3.08978161328419	-25.2208900202847	1.21516346294602	-0.328854266582051	-6.12343532055618	-3.46784761560916	3.24223735951594	3.568234803013	2.96636648506502	3.05855937349869	36.2990487646528	-11.7314332270232	15.842410661616	-49.8508385451106
NA18511	2	YRI	Yoruba in Ibadan, Nigeria	AFR	-291.496192812524	-18.2067172945516	1.22793717519087	-0.803385833649009	-5.83619944161637	22.7371838876232	-3.33279041929798	-36.2439845948129	0.398165512229914	12.1292696622884	-0.899216993090093	3.97434478186671	0.522806689048366	2.32294965809858	1.40692035135486	-0.500795280063161	13.8749778261906	1.24953293801395	16.427664800093	-1.45984339924427
NA18516	1	YRI	Yoruba in Ibadan, Nigeria	AFR	-302.219828476333	-16.3821675885058	-0.834989708502137	0.808483531953585	-4.87125597037379	16.7862656928101	-2.57605463954479	-29.1157894730508	-5.32922739327738	15.1511098072292	2.74504300586506	3.48679708356465	-9.57969784450367	-4.60311393166683	5.33752948106077	6.14022953973314	16.0201622166867	5.79401185080488	-11.4310101138144	-13.3098693169947
NA18517	2	YRI	Yoruba in Ibadan, Nigeria	AFR	-292.765834362955	-16.0503074145552	-2.09850621439932	-1.53538942636223	-0.0816112522887356	22.6738806008119	-1.10263149584205	-22.4166577126802	-4.63357059190856	7.83518224781827	2.90288213575432	0.243796257686319	1.57598699734678	-6.07932119626555	-5.0872721224203	-0.0441870167760201	18.7926715533522	2.08261059271233	-1.01001964282388	-10.7196999281396
NA18519	1	YRI	Yoruba in Ibadan, Nigeria	AFR	-294.821758033078	-17.1938945334425	-1.52495264408159	-0.796703148329655	-3.09676879650327	20.3589624385106	-1.03998666862374	-36.4388478447795	5.12253927093502	11.1573951609026	2.29415137899489	3.83725453868811	-3.84393623677442	-7.21876125123464	1.97757514722395	2.78714934266903	33.8527445702659	-6.12640849777312	-26.3093433812505	-1.63652677279738
NA18520	2	YRI	Yoruba in Ibadan, Nigeria	AFR	-292.835801861491	-14.8629032731549	-0.552640005108314	-0.723149827474818	-0.969049192830061	21.4017428962753	-2.96217799921476	-34.7159504953889	-2.40873615373466	14.2804433911153	-0.204690430941555	1.1702755120389	-0.378790821128307	-4.32208651752701	0.807420983333203	-4.89734246558138	17.7564192261347	11.9065513219885	-8.0864641924185	-15.1650601048647
NA18522	1	YRI	Yoruba in Ibadan, Nigeria	AFR	-295.393401891983	-15.8511835191469	-2.07086723490416	0.77754893779544	-2.6363565723896	21.045807004318	-4.13315225966629	-22.3931107492705	3.18605336091032	4.48086036267648	1.97979529535882	0.746438680898313	-5.55672205969352	2.04356037919849	2.40972255226154	6.95140566564706	25.6034707557723	-1.85958207571803	-0.946267933737223	9.26759250682066
NA18523	2	YRI	Yoruba in Ibadan, Nigeria	AFR	-294.808746910873	-16.639233483414	-0.416193004312823	0.537682871706509	-2.75340193068085	17.3591246726864	-3.76035041044916	-31.2418506771586	0.0414204388267928	1.76515395790689	3.45227380138122	9.43699523676195	4.3428837695796	-3.50238944711901	-3.97840273702394	9.7834736321892	27.9746902824006	6.14682592908308	1.20657167781644	-9.65111768094973
NA18525	2	CHB	Han Chinese in Bejing, China	EAS	117.153863201719	-177.415249131708	-14.6759063588842	-37.7368369207633	-3.33876769127632	1.76771196068897	15.3872391295148	-2.15387715842852	-2.96459669952487	0.606378990176076	1.15535155334473	-2.17031195391896	8.4470445880117	-16.6900943271961	32.3201468348746	8.59663545620506	-1.93947134510231	-3.47789000381647	0.571828555667927	0.556005195935494
NA18526	2	CHB	Han Chinese in Bejing, China	EAS	117.495259247507	-179.678081565744	-15.0229046799894	-40.7910671830408	2.59682396483984	0.169819704476488	1.01532714811212	0.508582123799768	-3.50198058975605	-1.69122722531996	2.80471635593941	-1.05916033742136	4.31744852835899	-9.97212164691311	29.2918602211972	6.10567971043635	-1.24761342847513	-4.41395137102806	1.52632040693375	3.93262296916986
NA18528	2	CHB	Han Chinese in Bejing, China	EAS	114.20446048659	-171.591547220542	-16.5834209831598	-32.7257439420723	-8.3516888378724	2.01104236524538	30.0761016295343	-2.3832558756769	-1.98601957677393	-1.85061227358505	0.28546020749038	-2.98979585410956	6.65332640213505	-19.3633102422485	47.9479510068814	11.8712466333678	1.58714252740278	-2.85126071086545	0.215500981419763	0.506653495847658
NA18530	1	CHB	Han Chinese in Bejing, China	EAS	116.145382177244	-174.710375412031	-17.4473745284742	-33.3877895325148	-8.7788301376973	0.185401368954641	26.8970208957271	-0.0248584926818924	-0.654237432543073	-1.49825809671464	1.77339215081356	-0.310810183542933	9.12325605639738	-18.1071817228454	48.5471863453879	10.917335883595	-2.5663121610912	-4.20793433030456	4.3796732059157	1.94655840467714
NA18531	2	CHB	Han Chinese in Bejing, China	EAS	117.35971974412	-171.121525704333	-16.4800367057264	-32.0136306430805	-11.9784445306158	0.465032539537688	31.5990141416742	0.989387103631634	-1.20007467976689	-0.432333893631212	0.426052923408683	-2.242413855564	8.64851984224233	-19.8133867611758	49.3571468332146	10.7825162078808	-3.07998809420595	-6.53598974818987	3.32120326179676	0.905343765615779
NA18532	2	CHB	Han Chinese in Bejing, China	EAS	117.314280214779	-180.94577622271	-17.1863430751647	-36.7187189840442	-4.68562972037826	0.81602513473482	16.8131127259792	-1.48104336107134	-6.19466988695378	-0.973449583785994	1.52759816559536	-4.65207569988674	9.43914141426888	-15.3977738186002	37.7142469919809	7.35436607757019	-0.0759114605759374	-2.78803119294512	1.22260688304747	4.11952059491189
NA18533	2	CHB	Han Chinese in Bejing, China	EAS	116.231791480778	-179.119274475142	-13.7004369166537	-37.8227514349287	0.700327360757544	0.0754014638791276	1.23669550020736	-1.08851454967225	-1.94004691935359	-1.86348733405187	2.98020711231409	-4.63153519832185	5.31144794829174	-7.94825953159295	27.7015885718447	3.45184075963425	-0.362912355148308	-4.28365129248691	4.22383859007234	0.3728413334324
NA18534	1	CHB	Han Chinese in Bejing, China	EAS	117.108668409845	-175.722083612963	-18.2767962415581	-34.6198973340366	-7.99886279867574	0.278151818139351	23.4748133900683	-2.35916364370043	-6.02532242074692	0.185666534685008	0.590244867944683	-1.00033246656295	8.7690416995803	-15.4041803822278	46.3447106912094	11.1639484802442	-1.16313498453427	-7.69872687214054	2.58940882576093	-1.9567830815594
NA18535	2	CHB	Han Chinese in Bejing, China	EAS	116.26835069601	-169.637446892985	-17.0139340939318	-33.4185130720998	-12.6745715267973	-0.0596501659564675	30.6109354553954	-1.76543711854568	-3.29867227176087	-3.03421127343521	4.27988947039115	-5.6839198800588	9.14973252462639	-19.3457434782563	44.7432395567731	7.83787139849883	-1.46065379043778	-1.67605539485437	1.38268436927048	-0.336892549564126
NA18536	1	CHB	Han Chinese in Bejing, China	EAS	117.553317678013	-176.458246368108	-16.8372141074123	-37.6356754004057	-0.485579295059061	1.93380650888539	3.63201660685763	-0.394747669779309	-3.51905889533333	-0.823138464835693	-0.825553344696713	-1.09813784383892	7.89674153440252	-10.7671643919532	32.2334627439367	7.19955223068232	-1.92889800367359	-7.25858233311363	1.32435317186937	-0.909377172421424
NA18537	2	CHB	Han Chinese in Bejing, China	EAS	118.638709032055	-173.82078088227	-16.3772047272452	-36.039492912364	-10.2767699839641	0.365477156205087	20.4124525250786	-1.19896522228593	-6.55503218923349	1.31951434733133	4.03127525471422	-2.86796502172234	4.19200732621786	-13.5701055620575	41.4185683823341	10.1978601498249	-1.3108556448133	-5.16718849213309	-0.427574161987084	-0.468983286606606
NA18538	2	CHB	Han Chinese in Bejing, China	EAS	115.782879493275	-171.35663660697	-18.7227165993751	-35.2899396609209	-10.9619798373228	1.13982003045789	28.1962143112185	-0.504418436319862	-8.97582189739897	-0.502920022375981	0.77677091996252	0.0114990843055651	6.19890995114321	-20.5768982009115	46.6783736899002	8.54718505164751	-1.35611882402265	-6.02380983868762	6.30138453826836	6.01816834602885
NA18539	2	CHB	Han Chinese in Bejing, China	EAS	117.772190367377	-174.083733523787	-19.5737214865022	-33.3074500670297	-11.148269498122	0.0793246889673765	33.4927643411298	-0.501055318946054	-4.00107623742195	0.991931424739746	2.73444154924705	-0.258628979394808	7.12241083998604	-17.7522395085887	49.7818335180392	7.48384229166762	-1.47097365736399	-6.64548457496627	5.69241042472289	1.32665803125204
NA18541	2	CHB	Han Chinese in Bejing, China	EAS	116.726713250575	-174.372381615115	-18.8265481833999	-35.421884470935	-9.3767150535324	0.489558749332235	28.6376647398987	-1.49977199249919	-3.63735977547951	1.42453297574147	-0.198606630463555	-3.45810235438802	5.20053551655074	-21.5944513231364	52.0547140482202	7.45998673734485	0.0777492394390989	-6.30408389339908	3.43398614343202	1.55695807250148
NA18542	2	CHB	Han Chinese in Bejing, China	EAS	116.121310975284	-174.638977081641	-17.6481871161662	-31.7592054854903	-13.2601167226622	0.398889919206084	33.6877927023526	-0.965465260550877	-3.05639005653754	1.36074348911821	1.55581719737533	-2.25233963792791	4.07978797746041	-15.697551693473	43.8651772653578	16.0166743399727	-2.71987190166578	-7.54717482879454	4.15014808437617	1.24637281081402
NA18543	1	CHB	Han Chinese in Bejing, China	EAS	117.246618588048	-181.175529047506	-16.2584212361182	-42.2680513766395	-0.71774367473979	-0.709105805991071	2.07612813902802	-0.269542364429955	-5.64430609739345	-0.670618267104442	-1.36172782721105	0.365153013117416	4.44641364674501	-7.86605785450028	27.5447576625069	3.62100734552692	-1.29524377157249	0.703496098734095	3.01269688799385	-1.16716697759802
NA18544	1	CHB	Han Chinese in Bejing, China	EAS	117.236718346936	-175.973657825403	-18.3755062785094	-36.0587983823209	-9.1668689573022	-0.154395645556475	28.651046562618	0.57812168037706	-3.13219990778004	0.788238885071548	2.00935061178909	-0.858653890001966	6.98433176992112	-16.1681399202631	43.4773991782989	9.16562963968199	-2.7937392760328	-1.09503106924132	1.56450340172371	1.28273789153421
NA18545	2	CHB	Han Chinese in Bejing, China	EAS	118.66735894884	-181.560617619451	-17.2696150466481	-38.1555402864701	0.289846872067506	-0.41746595965698	-1.7428708844778	0.300215763016835	-2.51272959912443	0.00189915511843735	-0.331686105114959	-1.1981483132769	4.36449304206215	-10.2675214909566	21.6047279689993	1.63129499553526	2.75249355127627	-2.36122515714539	-1.29149068218821	3.65612715165837
NA18546	1	CHB	Han Chinese in Bejing, China	EAS	118.302356773627	-178.676277151627	-17.1915290891291	-37.0790123512491	-11.7758620333102	1.65300374269134	30.5290077750819	-0.520161957585504	-3.40471681426729	0.540733530019355	2.8971033613742	-2.18958891767546	7.63730255419842	-19.43873973524	43.8625179036851	11.9865835528013	-0.822427767852487	-5.63936796505502	2.85645634995124	0.184652498591651
NA18547	2	CHB	Han Chinese in Bejing, China	EAS	115.509767965089	-174.696528117786	-16.7789159492523	-34.523273530042	-9.62730997765721	1.84145196189444	30.2959756705852	-1.02848570906862	-4.63190893735176	-1.64996654471354	1.17952740149755	-5.03467568418812	9.81880603712155	-20.7555820797631	43.9936876947016	10.1011192353266	-1.3735274366121	-7.07976390188273	4.78567939547102	-2.36357978460026
NA18548	1	CHB	Han Chinese in Bejing, China	EAS	117.456871996258	-174.75352686261	-19.3649855512593	-34.8607726884881	-12.1301003010185	0.13612351913864	29.3727014973856	0.135751705072383	-3.44565413173767	0.55589154692458	1.34848083124064	-2.90906869606133	9.77697862505488	-18.2493285946836	43.234367956031	6.94294068850096	-0.406202534760189	-8.91500499028361	1.13721993199465	0.899923757178689
NA18549	1	CHB	Han Chinese in Bejing, China	EAS	117.333681785975	-181.077765018392	-13.1696164206616	-39.459569677108	2.00257374291101	0.752491658319921	-0.971505010758039	-1.35108045594552	0.306148590039336	0.031879170184855	2.43909562537382	-2.74428043334	4.99353728474285	-8.95218041032806	24.2639156580602	4.70725308476904	-0.844156098115134	-6.5410826724269	-0.319759756101298	-0.255581868392869
NA18550	2	CHB	Han Chinese in Bejing, China	EAS	116.102275415584	-177.226536567871	-12.5833166988724	-41.8774853831267	11.1894171928695	-1.89143141450631	-26.5591481914544	0.481864266330623	1.77765024028478	1.73264292293795	-1.33287727167877	-4.42977070128172	0.358695703158678	-2.39774080688081	4.43459381008949	-1.66045070741617	-1.30989174723934	-0.970242984059813	-4.53380973320195	-1.58511750481258
NA18552	2	CHB	Han Chinese in Bejing, China	EAS	118.15806352004	-178.899314686726	-18.1576294400214	-36.0531207838784	-4.28026291464326	1.17850797225928	9.93096738450266	0.303326881771399	-2.15672896214711	1.79694028200713	-0.329354887106631	-3.00316566800683	2.65093642565101	-12.6626148098666	32.3975178079835	4.71384813507372	-2.51642955694173	-1.67264646398493	3.79701342903562	0.237511105568627
NA18553	2	CHB	Han Chinese in Bejing, China	EAS	116.192128950307	-172.469667445282	-17.320265359077	-32.8836086704766	-12.1782991759336	1.24210646857206	24.2518655479418	-1.07171901802897	-1.96474591450152	0.265942436996726	0.746452432253481	-4.51780875233259	3.2663591209488	-12.277828193943	29.2988988919242	5.3293923005551	-3.07558363472373	-6.49993417568341	-0.32249486511155	-0.761618903094726
NA18555	2	CHB	Han Chinese in Bejing, China	EAS	116.485733864862	-176.712716222764	-17.4573360307713	-36.615868825138	-1.07202133883122	1.19315960600226	3.75909141299574	-0.604858553988259	-0.881596011356154	-0.688808477750643	2.22062706499351	-5.18077911047037	3.55344737363492	-10.836024608175	23.7281633947591	0.0846871159069816	-2.11565424656309	1.11923269336997	2.11253424515587	2.40006459341037
NA18557	1	CHB	Han Chinese in Bejing, China	EAS	115.208204252993	-176.069037001399	-17.6736815897633	-30.9826234670866	-8.94140185677803	0.0493631804555967	33.6876313006472	-1.64740934718813	-4.59916448710145	-0.904355188025659	2.0496023699854	-0.169695480429668	6.11446384934052	-17.4579666479302	45.612081541544	8.56302012975317	-0.741218413051874	-3.27838070620724	1.81186857556526	1.75595088137635
NA18558	1	CHB	Han Chinese in Bejing, China	EAS	116.766889134994	-174.869404141514	-19.1913115446095	-33.4893118728806	-13.1072737162395	2.69389743769202	29.1234364243597	-1.67857697630903	-8.8797901542725	1.1972789857413	0.635555069942693	-1.76774405014955	6.39084445917355	-15.4815627355525	40.4213930001367	5.4145074144068	-3.00051810168196	-2.26514656478622	5.96797520024694	3.59945143571816
NA18559	1	CHB	Han Chinese in Bejing, China	EAS	117.310564688738	-176.539575263598	-15.0445213473128	-37.1162085047114	-6.47643596300946	0.479153529996149	17.0896854409369	-0.311843161037195	-1.94653160715254	-1.16118505300833	2.49836800628385	-1.2161329707863	6.57275864310556	-18.3637418903389	34.9670405645293	6.07750728415397	-0.214917062610237	-7.24222753511268	1.36663672869355	-1.64594150615487
NA18560	2	CHB	Han Chinese in Bejing, China	EAS	117.659521082228	-179.303682766223	-14.2593462607844	-38.4782780459723	1.11688224649993	-0.650349265413199	-0.554204353328122	0.598042141117219	-1.76745753173369	-1.33304718214022	2.05610123801961	-3.06222330708385	3.92797675547762	-11.1534251302792	30.1427040674875	6.17047630829739	-1.69164367478744	-3.69957172628062	0.151836926165514	2.70262338776332
NA18561	1	CHB	Han Chinese in Bejing, China	EAS	117.258054769295	-170.857653093724	-14.7748365574085	-34.1465637150144	-10.1650237669342	0.189164867061745	28.9774411626006	1.37266308636234	-2.70291735937211	1.76513436175635	1.07990003109902	-4.64544855794718	3.74182957377837	-20.4290122917323	49.1090373003373	8.2253973636585	-0.395254190644444	-5.31109285274672	5.27989286335586	2.46849669603997
NA18562	1	CHB	Han Chinese in Bejing, China	EAS	117.166709606783	-173.817140557866	-17.5622527355277	-32.8646078971858	-12.8359152867372	-0.267125157632707	29.4314205399879	-0.501110537597326	-1.32922855060885	0.776197791192073	-0.606767231020628	-4.86103031353185	7.46710467762982	-15.6573184431336	43.4145844393956	4.87764009168944	-0.75870194856923	-5.0115692120987	-0.27591172222298	1.55254179534814
NA18563	1	CHB	Han Chinese in Bejing, China	EAS	117.202930705679	-175.989405431225	-19.1977611548456	-32.8993693104853	-10.7321595425193	2.1500766860647	32.2969432239918	-1.56119771479665	-5.2968904968019	1.39894100210108	-2.23104690184338	-4.4641350452985	7.90983701549762	-21.0069936000065	47.5552963471667	7.71705782131874	-1.71690094384495	-7.99318936881865	4.03562036541295	0.124987589017398
NA18564	2	CHB	Han Chinese in Bejing, China	EAS	115.455235302131	-172.430543019828	-18.4909195930542	-32.4861873412418	-12.8821961525834	0.411513721870581	30.790194735379	-0.934634645782211	-2.38602329956677	0.64310146615947	0.42699073096719	-4.0920269848979	7.44939468585125	-14.9128799133023	43.0127508178207	9.39796081814477	-0.234729276939342	-2.52808547114712	4.82297822337447	0.343935768730381
NA18565	2	CHB	Han Chinese in Bejing, China	EAS	115.774516275209	-181.380348721565	-19.1913225655544	-37.4007963819212	0.215008822569247	0.143908554265111	-2.18578525820588	0.0479335161166174	-6.75800555161145	0.0114350620244933	0.633488139780298	-3.14075916502967	2.78011112762607	-11.6713759810795	20.9220298406203	3.79760475391919	-1.80100170359472	-7.05550883237942	2.61736510079121	0.606684663936671
NA18566	2	CHB	Han Chinese in Bejing, China	EAS	118.727973619864	-175.689244683006	-16.8292507330928	-33.5148619236992	-9.39693947191468	0.0535429831335986	26.7065802562573	-1.86521182839774	-3.94777522520463	-2.05635068623324	1.51965709782126	-5.3300809825679	5.77997575156564	-17.795111714438	39.9559097717142	10.6187668877466	-0.678083293172464	-5.06353392303878	2.84963523180944	0.0679699809702387
NA18567	2	CHB	Han Chinese in Bejing, China	EAS	116.417599578436	-176.523885406605	-19.4987867893032	-31.2874403582188	-9.66347385393656	0.0703817654585469	25.7691716195447	0.220080965503469	-5.03025923664435	0.380103211403032	0.487330422438611	-1.41576707541046	8.24908325983603	-15.9202179036269	43.6856950485248	7.77890641695853	-1.72012505163311	-11.5642304187692	4.86742996168621	3.93349609991215
NA18570	2	CHB	Han Chinese in Bejing, China	EAS	118.490592829804	-182.116041102714	-16.9784168736964	-40.3303344436892	0.178413734081603	-1.07627802231128	3.18040593161533	-0.315282979760867	-1.3896339452869	-1.45831356456108	0.567067461209032	1.23756137544864	3.25385008473755	-14.1925340686314	29.3455611958153	4.14245080426944	1.33596769561827	-4.26009416672887	0.107020051392362	-2.12014115664916
NA18571	2	CHB	Han Chinese in Bejing, China	EAS	115.639200149016	-177.80244600305	-16.8861377620349	-37.5534513344634	2.62117073137599	1.00317691470107	-1.33589842271447	0.200893986660858	0.404132454900263	0.990922814126952	0.263211504088418	0.225091068036428	4.66890997998431	-8.09381838271564	21.8455753164322	2.29763719183444	-1.02443704243323	-6.7026078334801	3.20140789999593	1.21263423999831
NA18572	1	CHB	Han Chinese in Bejing, China	EAS	118.316473614711	-180.328640980598	-20.7879060108305	-34.969341522456	-12.0380503947016	0.752093575494159	28.0646160123787	-0.183987336409764	0.015436471650827	1.88532493655322	-0.0232772066238943	-1.22583866148846	5.21412912785322	-22.6664412520862	48.5995807507984	7.86911938493868	-0.779355139845991	-6.82520451536984	2.21041614320053	-0.408493351646309
NA18573	2	CHB	Han Chinese in Bejing, China	EAS	116.597669049424	-177.483393790777	-14.3625070899628	-36.5431172828121	2.36691688103845	-0.33159374296919	2.92834249852659	-0.933691110251444	-2.76719209918866	0.784581120486413	-0.0049678552516481	-5.71936261532581	7.17345625450777	-11.1752637684884	28.3777194393551	8.46101149944968	-0.565766577719886	-2.53610516969598	3.92600563029413	-0.448332682655026
NA18574	2	CHB	Han Chinese in Bejing, China	EAS	118.188230152984	-176.722520814731	-16.6505939590701	-34.9848666560901	-12.4366924654288	0.320189663242492	35.0027392434169	-0.572888626044078	-1.29958296572554	0.740246610766369	3.81920770559554	-4.93304851245117	7.18329933404795	-17.3686722122212	45.5832037095758	8.04924853561405	-1.82077558938186	-5.95969017259215	4.71067887276026	1.48702754617867
NA18577	2	CHB	Han Chinese in Bejing, China	EAS	117.485711522366	-180.513925106433	-15.628443909785	-38.3711742146752	-7.93294135683848	-1.20008963371448	18.3974151135186	-2.0775796850727	-0.815406351103715	2.10550256246202	1.50845784335285	-5.03098480166577	6.61189378077663	-14.4188559527085	40.077620982279	10.3462788405594	-1.95243539931024	-6.30232682351684	1.65524155515536	2.24681975569802
NA18579	2	CHB	Han Chinese in Bejing, China	EAS	117.265069013084	-177.305051678067	-18.797488146198	-32.835437393731	-10.1726184340243	0.942840820945283	30.0763702675967	1.42219997892918	0.306121498709159	-1.43066996732085	1.31734768772844	-6.12264261149573	8.10683458964654	-15.5639443040856	45.1073743333264	13.040968573994	-0.806007108450981	-4.62006910829623	0.628101611130581	0.560645235745373
NA18582	2	CHB	Han Chinese in Bejing, China	EAS	117.795056658211	-179.880405990921	-14.906510296316	-40.4288994999857	0.0634087920669726	0.0305371512642074	-0.249271129463329	-2.63106231978244	-2.64559934079614	-0.222212417973826	-0.210940152430127	-2.510319321019	4.16447088466965	-10.3909574148845	20.0686892556904	5.22533944191495	0.496479202395165	-6.31458954796386	-1.12573399947261	-0.142944326918142
NA18591	2	CHB	Han Chinese in Bejing, China	EAS	119.415578328158	-181.247888462744	-18.2278407719859	-38.7536965354243	-1.12388926320625	0.139788362685696	-0.535163754415561	-0.957685395101019	1.38551975938079	-1.39890594314762	2.87607998529844	-5.05357625904468	4.35065050308036	-9.7080504934689	31.1451613149568	5.68459208232394	0.0199245880074436	-2.39222841511339	1.97024018533836	-0.51112108165413
NA18592	2	CHB	Han Chinese in Bejing, China	EAS	118.452105227766	-176.239492339847	-17.1317891421735	-36.5676214659724	-10.0893845180846	0.25998174084583	27.5504009395849	-3.33415942982766	-0.707468068408097	-0.691620813539762	4.89075266869192	-4.15161716716023	3.78192017182271	-17.54676114336	41.3112755937803	13.0318641433335	-2.75250386350343	-8.81470249673125	3.34963396009599	3.45920172414596
NA18593	2	CHB	Han Chinese in Bejing, China	EAS	116.759367560053	-177.070106677277	-15.8470822959011	-35.1187164054638	-7.14605898909695	0.894566713807954	21.6009515404603	-0.181432188915057	-6.98707707215929	0.27186887703973	0.864008146473565	-2.00488260073023	9.90812341377658	-12.2886114536637	39.2995479245176	9.34502495376183	-5.63592492381434	-6.26959742084286	0.0491984922815823	2.58000408285134
NA18595	2	CHB	Han Chinese in Bejing, China	EAS	117.959804009718	-176.112001452053	-17.7826090611338	-34.7426074848573	-10.5491213432626	-1.09576075633618	31.7360033805512	-1.21868979764606	-0.511538068886555	1.62999348887431	5.34328317218562	-3.07170879815344	5.84564671411938	-17.3242449482569	46.3535134252884	8.95952535111413	-1.49808117987989	-8.77794210597437	1.81153679984108	1.91418604230832
NA18596	2	CHB	Han Chinese in Bejing, China	EAS	117.494332382489	-180.178592117123	-18.3092850057243	-36.7147759524162	-12.3757794949663	0.818859554497934	31.2179631232912	-1.1109311019908	-2.50925719811393	-2.14802043474601	0.88004536356394	-3.55745868012094	8.20424784461972	-19.0688091149926	49.9319610916152	12.8009082088885	-0.160730498361653	-7.56063944790044	1.73551665573048	3.862180518853
NA18597	2	CHB	Han Chinese in Bejing, China	EAS	116.668463291191	-172.046400061239	-17.7838532534589	-32.0941704121283	-9.71161052931128	0.260689553256632	29.9083507931751	-1.3472501466854	-2.50311842734211	0.871952962764507	1.94745595685671	-4.7059934979454	8.36577538884775	-16.791147014028	44.3946230841086	7.64143579797718	-4.89094235294067	-3.94060882693131	3.76388621224256	-0.439022374824369
NA18599	2	CHB	Han Chinese in Bejing, China	EAS	116.562855638959	-174.450080202389	-19.5241526623838	-31.4772086697407	-11.1489512009164	-0.177417240024135	33.6321862129681	-0.463840476191938	-3.33012345550951	-1.70467446776689	2.725139132126	-2.28622513691632	8.94278075877086	-19.0614852306921	45.6904230839729	8.89014161999468	-1.41497623979248	-4.34234687607917	6.1608757563022	4.42669595268513
NA18602	2	CHB	Han Chinese in Bejing, China	EAS	118.833392742457	-175.266317798328	-18.3146256618104	-32.4703620222785	-10.1049149201484	0.917409266378527	27.0906344073696	-1.86955656252163	-4.13118260331084	0.362617044586397	1.7863677514425	0.874013579723641	12.652348275133	-18.6305568499361	43.8221585920123	7.74726495411781	-2.97048519397806	-8.09054052585524	4.67070950914408	1.85708409659639
NA18603	1	CHB	Han Chinese in Bejing, China	EAS	116.963130135985	-181.231756719899	-15.6336162650365	-38.4905198446679	-4.25781529302322	0.316651253635144	9.89890448045455	-2.40184610720147	-5.27058161696235	1.38723262543702	0.155098108321282	-1.26851041389124	6.06833110552902	-11.1337268227075	34.2090244919807	9.70083677131943	-2.74694292189994	-7.63570927452431	4.92336223732635	0.745505025760239
NA18605	1	CHB	Han Chinese in Bejing, China	EAS	117.656477923304	-176.733056058532	-16.9514546600101	-35.0264189994853	-10.0593990394845	2.72267385477981	28.9810572272536	-0.141190985957289	-5.0948041345159	0.0104714404932955	1.01721790166579	-3.7288658843123	7.787097307319	-15.6606517836929	44.9721282986393	12.2815059593515	0.236271186462805	-7.15737096408696	4.23237914013198	1.33724694544495
NA18606	1	CHB	Han Chinese in Bejing, China	EAS	116.499575342667	-180.485208325747	-14.9334268195289	-41.3627061452464	1.00497774354101	0.0294627188113255	-3.19185068001	0.100070378205625	-1.86753461739049	-0.870936588395685	1.11338640005763	1.10569604974844	4.60753973916496	-12.3805436138331	28.695870102185	5.05317404895141	-1.27462067490158	-2.70063395848425	0.814951973782089	-2.85878784888836
NA18608	1	CHB	Han Chinese in Bejing, China	EAS	117.215263196689	-172.217035641412	-18.6762488600881	-32.6729856514828	-11.4055738741235	-0.665391683272445	27.6755750102401	-0.2145936088189	-2.91754514204563	-1.48407589358521	2.22270130605314	-2.93119328495094	9.68699206309262	-19.1721807690084	43.8307230826596	8.43361269953604	-3.77102611400266	-4.74234954446429	5.49100975118986	3.80715071706366
NA18609	1	CHB	Han Chinese in Bejing, China	EAS	118.689278864534	-171.281852923335	-18.8108896203323	-31.0131675865326	-8.95218503351787	0.427762351166149	29.508702824956	-0.478971848789196	-6.74678909619563	0.678277679849066	4.20511003086386	-2.95832354567571	5.53089030707824	-19.114632192375	46.7799872594835	12.1431874426957	-0.227967747160969	-6.97690358535017	2.82584880600197	-0.196030606690059
NA18610	2	CHB	Han Chinese in Bejing, China	EAS	118.780571697241	-177.356624918306	-18.2910655823308	-36.6615679658313	-6.83180479051351	-1.79457133983366	22.1785859736778	-2.25086735165774	-4.36928131714599	0.0934852654134551	2.57272026258976	-0.969011371006462	6.1023870305211	-14.8663306052001	37.642522515084	11.2938972455887	-2.96159431130205	-6.02219217574844	1.83701559531609	0.10681525070057
NA18611	1	CHB	Han Chinese in Bejing, China	EAS	116.439157210754	-175.720740671738	-16.2031179441929	-31.7933263428646	-11.4939560148491	-0.809146697626354	30.9549300081682	-0.0734874040630663	-4.42225158565146	-0.504077393652677	5.07998050542127	1.13586789437917	7.31977453849011	-14.7360348402888	43.201549175085	3.88182209167691	0.119398705463021	-8.24784895425945	3.65569868814679	4.97425879738086
NA18612	1	CHB	Han Chinese in Bejing, China	EAS	117.138237016059	-174.634637473245	-17.3888508658586	-32.7695940789114	-10.1138637304798	0.799167707656226	32.2737036907721	-2.08685468274384	-2.23314751389233	-1.04845259769012	1.61261727458371	0.0950560349566422	6.97779680571805	-18.0018394410872	45.533692245341	9.21072790975241	-0.622723264983636	-7.05041571459104	3.42032739465119	1.83996074037567
NA18613	1	CHB	Han Chinese in Bejing, China	EAS	118.343799994024	-172.611685986976	-19.7486199692161	-32.0864926512891	-10.3232449992498	-0.570193077282277	27.728983795725	-4.66057699905677	-2.18559403159173	-0.13165960936769	1.80825520553663	-2.10852361736707	11.0909561841694	-18.3615962177319	46.2177385024806	8.28152387921977	0.244052656134335	-5.21816762364261	-1.04598067407161	0.763294793298695
NA18614	2	CHB	Han Chinese in Bejing, China	EAS	118.957636656267	-179.926884804019	-16.9849952979444	-36.1220606478873	-5.81159172129617	0.300343053331794	20.9720993724486	-1.41852543914478	-3.50163824883593	0.438230769908326	1.34638554143111	-0.533716529321103	6.21935402242953	-16.4089418069407	38.2848492512419	6.69464076685023	-1.68378330996183	-6.86621822929998	2.00540737224612	1.75571772657868
NA18615	2	CHB	Han Chinese in Bejing, China	EAS	117.794581777111	-176.568005273513	-15.3703807944902	-35.1411685635083	-8.39427768027015	-0.581297507911602	27.5836740295753	-0.0856466205108047	-3.64248255331011	-1.10324673634869	5.27038639949318	-5.11192365943458	7.98976591024776	-12.5557905647875	46.6543762491111	7.55166451078514	-0.176344890684427	-8.14793929091208	0.735989915860429	-1.55746266362739
NA18616	2	CHB	Han Chinese in Bejing, China	EAS	119.087917423467	-177.738464255456	-13.2844641406982	-38.3332863614686	-2.15667330895441	-1.31736059398116	2.48038260029244	-1.57472242347192	-3.27813680032981	0.465584547676372	0.238298182019953	1.89783390134962	8.37038736591156	-8.16330150619182	26.9079884710796	5.44031419472735	2.00960262355209	-5.30334538417804	3.39696182495976	1.45927206929489
NA18617	2	CHB	Han Chinese in Bejing, China	EAS	117.174422998653	-178.910327858749	-13.9820898028905	-39.3309709075243	0.767478604509332	-0.201489542069294	-0.704305316234498	-1.14741862230333	-3.50804362374958	-1.41677231899671	2.09778939014903	-2.42956442125297	4.6090621951786	-13.3899604261092	25.8518333370735	9.93400866683713	-0.716341707981574	-2.75473144365385	1.49978092089866	0.0190567113475843
NA18618	2	CHB	Han Chinese in Bejing, China	EAS	115.278186522812	-170.603165513889	-16.6584270570951	-32.4315906675346	-10.0108371871752	0.369809137895646	30.2934507491984	-3.09119932318808	-3.35967127309913	-1.73380145169119	4.11310934787926	0.297197561503329	8.43167412453056	-12.9156194354947	45.3248027342917	9.45148181759132	-2.74066931856847	-4.26495654649978	1.58120408858279	-0.0428990896044434
NA18619	2	CHB	Han Chinese in Bejing, China	EAS	117.318078740187	-173.414299059007	-17.7816297971343	-35.6242125534908	-10.144119773096	0.526025993266614	30.8846667091328	-1.6030911155217	-5.21677260976316	0.204391069956016	1.28424215177573	-3.24511153950068	8.52644056006569	-18.105994768146	45.279637910517	13.199609928228	-1.86625636944131	-10.5595006370116	5.77859241431954	1.87054397778675
NA18620	1	CHB	Han Chinese in Bejing, China	EAS	118.628639593718	-173.425206811806	-17.0086054955246	-32.8719560071665	-9.01762225535055	-0.795889596813071	27.498383586857	-1.95284458876181	-5.80514827283479	2.18656650996767	1.72950169067976	-2.97024322738715	5.04024692860547	-16.9702755313093	41.6789375348223	8.90127988356267	-4.55971001125105	-7.57306578442774	2.57351570108723	1.57615465938007
NA18621	1	CHB	Han Chinese in Bejing, China	EAS	118.57172863588	-174.980043112074	-21.0657954445259	-33.5788704198007	-11.820967469363	0.50724181151076	29.9049216613804	-0.163048483624046	-3.44176869724711	2.86231877325961	0.313258240580147	-1.79296771735323	5.69517792269674	-16.6429064879921	43.6806462193001	8.20427063955697	-0.352648054382904	-7.12382378931723	-0.0491036667281621	1.69992580866514
NA18622	1	CHB	Han Chinese in Bejing, China	EAS	116.178824454728	-178.051512608549	-15.1483239798036	-39.2581838119145	-7.31695727158271	-0.207031758937458	17.6524028501007	1.15993083007969	-4.45193711878474	0.191577996561333	3.91490690697141	-1.92940203372215	4.25869553644807	-13.6450851438055	44.973915491925	8.76710291750561	-1.65930881835764	-3.09564503115499	4.30152738616947	2.55984313462114
NA18623	1	CHB	Han Chinese in Bejing, China	EAS	116.805514076614	-169.884961080564	-16.5586758008326	-30.9731183792459	-13.1871408196335	0.112393412147864	31.3649243896775	-0.15105144282596	0.851674273941603	0.745315054321655	0.573767110981337	-4.0372239523158	7.31878337687556	-18.2558509816194	43.0593686972592	10.120208964093	-1.26868678198626	-5.99734554844363	6.17193485490119	-1.52242454283943
NA18624	1	CHB	Han Chinese in Bejing, China	EAS	117.839739459649	-178.084321954452	-16.4750630699047	-36.247409838911	-9.92696195478022	-0.634235916016677	24.9262035083083	-1.16094648398888	-3.29331374490653	-1.00751956468971	1.76997663283445	-2.63344902418904	8.5962755679379	-16.761240585569	44.6423643697184	8.6352967684798	-3.07369288695718	-5.08746342047524	6.36543904409189	-0.462362737889993
NA18625	2	CHB	Han Chinese in Bejing, China	EAS	118.619857255814	-178.527592680972	-19.8972213026171	-34.6332742136626	-11.8454639802684	1.13818103559257	27.742690664705	1.16154553711246	-5.52891353045133	-1.24341123689292	1.1709559711089	-2.77689065830034	9.24606287229274	-21.088319943736	46.2341240824922	9.4131959365304	-1.30392600917161	-6.28300794086748	4.13770569585677	1.80227256623332
NA18626	2	CHB	Han Chinese in Bejing, China	EAS	117.087298964319	-170.649304032068	-18.8415979322749	-33.5689913629465	-11.6841111320499	0.421794089330582	31.8238540333485	-2.269785184273	-1.46285991172096	1.40065020454624	2.95450663543511	-5.64571644618549	3.62913912633571	-21.8869242219416	43.1115745036648	9.75458454586239	-1.106591318067	-4.43999238989657	3.16191104214649	3.20819520004729
NA18627	2	CHB	Han Chinese in Bejing, China	EAS	117.160694175633	-179.682595004059	-14.773048701918	-39.6523048478832	0.608357272279155	-0.546277623024571	2.67811635508202	-0.230971527192791	0.35605641897091	2.42684158028867	0.298365767808558	1.25913335498539	2.25052961087518	-9.69009925109679	26.6925489198425	5.96742449227566	-1.86816563550564	-5.05875784892225	5.50236245344368	-0.747692418552999
NA18628	2	CHB	Han Chinese in Bejing, China	EAS	116.451676943424	-180.272308260355	-13.5961415949244	-41.6672220895678	10.7533391510881	-0.394122563360295	-23.9295777047284	-1.55446704404225	-0.930634593322369	2.40770466334911	-4.03394345335537	0.0951437508984648	1.8546102633826	2.33916315888897	6.45680169809949	-0.9004531935656	0.833147648588933	0.0771433483438753	0.658014475164222	-0.400022461724393
NA18629	1	CHB	Han Chinese in Bejing, China	EAS	116.493371475307	-178.270137084199	-14.9371446073154	-39.0088181007575	-4.54344090429481	0.340040510866036	11.1099202460915	-1.70234162536714	-1.16769128621505	0.572446169920684	0.999853881960032	-1.22936095450946	7.51140578649862	-13.4414649735919	34.3970840063634	6.6713979837334	0.532316643855882	-2.91575965068521	1.38721166910501	2.68412750952296
NA18630	2	CHB	Han Chinese in Bejing, China	EAS	115.796716108454	-177.185196188824	-16.0357986349796	-41.124553503364	5.69267733191045	0.183488312490882	-8.07042022980643	0.830509317764889	-3.59067735123129	1.73766486085013	0.343149985972265	1.09385859696353	2.17575224505339	-2.87370909092454	17.9690917812766	3.85719216909265	0.380057760881895	1.7505549856824	3.11710144833681	0.940461574354663
NA18631	2	CHB	Han Chinese in Bejing, China	EAS	117.864335677268	-180.341565278967	-16.4806954046448	-36.7101884158714	-2.91305608939554	0.70582200998594	11.6866308934363	-1.25733013032979	-2.90418172513734	-1.2530974484586	1.28258311123301	-0.27618319791773	7.01448721270736	-11.6262408472234	31.4970947923108	3.34873311099535	-0.648007240020798	-7.47440413219197	0.350722738049146	-3.14848803379022
NA18632	1	CHB	Han Chinese in Bejing, China	EAS	117.051441839689	-182.623864297197	-18.0956668008324	-43.2487191467294	2.50135439500895	-0.367663228581123	-2.04031991206979	-1.97519375988833	-4.99952613835083	-1.95403982725063	-0.377529139125495	-4.4484929822799	4.23441417445354	-10.6401672501503	23.1974435646756	8.41692237209817	0.799234343541191	-0.390008604241638	2.19587276168196	1.18897235911588
NA18633	1	CHB	Han Chinese in Bejing, China	EAS	116.284445170674	-180.294643056885	-20.3220979272138	-33.9989350860327	-6.43589172100951	0.353411107052784	19.0466017020295	0.161401068816252	-2.66229188538467	-0.72122619806939	3.77832366838974	0.950103853766984	7.26589297399184	-12.9829984089366	36.9545711708508	6.22785709755016	-2.59695617842094	-3.1186276415856	1.3645002259965	0.0817686287435516
NA18634	2	CHB	Han Chinese in Bejing, China	EAS	117.370101728345	-177.117370814009	-16.7888104848188	-39.5167879574663	-1.74992180580743	0.550768192001565	5.81159120886949	-2.06204392541589	-3.97570393097622	-1.04491899155012	2.32779686291848	-0.363038185553236	5.44354993419632	-11.1517526178276	24.9542102556927	7.96823517545852	1.00192852930116	-5.52075861928286	4.82396489815126	2.74759497739526
NA18635	1	CHB	Han Chinese in Bejing, China	EAS	116.897001440128	-174.549413655406	-21.2644737519484	-34.6288150137038	-11.2212299107716	1.00610037222568	31.4601362501192	-0.108560772896016	-3.25383614822048	-1.01309951408739	1.7935579198989	-0.156942106322879	8.83770827813144	-20.855773936775	42.5240595742287	6.9880614013347	0.893325387915172	-8.50054123013298	3.26239333108043	1.88567675914917
NA18636	1	CHB	Han Chinese in Bejing, China	EAS	115.845206239067	-181.287858697461	-15.0250530639292	-42.4515659610519	3.36444548498276	1.67064395590505	-7.98164549949389	0.980903676359322	-1.2146197152884	0.248121091965875	1.46120721153498	2.39660876332138	3.66479369469257	-6.23547122684522	16.6041910387885	4.37474061537613	-0.151521037820271	-5.50344695021831	1.62767894158484	1.18012658850097
NA18637	1	CHB	Han Chinese in Bejing, China	EAS	115.341817605139	-177.902493145859	-12.489327744339	-38.0512676727301	-0.76331497793162	0.115509869283905	5.75357600052388	-0.26158960526997	-6.36612293163554	0.23981224572401	1.59869617313566	0.344997419947018	3.22239902968429	-12.006095132421	28.0242719001215	11.5781595146767	0.745178828173245	-6.25791966013979	3.28006253309646	0.179465256254783
NA18638	1	CHB	Han Chinese in Bejing, China	EAS	116.707268005962	-177.116434174424	-13.666245243388	-38.0720309729249	-0.0395816056698656	-0.749107035416087	4.62163467920962	-0.474400257106465	-4.72640928709661	-0.438597806993534	0.810456889352009	0.244098075023196	6.21705144838138	-10.7639774477231	26.7385922714151	6.51265041112616	1.27626058917693	-6.46804518155221	1.26279437017207	1.00601460117477
NA18639	1	CHB	Han Chinese in Bejing, China	EAS	116.960780896639	-180.507787304566	-13.2939232109699	-39.6448518102188	0.990441815393053	-0.905251144944327	-5.77669745411984	-1.89759425905151	-4.7458753373274	-1.44603260831035	3.74440653549433	-3.05865563004782	2.32181257456721	-10.0126855408811	21.4501675656704	6.44001038153949	-1.56973250186869	-6.83662444713451	-1.11999815866452	-0.732572512735415
NA18640	2	CHB	Han Chinese in Bejing, China	EAS	117.780569973877	-175.73329554489	-19.7683929342517	-33.4450897243213	-8.52047693603193	-0.628715652408212	27.2080442352306	-2.7567998870811	-1.77714650140997	1.96033157187059	0.251841467060753	-7.10597482415791	12.8917439152013	-15.5049734686093	42.9990513672246	4.94647201920295	-0.545013829413016	-9.65839576969157	1.49272428179821	1.27026930186175
NA18641	2	CHB	Han Chinese in Bejing, China	EAS	116.555495982228	-177.308799986072	-20.0989766210253	-36.3608537010146	-8.48384337366256	-0.0696858955396428	21.7728536024616	-0.841641012121065	-2.56766588164231	-0.208221830310843	3.84159853431199	-3.35001512143225	7.22820597715385	-16.0166015867651	43.3055338983563	3.82057747679982	-0.719367942087315	-5.48393091039175	3.75483846010187	1.8903822293045
NA18642	2	CHB	Han Chinese in Bejing, China	EAS	114.698632650044	-165.944304356571	-17.9536191761489	-30.6660496761809	-10.9461611809819	1.0669868299278	28.8798392034166	0.88971927924128	0.238391199705507	-2.778032617487	2.05346216104603	-2.69222560065136	10.0002881797726	-18.4208159436216	43.906481579336	9.99378208460799	-3.10804309259983	-3.01105286113972	-1.2301829918859	6.46918882934064
NA18643	1	CHB	Han Chinese in Bejing, China	EAS	115.301915279432	-174.099147799683	-18.2573767086262	-34.5391115993913	-10.0902723268994	0.597361266733596	27.6436627611694	-2.66128427932366	-2.21138810714544	0.970023164499927	2.61566767884467	-3.39180056854252	6.70713446142979	-16.5165656534835	47.7641745954263	11.0542203524409	-4.05146868446942	-5.83330933918889	3.83602666736544	5.04574534669099
NA18644	2	CHB	Han Chinese in Bejing, China	EAS	117.510838517996	-179.431211056067	-17.3737115309779	-39.6082499221564	-2.62563089569734	-1.6793755844634	8.8802156678764	0.836579670855377	-4.57690494416602	0.367569967664152	-2.98698018071975	0.929941312810776	5.27295439761526	-13.0564958084906	31.8172894655323	2.78375180969602	-0.36778294286747	-5.17968582311326	4.18487574175819	0.703722185685194
NA18645	1	CHB	Han Chinese in Bejing, China	EAS	117.236060252858	-182.875960899068	-17.2711581480497	-36.9382238892139	-0.10087839089623	-1.61262500689694	10.4060951869481	-1.40006578646804	-4.38551994257009	0.668384247435798	4.07631926553953	-2.66573192554625	7.9151957964557	-15.2726419740642	34.207334426862	8.20670213535619	1.18765123459805	-4.81313939542462	2.86468572238746	2.16782823913239
NA18646	2	CHB	Han Chinese in Bejing, China	EAS	116.325600678182	-173.872914451146	-14.9314491428033	-33.5329275388754	-12.6319446028825	2.01551003178503	28.9143779776847	-0.677472479454903	-1.56567310698245	-0.926782036630751	3.2331196764853	-2.90496724052504	9.56603492246093	-21.2804727575619	49.4528602273041	8.09673608180988	-0.46338106519077	-10.2705849197926	2.33015265713206	2.846962393361
NA18647	1	CHB	Han Chinese in Bejing, China	EAS	116.749349539781	-169.389639220969	-15.8268060366082	-32.9504303111652	-9.693365325998	0.246462911433759	29.9749051788149	-1.8439372299481	-1.16086856050894	0.41974399474064	3.40748372518009	-1.73363589744727	7.81059385919056	-16.664774385469	44.3677379940245	8.06062171458537	-1.19497066431323	-9.51386338459179	2.94846588508098	2.17270551458409
NA18648	1	CHB	Han Chinese in Bejing, China	EAS	117.478385604129	-169.810892775139	-17.7265956192373	-32.2593668711975	-7.62387771843866	0.40152300756928	26.5609800681229	-1.38614949802559	-4.00468379880161	-0.0574277377309733	1.43476569032699	-3.98315910574551	9.57243620234173	-19.1517448800802	45.9209950439588	7.80460783356356	-0.516834582382758	-8.43091936779035	1.0241414637251	2.07348610450921
NA18740	1	CHB	Han Chinese in Bejing, China	EAS	115.774833464421	-180.81924901375	-15.1149840680627	-40.1005432405925	4.53564335725722	0.126938325294787	-7.23599394237314	0.28655678928323	-3.64606989350066	0.102836385636621	-2.7278615090796	-0.806308556286434	2.57152677180557	-6.01072046419282	16.730368169275	8.16970437108596	-0.399478152527893	-2.12369462632719	-0.686086422382412	0.802264535704239
NA18745	1	CHB	Han Chinese in Bejing, China	EAS	118.099458402583	-176.680270365383	-19.4264450215337	-35.5173703952266	-9.64092116931294	1.80584820222419	28.414027379198	-0.734423152247329	-3.63474140950399	-1.07626173183047	-0.309901350550477	-1.44217348253288	9.37696918528538	-16.25652555576	40.4815768000415	7.23188988608366	-2.98469019508235	-4.31099161756679	2.89703738991566	2.57573220654177
NA18747	1	CHB	Han Chinese in Bejing, China	EAS	116.853275016564	-178.094873519744	-14.501699693538	-38.5543999708804	-3.07289270187191	-0.385586876298858	7.10587420019227	-0.88895160426258	-3.72226296540169	1.42881911728977	-0.415626564535376	-0.257022515380086	6.09916167188061	-11.7384850597205	34.2735148277421	7.70688865812531	-1.63864499491589	-6.78588378917693	2.60878777834743	0.946772983355774
NA18748	1	CHB	Han Chinese in Bejing, China	EAS	116.342689441343	-179.851969691598	-14.717006739773	-38.17437584514	-2.82791388829002	-0.295276752670399	5.96313132590474	-0.398017843823565	-4.01727319870356	0.626241920554643	1.96825782930893	-4.08107953261046	8.02741059419487	-14.1922818050885	30.792157087029	6.75216637449452	-1.22549968398131	-4.91032952337915	0.882788464638824	-2.67645221871344
NA18749	1	CHB	Han Chinese in Bejing, China	EAS	117.776656209751	-174.47563488311	-16.801183602883	-32.3086974226504	-10.5884663232745	1.00077001674417	28.9471001684523	-1.55043992014609	-5.6637880082092	-0.444099632419864	2.46636547776984	-2.31330901569633	9.96415264235863	-16.3145618904886	47.2857271165267	7.44837982928862	-1.78610707352338	-9.58310542523833	3.65322245089384	-0.959738511341705
NA18757	1	CHB	Han Chinese in Bejing, China	EAS	117.596912848164	-174.014395873779	-18.2916243876679	-33.8800059318215	-12.6815332516551	-0.647045240068109	32.1023461451663	-1.38823389336254	-3.20624587582273	0.882634074881564	1.54930058186903	-1.87212904482599	2.69636818541967	-17.5085639547565	45.3375966397655	6.54292096280354	-1.68914814333043	-6.5313236785915	3.37735657004933	1.38862366358578
NA18853	1	YRI	Yoruba in Ibadan, Nigeria	AFR	-296.134064642292	-16.6208018999694	-0.916736384435455	0.159529409635538	-4.49247035669968	17.6165051888101	-3.01329710609048	-34.676990472107	2.49462155406422	3.67557836187952	0.54703367928256	2.75533570604785	1.53418088854185	-0.974039620685998	2.70599266173966	5.4061535820636	29.460724764803	-8.95489452428922	-2.08430485913305	-4.84365751196051
NA18856	1	YRI	Yoruba in Ibadan, Nigeria	AFR	-292.908320441862	-15.6926126071116	0.720833870062455	-0.658837895969535	-5.08786503694812	18.1710851399421	-2.24308766963422	-33.7092581804312	1.90811670904876	1.00481056982076	4.13198369561857	5.61221066215169	3.6226780660423	0.91873625973833	1.13919100197262	0.935784012546733	20.2769527018933	-8.75926772248681	-2.1222646047927	7.1796100502759
NA18858	2	YRI	Yoruba in Ibadan, Nigeria	AFR	-295.847862413674	-18.0020041652306	-0.700566478913106	0.630864208600733	-3.00383433986473	18.2176503185653	-1.99870412521426	-34.8120825752958	-1.03625738999354	2.63402913094743	-0.244785591669217	-0.666533289804659	6.31937407405264	-4.42156845299986	-2.63298663800647	3.16115891537673	24.8628992077893	3.06052000837835	-2.09042571891533	-4.05954539536952
NA18861	2	YRI	Yoruba in Ibadan, Nigeria	AFR	-293.494228853673	-18.3401941760008	0.594728856855681	0.760498784685394	-4.81956087018073	23.6402114814883	0.821942163921422	-31.7037927345775	-0.101439320361601	7.8175514204778	-4.43395964214835	1.50987047140521	0.242111704750125	-6.47143813014382	1.4046250217669	9.15185417851618	27.8035830344179	-4.19627059910777	-17.3770865987659	6.51550176892921
NA18864	2	YRI	Yoruba in Ibadan, Nigeria	AFR	-292.91061991303	-17.2439057205325	0.121196860532944	1.02176784742848	-3.70766748320801	13.1255820265868	-2.78521271688523	-32.8859276440978	-2.62907632186595	3.75422586463872	5.7852165867778	-2.97428818019262	6.57476261584457	0.31071299376947	3.25741148021269	7.25059306591375	23.2669176526873	6.29659228223843	-14.1766867247623	30.3991414075348
NA18865	1	YRI	Yoruba in Ibadan, Nigeria	AFR	-293.801985342356	-15.0323444157606	-2.28504804953767	-1.14774457886339	-0.900144956200908	11.7253408152792	-2.33118792017525	-26.3119095193369	-0.927936591852858	-0.771807447909058	5.71865907650428	0.112389504101718	-3.95009594945303	5.17922497662583	2.48829272937482	0.731034114320747	30.7332454156677	4.66991322545425	9.69398404351926	1.95190837800498
NA18867	2	YRI	Yoruba in Ibadan, Nigeria	AFR	-291.323905269785	-18.6010977710048	1.08706433746485	0.563896651359209	-2.07306692155695	17.9778804978341	-2.20633208335255	-30.8706244999764	-0.162728809308222	14.054047051935	4.66889471928983	1.08457161873092	-5.00941182734137	2.90365761974066	3.99173321074463	2.35538300854131	34.0772529842125	9.45677581501817	1.43962161628332	-35.9354623736289
NA18868	1	YRI	Yoruba in Ibadan, Nigeria	AFR	-295.104382150902	-16.4692831147372	-1.44868599684901	-1.09846196301899	-1.49727849470259	18.7536146552438	-0.680292671855	-28.5006822931124	2.45515880881113	-1.79640806344698	1.3317215092698	1.2090006065019	-2.30004281015002	-3.78869661108333	6.18161665141792	-0.741293104560125	52.616904212172	9.24174949285719	-20.0295585837613	-56.2012107417635
NA18870	2	YRI	Yoruba in Ibadan, Nigeria	AFR	-298.222725036365	-16.4346937847641	-0.0772512625483864	0.879214130925304	-3.27733387994086	29.697771132727	-2.6503924196789	-47.3167653464789	-2.05351375884205	23.4110982080172	7.34132799648551	4.85351572935478	5.81413964446452	0.669615043503509	-9.63213332327874	-0.449301836501078	-44.5779280807838	3.53993748175858	11.1502580240374	-27.15318949723
NA18871	1	YRI	Yoruba in Ibadan, Nigeria	AFR	-298.527509323838	-17.5066670741438	-0.382775239405828	0.40153795503706	-5.40889661963055	21.9757082147377	-0.446519653049718	-32.1382638271302	-1.52571914560452	13.5878890161788	0.695847432909755	-2.89379277094479	5.47828945404891	6.69296082760334	-0.688390735738114	1.43581101626787	25.8763242477239	11.4034734130835	-4.42773624204035	2.34172241585677
NA18873	2	YRI	Yoruba in Ibadan, Nigeria	AFR	-292.308856279122	-17.4274274742967	-0.124175507276878	-1.02913081651352	-1.94084812940843	20.1963589156534	-3.40085675158261	-28.8833924953203	-0.320488953438578	8.61883199657907	-2.24532978881175	-0.39675079487037	-5.17417892727718	-7.20602928746547	5.77210450715755	-3.65493569638076	4.53667971745905	4.45708506418456	-0.589264694286868	0.794763537090537
NA18874	1	YRI	Yoruba in Ibadan, Nigeria	AFR	-294.387731813386	-17.0435194531687	-1.24412969300737	-0.571765664507496	-2.62496117162102	16.3901865504701	-0.948253896691871	-24.1078878730191	-2.34114076341757	4.09835836524508	-1.90958335678512	4.10016915371998	5.44621933127083	-5.70581231668372	0.604973781542087	-7.06317526877348	20.0930808621675	-2.1314184980089	3.63013957291241	7.17746965182933
NA18876	2	YRI	Yoruba in Ibadan, Nigeria	AFR	-290.676444422835	-15.4139606283737	0.165624103314463	-1.86923571182551	-2.44037659658974	24.1414912557328	-0.0840300741483824	-28.6815344948576	-1.93230031744279	11.5999956491191	-1.60116869057356	-4.49430842841742	-1.12177606431366	3.86565588502597	-4.93875753132321	0.775975930648077	30.8233777483013	-13.8711100244467	-2.25185186850954	29.1286236181066
NA18877	1	YRI	Yoruba in Ibadan, Nigeria	AFR	-295.873083289331	-14.8708393747606	-0.688826048369736	0.998168515840816	-3.78948644371419	17.9291125906034	-1.90056987488384	-32.6094255111478	3.1703416466894	4.26020375042583	1.44540675027206	-4.44098112819687	8.22636398141262	2.82242835026071	-1.40501183711302	1.93432303665595	41.1149717079024	7.79560319420135	-3.13144351221349	12.603176422767
NA18878	2	YRI	Yoruba in Ibadan, Nigeria	AFR	-292.458478804512	-14.4702056734811	-0.648472351361978	-0.644135804192256	-4.5185724497071	15.7135084016152	-3.47713869752016	-36.270191728698	-4.17249197476636	2.40414885836293	0.630209677634045	-0.0355657868228778	-5.1940052807068	-8.63949183701921	1.7917988576897	3.03743797357729	30.6825650263065	16.6939878921195	35.8734669070878	-16.8688555097048
NA18879	1	YRI	Yoruba in Ibadan, Nigeria	AFR	-294.100117085936	-15.9582116469271	-0.598137682656201	-0.689659045635634	-3.08568846526862	17.0989981540847	-2.59917243362261	-29.5478990598414	0.465815748016803	8.5766394221538	-5.00724590533536	-1.95722198137047	-0.277755820633084	8.8099974252444	-0.609446354545945	1.80197173106601	29.6454656775221	-12.2384037144636	5.00219955979557	-11.3579140727574
NA18881	2	YRI	Yoruba in Ibadan, Nigeria	AFR	-294.635498144963	-16.428374252022	0.673807600066928	0.0441206038211921	-4.92166973988421	10.7054504288373	-1.11084790384106	-29.5922508165339	0.380974599444084	7.93604849197793	5.48430294051204	-1.97975085220993	3.74641013952468	-12.5055919694291	-1.88783727787898	-4.79930992210083	17.5921891464818	10.7545171976672	5.6208193057491	1.6261726154992
NA18907	2	YRI	Yoruba in Ibadan, Nigeria	AFR	-293.487401012202	-17.3952933660233	0.437647053537749	-0.57631747202729	-4.70641198073987	24.367771873428	-3.43540272046766	-33.3876620224138	-1.90965707552396	5.62860072121162	0.323509132719113	2.71228136951678	3.51949040570624	-2.18284800000701	4.46095844158324	-3.0319998628746	3.8245208164642	-3.73440698622508	-16.17988029078	-0.11099077033493
NA18908	1	YRI	Yoruba in Ibadan, Nigeria	AFR	-295.018466954018	-18.394353253052	-0.150572370926452	-1.56413083756736	-5.47363808165496	19.6192442213012	-1.53671887406433	-32.5176381461491	0.115012383420924	3.74748135914296	-3.11269149469496	-4.45842414881758	2.07262660236659	0.388285456216084	-0.734049710828033	5.15917680610874	38.3911022851542	2.49265794610012	-7.26786889003625	-5.06454860136121
NA18909	2	YRI	Yoruba in Ibadan, Nigeria	AFR	-297.868464314551	-17.4552903629706	1.12188252075701	0.556839442141772	-4.80337735339153	28.8612390195657	-3.1726758117209	-40.8206317226137	2.03339745186301	11.2762210273951	6.32551727812193	6.0014508100675	2.40979116900703	0.20486942172456	-1.96603999564479	3.34331614975942	15.6419421131119	-2.30586020313399	1.6593330737236	11.4394732157592
NA18910	1	YRI	Yoruba in Ibadan, Nigeria	AFR	-291.002121917746	-15.7405259091462	-1.36235234243051	-0.0495543564129989	-5.55853854745214	18.4974945864185	-1.85778038557209	-30.580597974706	0.992192706536951	9.02864245426014	6.724743507652	2.27787989367792	1.87680263131929	-0.0997270055927906	-6.13169060183272	2.11744058507532	24.4851216037788	12.1801824955211	11.5489835519393	-13.9715357596877
NA18912	2	YRI	Yoruba in Ibadan, Nigeria	AFR	-295.18471616242	-18.1743113487132	-0.268861111791117	-1.60707200568893	-3.10602747956517	16.4274559480477	-0.908892200058648	-29.585349783795	-0.000248048388567495	4.85217755776891	-4.14026784385197	7.08151037541554	-1.97531252114274	3.44152015937943	3.07155651412628	3.34995534842217	42.8345562326772	0.699651758034059	7.88667942836732	-34.2281174507712
NA18915	1	YRI	Yoruba in Ibadan, Nigeria	AFR	-297.180605512789	-17.9263818645008	-2.2738909860129	-0.128738293154941	-3.13916594077246	22.8557266256235	-3.38782912849187	-30.7033316374475	-1.75887754353336	9.76220253025844	1.6738180537088	3.38865850168673	0.643332254619695	-0.495786430435523	-1.15969675639012	-4.20948272593955	28.9753670745799	5.35033885634198	-6.06557091602455	6.49325639659737
NA18916	2	YRI	Yoruba in Ibadan, Nigeria	AFR	-296.326966418338	-16.6558226845418	-1.67707115090761	0.63520267460154	-5.46604288674185	18.078103702459	-1.4337549572628	-34.1757888767046	2.17239148523773	1.11803708704528	1.57043764626009	4.72856097697593	1.452509035169	-2.36135848668864	-0.00290996802723706	5.64938692395545	22.251649688044	2.0215138086321	-4.35957661028499	-23.0900826374589
NA18917	1	YRI	Yoruba in Ibadan, Nigeria	AFR	-295.330699990542	-17.4668047492677	-1.24184499796714	0.476684994021407	-2.76050971512271	20.2418896445165	-2.59718206788735	-23.9512123221735	0.808474936267139	7.55633683851906	1.1134881205738	2.43050021236744	-0.598768547009725	4.41475440437106	-4.8769605137875	-2.88531526930545	13.4361151002745	-14.3677491453389	21.4206899319029	38.8232894519111
NA18923	1	YRI	Yoruba in Ibadan, Nigeria	AFR	-294.256662934634	-18.6548079321469	-1.197902726745	0.685467701735251	-2.99911220819647	20.5274333808065	-3.72272938216936	-38.493763707527	0.217753648899883	15.1187492878585	1.35717642721058	2.17136179590168	-1.6273986091929	-2.41112925579865	9.59447199035598	0.458178194154492	9.87297453970926	7.61116613713271	32.6965238480442	3.95241947819407
NA18924	2	YRI	Yoruba in Ibadan, Nigeria	AFR	-293.94339744416	-18.0841574396191	0.84867043946778	-0.242810956742741	-1.18603695830553	24.2693129346739	-0.176180121048398	-27.8919148722919	3.88488916878407	9.02622183714288	3.78064167599596	1.67536228567424	5.86158601623809	7.08151076407988	1.04192580546983	3.25370530720533	38.2625506873034	8.40879405225398	16.0162767531687	-16.6541223105599
NA18933	2	YRI	Yoruba in Ibadan, Nigeria	AFR	-294.427557719638	-16.075807266615	0.211819561484024	-0.00869660756627707	-3.69073166640338	28.3660791592026	-1.49598913514627	-35.5262206511492	1.52412203968322	10.5958005250434	-0.221855987053143	3.69572824763696	2.83313725661093	2.47906682062114	-1.34775619035493	-3.05884875574331	4.80424216957627	-8.11624858529421	1.54930593053074	-32.6767903644584
NA18934	1	YRI	Yoruba in Ibadan, Nigeria	AFR	-294.78615476707	-16.958594434973	-1.90168135136875	-0.47241209362792	-3.96815700582041	20.4439884787803	-1.9856553042825	-32.7897528236945	-1.61699140712713	5.19339467877343	0.521731584894263	7.629178801953	-0.547363536943637	-3.13005276468052	0.136611505945808	-0.200558581878076	13.889441733857	-7.1148014134927	16.5272848989958	-17.2116092574582
NA18939	2	JPT	Japanese in Tokyo, Japan	EAS	116.830013952401	-174.342391924197	-16.7705000436572	-29.2878373746277	-25.6714446743232	1.06902617316553	77.4861903940242	-0.741361378683634	3.26341950759042	-1.03583522503849	1.80013105537958	0.883150080739914	-6.7046230662882	14.7721534446266	-36.647852719584	-8.62718421223423	1.42247741463407	3.50891061832274	-3.73085016782657	-4.91749072857993
NA18940	1	JPT	Japanese in Tokyo, Japan	EAS	115.027641183629	-174.626227489446	-16.7923569829578	-26.9352795912248	-25.1637624039658	-0.650300111873835	76.4563755722323	-0.418915352604073	3.14194417601984	-2.41856426355274	3.33294470596618	1.16287970533934	-5.05733544661963	14.8863278566433	-32.6315546521482	-10.5984078505811	0.719843406924506	4.87391127911752	-1.15067190050235	0.82176882316183
NA18941	2	JPT	Japanese in Tokyo, Japan	EAS	116.327274730742	-175.410754555925	-16.871860253242	-27.1714772653818	-23.4585266801086	0.21438771844317	73.0156846484501	-1.30121937474134	1.23341480135052	-0.63858739337846	2.40633749321348	-0.296073875560901	-7.39194784706012	15.4637022427567	-33.8006434502926	-5.93010537739328	-1.09744776681793	1.07505110375397	-2.56771230033561	0.088105237341384
NA18942	2	JPT	Japanese in Tokyo, Japan	EAS	114.688253774724	-175.218642786339	-16.8283960349302	-30.8593879256801	-23.0691583826984	0.866339435172945	71.5897954017421	-1.60158215609012	2.4401015171507	-0.556665887093468	2.0193828225939	0.589339671351021	-2.47554606734959	12.0199560823935	-26.2104813079119	-5.83738940875204	0.890302796856787	0.397837900048699	-4.5378042424912	-2.21019819350777
NA18943	1	JPT	Japanese in Tokyo, Japan	EAS	116.934233514243	-174.839577545412	-14.7934866522407	-30.7782775895793	-19.9754416526744	1.12451907938471	58.8224525549249	-1.48108481669773	0.385054912657629	-0.582933486310512	0.552524730407006	1.58935279697473	-5.02558415859395	9.94954941668233	-24.7434482941813	-5.15760122724702	-1.12106731719488	4.64391383475207	-0.96366084817017	-0.722817864205372
NA18944	1	JPT	Japanese in Tokyo, Japan	EAS	116.823047362503	-175.552042932909	-17.4595074463813	-30.0935717830886	-26.662901903287	0.892803302162377	75.4556814615937	-4.09506601956997	2.9804327882203	-1.93666823921325	-0.84796971760067	0.592187061810945	-3.79718348675472	14.8493716276268	-34.2112644337193	-5.83136197201241	3.57116490332832	4.57897940729834	-3.20064877739639	1.15104498315058
NA18945	1	JPT	Japanese in Tokyo, Japan	EAS	116.66685372164	-174.132947411285	-17.6676381994085	-27.087485291809	-24.7021129929044	0.508902435819141	73.4999166124304	-1.75156977543482	5.24195627972715	-0.188898222204319	-2.19835647919777	-0.0893954425622164	-9.3111680862151	15.4736540195518	-38.7361871438011	-7.22354935878645	1.53679722188911	6.68311800260847	-2.11447481247033	-1.14889148754211
NA18946	2	JPT	Japanese in Tokyo, Japan	EAS	114.974536255723	-175.798164797144	-19.5792681934012	-28.1170298316915	-26.4702300894524	2.28588914731459	75.1839582739365	-1.22272682837217	1.46900480803509	-1.44766745648325	2.03383524797027	0.125969145225616	-3.45184678645286	9.17505589778094	-28.3230878372472	-5.50788736435505	0.991394581940993	3.58278786802499	-1.89700257437796	-1.68070509031523
NA18947	2	JPT	Japanese in Tokyo, Japan	EAS	115.390536657489	-173.72834247903	-16.6333230357402	-29.2199481451487	-25.7277818306935	-0.310455267489681	77.6590492636714	-2.78944561546435	2.22977135131366	-0.0907156198044998	-0.411306564942712	-0.360542511285757	-6.52193092655897	15.2764570952037	-35.9854833078621	-10.5798997532329	-0.0649591533641078	6.00247241349902	-2.55446768387591	-0.758021278051864
NA18948	1	JPT	Japanese in Tokyo, Japan	EAS	116.788125966161	-173.661484230813	-17.6345432735878	-27.0276490845154	-22.2663594463896	1.76113572095136	71.1877662997191	-1.8670427233093	2.40269652177493	-3.84596867736339	1.63718435303571	2.03451379274084	-6.03976300504071	14.1331044828203	-29.340491464154	-8.8733791713212	-2.89041537802304	7.39185329197595	-3.32196430736	1.6106917757421
NA18949	2	JPT	Japanese in Tokyo, Japan	EAS	116.315349755584	-174.05672370973	-19.4501744707221	-29.4757947749622	-26.2962167665009	1.07604978727076	73.8459975950682	-2.86310536010288	3.72405314789873	-1.51529229904504	-0.535018215404377	-0.365036792052165	-6.09466413472874	10.593140156773	-31.0009155651391	-2.46306241702999	-1.37961039399752	6.5995708046476	0.252298449713435	-1.93955449733662
NA18950	2	JPT	Japanese in Tokyo, Japan	EAS	115.771746662606	-176.381438784867	-17.0912163150215	-29.5778673006256	-25.9543047637759	0.95181160396121	74.1138209082811	-3.57682962793388	1.72747895832718	-0.106591452816322	1.86349120606482	1.14052100818435	-2.59573896528908	9.84204204573145	-24.3871943033674	-1.57241188558304	-1.17429165270164	3.94600069122684	-2.29088699499881	-0.546609601945504
NA18951	2	JPT	Japanese in Tokyo, Japan	EAS	115.265748732053	-176.119053335715	-17.4803890536618	-28.6265058944409	-22.9595363104541	1.17720933834368	64.9217146499718	-1.77719647251539	-1.02857680766406	-2.39145198862755	2.94146400129744	3.10207282236544	-3.47594137110533	9.80917002716581	-24.5728840391291	-2.07621870386332	0.602918846632131	4.93802931350703	-2.36578595526716	-1.65012244994628
NA18952	1	JPT	Japanese in Tokyo, Japan	EAS	117.15786602211	-175.172119572616	-18.5607120774489	-27.0526283837438	-21.7120325382681	0.60539120355664	71.3247169997634	-1.68999929073177	2.29010715485779	-1.62458331423917	2.41092999080763	2.24861474653429	-7.24100719799021	14.5912688677417	-30.0690960075884	-6.61489226161608	-2.43854242181378	4.29379094540669	-4.78447676182939	2.68940576266338
NA18953	1	JPT	Japanese in Tokyo, Japan	EAS	117.721727897951	-175.310917150309	-20.0132700520924	-27.2375747486869	-26.2419460412403	0.865382959742947	72.2623752313869	-2.67248317970686	0.039364288913982	-2.05969391518361	2.70877350579463	-1.97175604652101	-4.55274071679943	11.1138082004242	-25.6740318811298	-8.5984232806334	1.44217623334732	4.39363384251461	-4.23857471461699	-2.28248607975316
NA18954	2	JPT	Japanese in Tokyo, Japan	EAS	118.00234486974	-177.20609630291	-18.0804873925762	-32.6577237292816	-18.7936920853774	2.17023361101286	54.9828452221996	-3.65826602815943	1.14214875557237	-0.489765772105641	3.0428827231509	-1.00015279189475	1.11513248622796	9.02852999931479	-22.6425112666964	-7.05338006185354	0.995950832754848	0.144214554176452	-3.7869121590347	0.7493008690818
NA18956	2	JPT	Japanese in Tokyo, Japan	EAS	114.082784744596	-173.867558130556	-15.5618792398426	-28.0148582798108	-27.8695357444493	0.778067546643424	75.9930783124369	-2.76611361211321	2.21209755595584	-0.719917362262206	1.30728406963714	-1.63454907121074	-9.7104251324936	14.0376233402159	-31.5612318308137	-5.00696261822394	0.879870754255184	1.5965630248312	-2.17609501377591	0.580271160168842
NA18957	2	JPT	Japanese in Tokyo, Japan	EAS	115.729802488638	-174.177061055503	-17.9730163723135	-27.8548044762651	-23.7956839314643	0.617368899326464	76.942825657032	-2.77679463879318	1.10637594056647	1.03827226969377	-1.07130486365595	-0.823442812880275	-2.31173973785369	12.4783260673696	-34.0194949020805	-6.83259163452672	0.652036478598327	-0.00292010852161221	-1.6700780650181	0.250109496160306
NA18959	1	JPT	Japanese in Tokyo, Japan	EAS	115.547546995444	-174.125064613464	-16.5118589612479	-29.8803775002569	-25.1815184860087	1.68408268916649	72.1903141917915	-2.09175514832484	2.21371108448181	-0.00882799961229504	-1.19959908032896	-2.33473808393962	-2.99616805720669	10.7260868491119	-24.213057158235	-2.21992661906932	-0.321919054539162	1.67974901985751	-5.37857116979064	-0.771148844422895
NA18960	1	JPT	Japanese in Tokyo, Japan	EAS	115.072882316387	-175.371110061288	-16.2341363819384	-28.8752695379504	-23.6363534863527	1.7852872508977	69.3433373943929	-0.380400108112512	-1.22056740336431	-0.213421068205134	-1.99001506316159	0.112176879914537	-5.4789242741793	14.6684483464296	-29.029236521999	-6.04979556853076	0.897181256278907	3.47378429922336	-2.75014718092657	-3.1793760213294
NA18961	1	JPT	Japanese in Tokyo, Japan	EAS	116.77925022637	-174.713554613439	-19.5092401964893	-27.2912980431655	-27.2494994976812	0.986375741381636	76.7056243132926	-5.12132168911569	-1.54543376297688	-2.42454874288446	-0.167056731445514	-0.752460078869136	-8.23667592812147	11.2264243611932	-32.1412976667073	-6.47572144420508	0.942976685478767	1.3795899562225	-3.04362959571632	-0.46391339041269
NA18962	1	JPT	Japanese in Tokyo, Japan	EAS	115.232465034346	-172.74035143928	-15.8252769170103	-29.3129117525016	-23.6218666381886	0.742960191087826	73.0337056060771	-1.87111053617311	2.39627877815112	0.372783084121936	-0.314314487388695	1.63037563495833	-4.40266652127564	12.6981904551686	-30.4082632527334	-5.33096651084478	2.36480818560825	2.7052798948478	-0.364130980550621	-2.80344702088454
NA18963	2	JPT	Japanese in Tokyo, Japan	EAS	117.56237520372	-174.535520046574	-18.8815720564137	-31.0861322113255	-28.1221983177753	1.54453448328188	73.180022538123	-1.59020548852022	2.15409430159565	-2.56380134725314	2.12041165608241	1.72663083463566	-4.23091535399512	10.9849161936629	-32.936292467407	-6.5409965211409	0.60878128953993	5.61843995570434	-1.53195314059565	-2.75560388241506
NA18964	2	JPT	Japanese in Tokyo, Japan	EAS	115.694357596679	-173.431375131898	-18.7570035194626	-29.2436603350762	-25.7947349386558	1.47119651426105	73.7255773767978	-2.58053924535337	2.08168406715952	1.91381377317788	1.41033893505576	-0.595943149563037	-8.56641453275076	17.648937130461	-39.3514201535779	-8.85901079335814	-0.30424566304702	5.70733020433467	-6.0832180941754	-2.85126918903118
NA18965	1	JPT	Japanese in Tokyo, Japan	EAS	115.597721735431	-176.235483145075	-20.8442124843938	-30.0746777197297	-23.7714686863495	1.19861476767136	68.2554276248365	-0.0926640354667354	1.00710723666397	-0.00564985209680319	-3.78906808724691	-0.119276879368727	-5.54441683485812	8.77676454775154	-22.9097237424465	-7.02418430604628	-1.18235267203685	3.54869810670766	-2.24851937493872	-1.90091482672202
NA18966	1	JPT	Japanese in Tokyo, Japan	EAS	115.051801385067	-174.002989648591	-16.8076600219691	-28.4715703367534	-26.1524926471196	0.789427613353696	80.3858488277258	-3.03926939944882	3.14967815530707	0.12123560286651	-2.11219276478326	-0.76188707760399	-6.54791844388033	17.2462215250963	-35.6169103575214	-6.41219030389725	1.00249975335133	5.72083073219235	-1.82877831744165	-0.309066215814993
NA18967	1	JPT	Japanese in Tokyo, Japan	EAS	116.041077404107	-174.561252118805	-18.6644731644893	-25.9844984337581	-25.4016585539137	-1.02952111875665	80.3271313717092	-0.753017951667095	3.30258512464294	-2.25327798386874	0.0609931787245051	-0.821254791690904	-7.64091265515837	15.5511226666271	-39.9522790300983	-7.54434416766979	-1.09523790404098	4.38678488074099	-0.844676818026273	-0.101635492358488
NA18968	2	JPT	Japanese in Tokyo, Japan	EAS	114.583554764609	-174.454364763422	-17.0531475722963	-27.1056229308665	-29.5060508332185	-0.640673244610394	78.6480082332552	-0.809682634287051	1.04188158188724	0.271159788042975	0.744711235856385	3.21471195651711	-3.61338745681466	14.7131913699473	-43.4114400510868	-10.3213089495979	3.08119575653875	3.10953417386649	-4.6184702837245	-3.28225376482114
NA18969	2	JPT	Japanese in Tokyo, Japan	EAS	116.098148811095	-174.02299207581	-16.983817779187	-27.0939686059547	-24.5247021349929	0.0286808820654622	74.0086495379967	-2.18717053550823	1.62306475201132	-3.18909222161182	2.67721300806493	2.34953581022191	-5.54470274700896	13.3682731412674	-33.1252677825968	-4.74770728315085	1.19883037032151	3.85018853712723	-2.57759034069806	0.344826293846762
NA18970	1	JPT	Japanese in Tokyo, Japan	EAS	116.280301007828	-176.155724503148	-18.1867135544828	-27.4292939594474	-25.6243868144247	0.0658227926448866	74.2593840063665	-4.08889811586401	0.178854694283229	-1.4673198143746	2.51999524703728	0.238793830534611	-3.48754091781144	15.3408999852909	-35.1542987275662	-7.12005176428399	-0.717493977163086	4.91812941526036	-0.685661276485511	-1.78136015593909
NA18971	1	JPT	Japanese in Tokyo, Japan	EAS	115.527024985086	-175.121907297454	-18.2718375836992	-28.8702157493398	-25.410284755209	0.659778404500779	72.8811999642918	-2.30036929378875	3.36083273538343	-1.7662470079105	-1.73977007679972	-3.4802836121093	-2.59990601574769	13.6891724107323	-34.2436424266374	-7.85974210887717	1.88357907576404	4.75639071975705	-6.26636192872812	-1.2277018164734
NA18972	2	JPT	Japanese in Tokyo, Japan	EAS	115.894691775117	-174.340712481995	-21.4813624487545	-26.3359224537356	-25.4323788831701	0.240696447388132	71.6669220096737	0.164656061161044	1.41542603568683	-0.878141729568149	-3.86633493417554	-0.0416133944726584	-5.42566910231558	14.5750162539338	-33.921129784626	-4.15869537496298	0.545088214933287	5.6679435442009	-3.69481217865339	2.08753490734614
NA18973	2	JPT	Japanese in Tokyo, Japan	EAS	116.804549186627	-172.876044633246	-19.0030386484707	-29.0712585196956	-25.7019591168558	1.94842972397627	73.5243245208336	-0.710206377676022	4.02409485704576	-2.48016134741316	0.980210810162196	-2.03856151288204	-5.19186405570255	11.3692493884088	-32.5328512642556	-7.32886775389455	-0.228169474955588	6.32638422691886	-4.61540354283889	-0.53739197776582
NA18974	1	JPT	Japanese in Tokyo, Japan	EAS	116.76383887793	-175.479223541325	-19.1207274341017	-29.5351323165778	-24.6854176638738	1.66090486878356	73.1957025712079	-1.26390760217745	2.27109609141928	-0.416426809555084	0.436551181826261	1.09258394732924	-1.72481357867959	12.5476486130616	-30.1417216290315	-4.70470097736028	1.89360371204933	4.74169784900191	-4.65858948136166	-2.12958607595925
NA18975	2	JPT	Japanese in Tokyo, Japan	EAS	115.628879802905	-173.568277068957	-15.8429093151707	-29.6276109890806	-26.1491940135379	2.56006348111872	75.1940287966499	-3.62249693959788	3.59778907997542	-3.16201486799438	1.49338741368026	-2.43431037127676	-5.39167925129021	14.7982219572384	-31.4277271055948	-7.44960753344597	-0.42643397146561	4.19705335363721	-4.92146631956612	-0.763176852775304
NA18976	2	JPT	Japanese in Tokyo, Japan	EAS	116.708133234325	-178.975830519868	-16.4347081999476	-29.3569009754086	-18.2064260775217	0.952499570307965	50.4916351348217	-0.645915296286967	-1.87131535822646	-0.525392953895278	0.175048358002461	0.60797687410273	3.77968725469282	-6.65009886516433	14.9462107964918	2.56998045665754	-0.00590077024433402	2.88324683800582	2.27342242369609	-0.162597679929416
NA18977	1	JPT	Japanese in Tokyo, Japan	EAS	115.134970451135	-173.500402547123	-17.7390096795108	-26.8700151923546	-25.3651319569822	-0.968253552185726	70.4497697637426	-1.94374078937997	0.496526981389732	-0.620805595343074	-0.13384869654057	2.31099768866013	-7.79532088910517	14.5158735623509	-28.6888215734504	-7.3145327712679	2.00448328982336	4.8217386774661	-6.05527392538333	-0.136424041003186
NA18978	2	JPT	Japanese in Tokyo, Japan	EAS	113.965747928897	-173.509301590926	-15.9598467347786	-29.3688954656554	-27.9418995819668	1.9744215118812	78.0227053278255	-1.73918122198754	-1.76999818981724	-2.2303403664452	-0.96329337597976	2.39337827788235	-7.80719433019664	13.4995981478888	-40.167267990443	-7.54875299300421	2.01001325436856	6.54473038674862	-2.51053525182772	-1.18408645552683
NA18979	2	JPT	Japanese in Tokyo, Japan	EAS	116.025688590005	-174.662084942376	-18.2587392609701	-30.2695422250674	-23.6518636963276	-1.20719339031846	68.6006607269323	-0.881655702455189	-0.613633643640603	1.74270882433988	0.54585230371256	1.5296912125004	-2.45237348841557	9.60944339980442	-23.1700715345665	-6.20816030727701	5.45710850924205	5.04547549975717	-3.90323756670184	1.03104489468812
NA18980	2	JPT	Japanese in Tokyo, Japan	EAS	117.567297884512	-173.588521269272	-18.7011031314093	-27.5008978558211	-23.3035505704107	0.549556501641943	68.6601814689207	-2.22174859905451	-0.807372446446257	-0.846339262799573	0.201654472726209	1.57202493931047	-2.89507942379762	9.12868902746774	-19.823916776943	-1.1327087296206	2.46788741664376	2.07593201273636	-0.493743080218139	-1.88716164418743
NA18981	2	JPT	Japanese in Tokyo, Japan	EAS	115.809370762967	-173.493968540084	-15.4094947112839	-27.2039589630722	-25.0188302733294	0.354437609424739	74.361902537524	-2.49432404986636	3.84979346073724	-1.69960428416713	2.20039146934512	2.04936818151243	-5.85672621902576	14.7055344709504	-31.9248624023577	-9.33568771743638	2.95588644246767	8.110933849731	-4.34150261564722	-1.76595863831895
NA18982	1	JPT	Japanese in Tokyo, Japan	EAS	114.483598770202	-172.584949714601	-16.762143534373	-28.8392463310609	-23.0895754085309	1.46262895497451	68.3041551290023	-0.847857180444857	4.17797573013395	-3.00655723735442	-2.39837882948117	-1.67717609348017	-3.97914205243704	14.9061026769427	-28.0116302960037	-7.15073804508792	1.99348779767082	1.22416201025287	-3.71103126491786	-2.02362138372397
NA18983	1	JPT	Japanese in Tokyo, Japan	EAS	115.126071518219	-173.298767373155	-18.0967534895704	-24.7239082244321	-28.5079971750075	0.741730560304011	79.8595284129475	-2.42685613275997	3.6550777208333	-0.727403641440834	0.312190628255255	0.949436647135796	-7.10329806281858	12.890184364459	-35.952669943272	-7.64214204128389	1.81964265157552	7.14845938469927	-5.01444821512481	-3.21128725670585
NA18984	1	JPT	Japanese in Tokyo, Japan	EAS	115.239769611669	-174.294247475544	-14.9967809974266	-28.1328277299203	-25.1521194842508	1.73676251391822	80.3668201172411	-1.0379201554896	1.180190334156	-1.40648042624681	1.99445243615923	2.96402292222692	-4.92505911704902	13.8816238522997	-29.7621784111129	-12.1643739170012	0.93915755453625	4.39910401714679	-4.13448091771788	1.26667288908924
NA18985	1	JPT	Japanese in Tokyo, Japan	EAS	116.739256644746	-173.590194011821	-17.5375253434308	-27.8298784671915	-25.1576989477889	0.687557694753681	70.268496021553	-1.54151057921984	3.4971715116315	1.04026815688871	-1.5501129147483	-1.09914648706702	-0.13766721840462	11.1182766520465	-26.9552352337212	-5.46350529224319	0.819083324524886	-1.28087715094291	-2.76690793017565	-2.43811962606998
NA18986	1	JPT	Japanese in Tokyo, Japan	EAS	114.574530092432	-174.334787863645	-18.2673020612112	-28.5657414306579	-24.2759038208069	0.526016614269913	73.6583851464676	-2.7929426573673	4.00818608992222	-1.57399534194761	1.92069561001513	-2.45856277522033	-7.07474654942898	12.5813746058873	-34.5608330975244	-6.09919479214097	2.32951093841262	6.66718082511467	-2.5152944771942	-0.343990265784729
NA18987	2	JPT	Japanese in Tokyo, Japan	EAS	116.186497071143	-174.147539714994	-18.6497527133074	-28.1679973762119	-22.3599860916589	0.533990595735687	73.637992254585	-4.60745059972676	4.5382001961051	-2.06194347761465	0.0761470984034521	-2.03341877179966	-3.17200469294897	14.9992008070144	-29.4212865754791	-7.81879180421088	1.25562719268733	0.682870719403846	-2.62190284937324	0.885061235464007
NA18988	1	JPT	Japanese in Tokyo, Japan	EAS	114.782708409116	-174.267040880637	-15.8347553419867	-26.4703742737617	-25.5667832420256	1.48350532691876	73.8034185941887	-3.14357395303673	0.59496655389745	0.247754165626001	0.779137262224117	-0.80559910226299	-3.69583663235701	13.5237951900718	-27.8021841466402	-7.62640440482255	1.42132002564349	8.3187715011819	-4.27692215783697	-1.8951148821189
NA18989	1	JPT	Japanese in Tokyo, Japan	EAS	115.736584540315	-174.169483302583	-16.5829809755094	-24.3753775666375	-24.7757226206986	1.44283821348894	76.155195850244	-2.42670398395412	3.65888617483555	-1.20388033892357	3.74302337842714	-1.94226945324115	-3.67243875421738	16.2104813468149	-36.7697760754707	-4.29414014812062	1.20823185167155	3.01354879946801	-1.78223882894694	-0.922884135317597
NA18990	1	JPT	Japanese in Tokyo, Japan	EAS	114.667529573807	-175.513173398934	-16.8367503902074	-28.5600948999575	-22.5062601141862	-0.13376609312767	72.0772489841313	-2.21199418163552	-0.147027901152313	0.921945381850115	-2.02473054979461	1.62968505925071	-6.10809193472533	11.3589381210813	-24.1218814915117	-5.58805171590783	1.10652961667238	3.92154402801081	-4.02152371767591	-0.994242527904351
NA18991	2	JPT	Japanese in Tokyo, Japan	EAS	116.590061346471	-174.067540926623	-17.9162054813821	-30.3695390565682	-24.6198055785378	1.13754916840645	75.0049471328408	-2.36979905381209	4.02743898494107	-1.71606886863446	3.13022192955167	1.10562328480187	-6.18653224617542	13.1432083056732	-31.6462043463813	-8.76080064557319	-0.35433888357214	1.3014795390825	-1.87840308922316	0.184729238122264
NA18992	2	JPT	Japanese in Tokyo, Japan	EAS	116.359242487215	-173.795429235098	-17.2453639706315	-27.6667464170701	-24.8728043342702	-0.288252001295176	77.0478940429414	-3.3806264267419	2.50492714716655	0.57290889658523	-1.96652233533983	2.23183074792342	-4.49456313968881	17.0771472804157	-27.8553314059446	-1.82621946088863	2.518613060578	4.6119155124161	-2.66416286885917	0.51652018125824
NA18993	2	JPT	Japanese in Tokyo, Japan	EAS	116.174863315153	-172.319519490564	-18.3371405438923	-27.3684662859455	-24.8627631499014	0.743955904772158	73.3518354366541	-0.0556758107659237	2.8082680985348	0.540559500372042	2.53845151696768	-1.41043793004243	-5.73816133689236	16.6435267947729	-37.2451934565079	-9.35419293578074	1.30052545413518	7.35723001120741	-3.52820791775517	-0.798649191104374
NA18994	1	JPT	Japanese in Tokyo, Japan	EAS	116.071886204969	-176.903130412727	-15.552774096908	-30.2402361221829	-24.8274398825149	-0.324286338237674	77.2144801963523	-3.60452713659578	0.996025176532002	-1.69828688455376	1.26010768476666	0.35070515439624	-6.23851728700971	16.6586846628006	-36.1639163285951	-10.6380115445279	3.37678553033026	1.98499558177235	-3.60097097443877	-1.61306845472496
NA18995	1	JPT	Japanese in Tokyo, Japan	EAS	117.437588152221	-173.025275751754	-16.0144264848891	-30.3402518766798	-25.722202733812	0.448426909885583	68.9246119090422	-1.79346658133217	-0.463994480955417	-0.277897111904453	2.26853376555485	-0.0298053235279489	-2.49259162438832	10.3871705560881	-27.0330364872392	-6.43831581033184	3.23459441038607	5.47988095699061	-1.65485563065116	1.93654471472961
NA18997	2	JPT	Japanese in Tokyo, Japan	EAS	116.985693390812	-175.621018469526	-17.8955675728806	-28.7187503426095	-24.0031489491489	0.715150311616913	73.0545310513158	-3.79702629493437	1.10966527508511	-1.05887106963645	3.45449823125046	0.59561297887672	-4.72876431919833	12.3865008609358	-32.3611849465123	-4.14854853459793	1.12983960335569	4.19053578694299	-2.67576405064691	-0.7365940918196
NA18998	2	JPT	Japanese in Tokyo, Japan	EAS	114.928456731967	-174.349184749161	-16.3111143996515	-28.3011586100146	-26.0026980650303	0.138774581935006	80.3646400349661	-1.59059825125281	2.01112799373837	-2.99145423089233	-4.0641385787799	2.9278446150591	-3.74234510377335	16.4754380973477	-33.719935766573	-5.68705295791196	3.81685017446115	8.87573980451123	-2.28748646141357	-2.41331384563668
NA18999	2	JPT	Japanese in Tokyo, Japan	EAS	115.185207414569	-173.048805850001	-15.2027424378741	-28.0933069331063	-23.8016870968839	0.323057763767052	69.6579608646265	-2.90408344178316	3.05521984606925	0.771278686368175	2.36368595077488	-0.875887776507757	-5.33534175234	10.7763784587274	-30.3502401372781	-8.51015578107047	1.02925391087978	1.58432566351081	-2.12734097870222	-1.19977047495476
NA19000	1	JPT	Japanese in Tokyo, Japan	EAS	115.609229852247	-174.586766815588	-18.6128979918025	-27.9609184908927	-24.6705206615745	-0.176547099465982	76.1771638629267	-2.31333874690295	0.559923121810761	-1.02458395317688	1.03897487910485	4.18237660653252	-6.79489346290052	13.4133749606868	-38.2501283957137	-6.19366758044943	-0.231181994080587	1.19051295985456	0.270143652478086	-4.57557912611223
NA19001	2	JPT	Japanese in Tokyo, Japan	EAS	115.110756309549	-174.917274098489	-17.7921074853143	-30.6391558334206	-24.7616311159844	1.93847759633013	71.1668570551673	-1.287693727921	-0.925297849823292	-0.495723884363745	2.87893129570223	0.541434172377424	-4.73940285599425	12.8325263296303	-20.7438361717141	-4.77879545336882	-1.49648563692113	0.615621631279708	-4.1533218354451	-4.92842862163582
NA19002	2	JPT	Japanese in Tokyo, Japan	EAS	116.200547597698	-171.659293582222	-15.0771771292027	-29.1068107566699	-24.3372233712281	0.784027818162875	77.1107721661204	-2.41875670926963	-0.789134026872937	-0.0859485045023262	0.229989006956801	1.89515997896718	-5.42970691639493	15.1153663593525	-34.0400471751899	-6.69571627078049	-0.480337591924753	5.31512912692702	-3.37719552064717	-1.00462214422512
NA19003	2	JPT	Japanese in Tokyo, Japan	EAS	117.402806413479	-175.382221683279	-19.1167547236531	-27.1920826838682	-26.2911391256391	-0.892402584670411	77.7061888292938	-2.62549709275226	4.10983026484747	-1.60520048757222	-1.5103269306313	1.44617634385191	-5.3848481650126	15.9118968658564	-36.7590779401989	-6.07639917070283	3.66775743312867	6.31668895565123	-3.52411647152992	-4.06032242692301
NA19004	1	JPT	Japanese in Tokyo, Japan	EAS	117.475678478749	-176.021045954241	-18.4798316924681	-26.2490389044174	-25.310595942182	-0.761767214108061	76.9610146005421	-3.97430466069222	2.73310136633875	-1.25631384786358	-0.412842247446592	-0.155489166159717	-5.15984658165892	14.2150953399455	-35.6398484157146	-9.72549422003464	0.668614754028005	3.85135872780397	-5.61651538330331	-0.369191785625771
NA19005	1	JPT	Japanese in Tokyo, Japan	EAS	115.921230528606	-174.577015593275	-16.2363013530018	-30.4161073065455	-24.0482475674946	0.712645479901529	67.8523238355151	-0.645797066310904	3.20637005142115	-2.48738113322934	3.37017272647963	0.265544371899166	-7.80264344022311	8.32005814751941	-23.1299912997025	-10.2144480497488	0.635450425642968	0.999780634485571	-1.90718123155885	-2.78759544704433
NA19006	1	JPT	Japanese in Tokyo, Japan	EAS	117.068227521363	-176.346332290786	-19.4893400580287	-29.4860964305818	-26.3247216320635	0.632744217826857	75.4787517583224	-0.744014880761071	1.8545040575844	-2.0792857114821	1.93987119219407	-0.875475929769833	-6.26788098699943	12.5726921275572	-33.0232511933169	-4.85194373150716	1.59628532795541	1.95134192626765	-3.80178373016869	0.98295846211939
NA19007	1	JPT	Japanese in Tokyo, Japan	EAS	116.632261820945	-173.342410063375	-17.7783904809826	-30.0941885244733	-24.2219549386664	0.127894578066591	71.3206755067664	-1.24680361234353	-0.21837457457573	1.95298309835312	-0.48250818297163	0.600761398697287	-2.86410078810992	13.3524513861096	-31.8934613870144	-3.36613521929109	-1.13297184410708	2.62098570845442	-0.440690721431846	0.278990291637537
NA19009	1	JPT	Japanese in Tokyo, Japan	EAS	117.415185566753	-173.92646508076	-17.9350897464152	-27.5611827528346	-23.6025341720932	2.05927670828137	70.0739268900809	-2.31011680470416	1.31762668429304	-0.354623738089568	1.15670818479501	-2.21176853404977	-7.33928653111875	11.0999096283946	-27.0862683132585	-7.11350532888066	-1.92512399089553	2.46727397883676	-1.85251935050133	-1.18648950024135
NA19010	2	JPT	Japanese in Tokyo, Japan	EAS	116.025418655108	-174.986939152249	-17.9500462155301	-29.5740490669091	-25.5684312616706	1.06298582012038	74.886438350901	-3.28383533598113	1.05556733791843	-0.941264434333602	3.25922293583671	1.07789334246497	-6.88417916274187	15.916755399585	-33.4364125619797	-7.09511190077296	1.12057658299788	4.46320191072454	-0.774192631361928	-3.84017457981805
NA19011	2	JPT	Japanese in Tokyo, Japan	EAS	114.141987147717	-173.67999298463	-16.7157932153423	-27.8488920343257	-25.9655507330027	1.12254641379984	75.4204325182972	-2.13870946258106	1.00440004782897	-1.94345583051793	2.37406638012627	0.12862421694819	-5.71642083977822	15.8503455984702	-40.5527554559589	-4.62714757229488	3.35931038111654	3.50743770593662	-3.69854462867622	0.98366046051285
NA19012	1	JPT	Japanese in Tokyo, Japan	EAS	117.417023069086	-174.081418001496	-17.5466753668145	-28.3215625881923	-26.6091380655802	0.201869970038771	74.5167700505256	-3.3466907421699	0.240630385378225	-1.82205647837116	0.0809594713551538	-0.309301023173567	-4.11365740271244	13.5077002771436	-37.1590732937951	-10.7148980847635	2.8347599997597	4.55748169499595	0.372193688005433	-3.34644795454572
NA19017	2	LWK	Luhya in Webuye, Kenya	AFR	-273.582223187208	-13.1789126280739	2.07666883341447	-1.65623577878615	12.8496038018079	66.2736139392894	6.18199228498289	75.3524125580336	2.7805333095201	-0.499303229549378	1.76841797193706	0.128446428367727	-0.841090940273226	-3.79453514023458	-2.52531465903077	5.28957937780651	-4.40530194535729	0.435724969928564	-32.5773952131712	13.4049974876894
NA19019	2	LWK	Luhya in Webuye, Kenya	AFR	-269.29273819913	-12.4049542730879	2.03392477638227	-1.29067699449572	13.7474214093777	63.3799275179514	9.51434378300103	88.310942645588	-0.402558777045101	-9.36468846521831	3.55932960314118	-2.20819124193059	-1.24910684547979	1.04443072312612	-0.218664051994385	-3.02800252596608	-11.0622333120971	6.77758326055508	-24.4457540234661	-10.2547725440447
NA19020	1	LWK	Luhya in Webuye, Kenya	AFR	-266.52566888544	-11.2406817017058	0.994609179166636	-1.10990740191217	10.2516597256513	57.844362764832	5.9748049073103	82.2205502675287	-0.0463327428920178	0.870413524194057	1.18616910213234	1.09369039200923	-8.22103873728355	2.67126914001336	-4.90966100840619	0.328387789839308	-1.38364464687843	5.32031335335386	-11.2373966828549	17.818595193697
NA19023	2	LWK	Luhya in Webuye, Kenya	AFR	-275.564559485096	-13.3915372472879	-0.552307241031938	-1.42325580589694	9.61741121769644	62.1604173836295	4.73000040376575	73.3767872772808	-0.702033230776853	3.73132800853191	2.32535825642527	-4.82840823962013	5.46556733736157	0.978497029023359	2.96998305689635	4.46571072523953	0.0649075125908172	-10.8470254427565	-11.4682509261198	-17.1833500008052
NA19024	2	LWK	Luhya in Webuye, Kenya	AFR	-269.138389475925	-13.1519757848677	2.38046236479783	-0.300833214286004	10.3809226065858	61.4589995274039	3.01648719940558	78.934684282298	-0.0836628212311931	0.813777552989653	3.81838799178684	-5.07867869438511	-1.2988053518053	0.987812659965586	-3.00106778070915	1.07329625099302	-8.84724668824609	-0.156299676089454	13.5262763259579	-17.0644609782653
NA19025	1	LWK	Luhya in Webuye, Kenya	AFR	-270.955153602525	-14.1500030897331	1.27776354991334	-1.99083749694969	12.5809877651692	65.1209203394579	5.74192464522072	80.1579179059919	-2.42973105569844	-2.58885872190453	4.29588151103833	-6.85474301705075	-4.98378680684021	2.39814686417011	1.49675206090921	-1.276502874064	-6.00552111842868	-5.03982488055196	-18.334175032585	2.16179713923358
NA19026	1	LWK	Luhya in Webuye, Kenya	AFR	-268.545044260955	-11.5783646656355	2.49298755446119	-1.53343048476648	10.933806147914	65.0227324634411	4.73134597144693	86.7115844255382	-1.47744577978436	-1.01206199186168	5.92804655411002	0.866342976931211	-1.93711892159053	2.45802542832498	-3.04490160658202	-0.383410934596078	-10.1345352610934	8.17238413919112	-13.4289903333219	20.3611606988396
NA19027	1	LWK	Luhya in Webuye, Kenya	AFR	-259.179189095146	-8.05560180294026	2.83849254126544	-0.949465945719499	15.3947740974711	60.0238422428993	8.27579306458446	83.2470541922873	-1.45384281031748	8.7484791172755	7.24032537499335	1.63175880211415	-0.493722966766885	3.91050732095763	4.48506205963406	-5.84354455429953	-1.0889617260799	-12.380883911978	110.727314049802	-26.9436105128461
NA19028	1	LWK	Luhya in Webuye, Kenya	AFR	-261.965244846201	-10.7048172160568	1.65261493324731	-2.46236358571356	12.255376902697	64.2331340921976	7.84958232278631	90.2142624525443	-3.46295060349176	-1.27181549853638	1.68553532041697	-1.34157949115901	-4.27542831008956	4.12905534819498	-3.85773881462473	-1.78012028975931	-2.22113371592837	5.12864467699445	3.8254903304146	-8.24766242775714
NA19030	2	LWK	Luhya in Webuye, Kenya	AFR	-268.378714603481	-14.1344592962386	2.15818399733302	-2.32110789907715	10.4677065561197	61.4205436560491	3.45488664233518	82.2756261363435	-1.78402034636074	2.62705794259055	3.74351756998961	-5.90242190006531	-5.82991283707165	1.64469450870267	1.61646947485348	-2.8201017248593	8.01723729367499	12.8227184072953	-4.06015196722058	25.6940210057571
NA19031	1	LWK	Luhya in Webuye, Kenya	AFR	-264.241268722174	-10.802197352987	2.83721716745459	-0.71661056483149	13.3010206857636	65.7212368832272	9.8884485287289	76.930384253254	-0.154322332370935	6.25327349872235	9.7876481828374	3.58156031325384	-1.54550886036518	-0.917730547604978	7.795869644346	-7.0911132938639	-13.4448349473672	3.02361492633649	8.54106322499304	-4.28329141748859
NA19035	1	LWK	Luhya in Webuye, Kenya	AFR	-266.679124532486	-11.6246254259887	1.36639518640762	-2.43565758017445	13.0725459763104	67.7325168104404	7.08210277233556	75.8907545836246	3.79674347178181	5.5043067321543	3.04068906543548	1.57311954435673	-2.97379555220851	-0.170164615401742	1.35199522017935	-1.33604313122493	11.59683741665	-4.44257284922151	-19.5730612387161	4.8545425200602
NA19036	2	LWK	Luhya in Webuye, Kenya	AFR	-273.699727868719	-11.9688009304878	2.14702408292747	-1.02034604969845	11.0857255880829	58.4768703887369	3.55048917574492	75.5166849557018	1.84442209435451	-5.65856360107381	3.72390395457595	-3.69984644967607	0.258047268589855	1.47306574343864	7.17444617918481	2.97972689841383	25.0955135346639	6.3949311579843	21.0596698401666	-10.4565317115348
NA19037	2	LWK	Luhya in Webuye, Kenya	AFR	-269.041744735642	-13.2753095386588	1.50905494838302	-1.47199835496646	12.9830603656491	67.0434021297013	7.34306335171037	82.5042633684055	-2.05207405277774	-2.56765821836986	3.26210415404204	1.86985688035422	-1.8769353007072	3.86020614201672	-1.23291146840572	-1.92341776030374	-8.13649206543716	1.48936462031688	-4.80837400695983	-8.15219206650034
NA19038	2	LWK	Luhya in Webuye, Kenya	AFR	-271.126983816864	-11.6109092952377	2.52941496154193	-2.02249025491499	10.3024087187767	64.7374784240931	4.69433677156505	82.1924025652476	-2.50961743584556	-0.615580945838367	2.94737812913629	-2.97904326398001	-5.20090224499324	1.63994684473846	0.479596996594839	-3.42928501059555	8.8592468959525	3.59587909313402	4.26863247645883	17.9344965560126
NA19041	1	LWK	Luhya in Webuye, Kenya	AFR	-268.785151828855	-12.6830156875298	2.62330228250481	-1.21209220553892	12.8085684457253	58.6269396185233	4.05670768094813	79.9830250889792	-0.215448740850309	7.09962147104001	5.56753246635078	0.453155686510646	-1.18874088574208	-2.70964110520459	-0.735739009784863	-3.10357720207477	3.84555681549189	3.80825173875173	-19.8308626104434	8.90637852133312
NA19043	1	LWK	Luhya in Webuye, Kenya	AFR	-267.753730592691	-12.0350028402539	3.70578372330129	-2.43348070416697	15.1367677207533	56.1970927306249	7.36011450915476	83.1347871856554	2.97157888563408	-4.52721840926446	-0.725787856979275	2.38966999811514	0.367012168626564	0.0467777466568558	2.27803731572169	5.55520795134392	-17.4335218603933	4.53705586355129	-16.7803959067951	-5.60213607986129
NA19054	2	JPT	Japanese in Tokyo, Japan	EAS	115.525659123744	-175.324485469203	-17.8325625274538	-27.5049021239996	-26.4157000875997	3.07275251492021	74.755761742604	-2.83160744431166	4.38252608384012	-0.6269803423533	-1.23249257320639	1.55871327109821	-7.27967114473819	17.2468478221933	-34.2251443675373	-6.03930765038973	1.16922109228163	5.15353088978899	-1.18131894065004	1.36877065597055
NA19055	1	JPT	Japanese in Tokyo, Japan	EAS	116.037694884683	-176.726166767866	-17.3291887639227	-26.4892116243772	-28.5860301468041	-0.540655564883292	74.3478320849351	-1.97246892012075	3.00827314078968	-2.4256818277896	2.17722054794522	1.81590481916058	-4.98121034148654	10.1711424365625	-29.1913127186738	-3.58485854721314	2.33710926885276	3.89498166664301	-3.16756069973967	0.943673355871817
NA19056	1	JPT	Japanese in Tokyo, Japan	EAS	114.674152012005	-172.219950416208	-13.3898160215648	-28.1795485564221	-27.5882733084022	1.61770295294957	78.9439262002303	-0.475318361901889	5.06742102209798	-1.76599697189702	1.00053828877284	-0.914950569398628	-4.14641688686313	20.5044532000185	-39.5434611143519	-7.76767968711193	1.6042669324986	-0.398525431359593	-2.89578085608798	-2.18630416197552
NA19057	2	JPT	Japanese in Tokyo, Japan	EAS	116.551756974579	-172.00701146783	-16.4223932333195	-29.0657766013447	-24.6165446675386	0.224624426093011	70.1588794006462	-2.56236078184098	1.61432408595931	-0.745297651983292	1.62720170827395	0.476981163642334	-3.07927300435418	12.9016376722146	-28.2901213696588	-7.2337432129225	1.30028775873629	3.07137064591754	-4.98415580489101	0.381656280306818
NA19058	1	JPT	Japanese in Tokyo, Japan	EAS	114.788339830704	-173.675713754985	-18.9893649854716	-29.5485786737152	-22.0417357101445	-0.261030789678887	74.6880821730252	-2.909430801376	4.01473604889193	-0.769326617238866	2.12187058796026	4.71568621853234	-2.32102244155216	14.2897796083608	-30.7706838763392	-4.81067209874242	1.56654355088678	6.0529975810751	-3.46571219536463	-1.24752376141867
NA19059	2	JPT	Japanese in Tokyo, Japan	EAS	117.157786375876	-173.300761035214	-16.3537859503392	-28.47751809189	-25.1487597651353	0.696121601462465	76.0309129876574	-3.2892328123685	-1.97791385655113	0.418518635398023	-0.962667478570526	-0.202189557916151	-8.49512048496436	15.7329288316257	-34.4875035614145	-6.64965753923188	-0.150295700369676	3.91137252365244	-1.11441589578118	-0.583794443372495
NA19060	1	JPT	Japanese in Tokyo, Japan	EAS	115.728660389273	-174.655334043621	-18.9833318074148	-27.6338560254559	-25.6442698742597	2.09530626617538	73.2640724416527	-2.98401100812109	0.686461009443915	-1.27952324615794	-3.61846593931527	2.7165035092645	-8.13122179275694	12.7342358579171	-27.1174456491407	-7.06357445801688	-0.281013623938822	2.50393116737207	-2.67674173256997	-1.70315228358527
NA19062	1	JPT	Japanese in Tokyo, Japan	EAS	116.0662132321	-174.133885535217	-20.2843296909424	-26.4038138869659	-23.9482349157121	1.98932410115963	68.5778759043174	-4.06772513808019	1.27981757073072	-0.401415786708861	2.04440401405881	1.0684988741182	-2.90299554709573	13.3014365897644	-31.2251948740117	-3.59105499855147	-4.25940650250599	1.37343089518554	-5.55385752315651	-3.2977134334045
NA19063	1	JPT	Japanese in Tokyo, Japan	EAS	115.208694516914	-174.139841460093	-16.1711861169241	-27.659666324026	-25.4309774350617	-0.0708640595420605	77.5396419926493	-1.55865052457467	3.48989915102439	-2.80596834483613	3.43138786625786	-0.567597340166461	-9.5498965139613	16.0638202571432	-37.9000470916187	-7.18526397145793	-0.0966165288799583	1.82394280938013	-5.25314631842302	-1.33075663853625
NA19064	2	JPT	Japanese in Tokyo, Japan	EAS	115.518767522391	-176.232176272036	-16.3959512179233	-28.2031542355	-23.454602986909	2.06985473751476	69.1725595410203	-2.96215573426942	-0.70313437526723	-1.6935087115316	0.134680334062241	0.406167108901576	-3.5719857464524	13.1534132939352	-19.5257759198876	-1.9597906926624	-2.98734738158063	4.19192476345412	-3.14078087672564	-0.137854147032395
NA19065	2	JPT	Japanese in Tokyo, Japan	EAS	116.978518042343	-173.262170332316	-18.2386612857856	-29.2785663359636	-25.0979028215194	0.733108850392126	75.5274328028433	-0.771089568555307	-0.926625792586063	2.58426932347431	-0.30206663849942	0.526335538676408	-4.87947030717236	10.8908054843272	-31.2134950981832	-9.59912284458576	1.48091093513854	3.65790673926257	-6.07820723518206	-3.79469934879158
NA19066	1	JPT	Japanese in Tokyo, Japan	EAS	115.733354562342	-173.791907981265	-19.3655254367104	-28.6990523047518	-24.1862930554424	0.617300720017975	75.0759072916086	-1.04487366233266	3.74086775138305	0.304175721340085	-0.442579822277757	-0.994635231262827	-5.62744142994437	11.0292256531283	-34.4948440370271	-9.60896044785738	1.79624555666407	6.52042839658883	-3.02272400323144	-0.350794103078539
NA19067	1	JPT	Japanese in Tokyo, Japan	EAS	116.537990191176	-175.798421734644	-16.0200312781723	-31.1331397731359	-24.0601664364346	0.847338713810318	71.3062683773814	-2.24984394604109	3.25550939317968	-0.805687029159453	1.74798679402012	-0.647549073436515	-6.70162234352042	12.1130897954385	-28.0121642208981	-7.12349627291973	2.10392147045323	5.53550998523569	-3.8249829725565	-0.864536921853138
NA19068	1	JPT	Japanese in Tokyo, Japan	EAS	117.000261744056	-174.889744645917	-20.7956849732904	-27.7628811676451	-24.8518895598803	0.375462164645664	71.2765595882856	-0.655433009535593	2.91887588318632	-1.139168033705	0.369575458731939	1.9515427990157	-6.21909848047985	13.2088604752387	-34.4581495012228	-4.72262602970936	0.0862184595315516	6.78486963918071	-4.24159677439926	-3.97042373310564
NA19070	1	JPT	Japanese in Tokyo, Japan	EAS	115.652221300708	-173.13256264467	-16.9044694590565	-26.8758746537229	-25.225550684542	0.683544070736841	72.7631791335554	-3.31239130145714	-0.566578071185955	-1.70889726238557	1.43466585794082	0.896274049869297	-6.75841311681472	7.67249185900093	-24.3156040375159	-0.131790585756781	-0.761828856672524	3.30337410145087	-3.18133149541675	-0.103330188687612
NA19072	1	JPT	Japanese in Tokyo, Japan	EAS	115.848619089398	-172.461444705405	-17.744389751769	-28.4192967012032	-21.9519597257858	0.611832138539178	65.9011087339104	-2.75091809817811	2.56250488864659	-1.79026491320779	1.14479187916657	1.61870326037141	-7.49358106010639	10.9479594553822	-18.9319461980888	-4.05043331749789	0.326173009936076	2.69976156968685	-2.78612768325804	0.849889927345717
NA19074	2	JPT	Japanese in Tokyo, Japan	EAS	117.174598073366	-176.4492144904	-20.3977990232904	-26.5569643913222	-24.6852583795119	1.33528125509773	71.1109076796251	-0.999148080992456	2.11522538005451	-2.05487786520852	0.432888889591281	0.854703196249733	-3.63078338939935	12.1899357429904	-27.1715238500118	-7.13823390472834	1.9671453500752	3.69270251546513	-1.89309682944098	0.0238879211697162
NA19075	1	JPT	Japanese in Tokyo, Japan	EAS	116.807794863982	-173.464444439551	-17.8248364271456	-29.3369947458341	-22.3565821169669	-0.819075123103905	69.6937178823277	-1.38219273368304	3.077664172824	-1.44224503577321	-0.0688607470456911	1.30446596544358	-10.6699004077635	13.8883748316435	-32.4391521182768	-10.881134119372	0.409763916797085	6.66318270790729	1.08119132234012	-3.14259745960503
NA19076	1	JPT	Japanese in Tokyo, Japan	EAS	117.884178848116	-171.755312785209	-15.6733496545978	-29.1928203682653	-24.1476354210574	0.08214002849835	69.5358350974402	-2.97199424477052	4.15302636392462	-2.20507464470559	1.6532192650483	-1.18524125508464	-4.49066965759212	10.234852867925	-26.6093444342114	-4.75354725484883	2.78241505819818	4.60969702109019	-1.92035052275962	-2.64393286925149
NA19077	2	JPT	Japanese in Tokyo, Japan	EAS	116.759794682389	-175.83834780915	-17.6354425291166	-28.5380774100923	-25.8665661520088	-0.361877251943272	73.0885873349641	-1.43260889818336	3.74136741749078	-0.237623053045626	-0.219306753742129	0.67855428390805	-5.65326798032144	15.119373063263	-29.8155483228877	-3.15636924691417	1.32093500197324	9.8654602870861	-8.02901976193323	-0.381257612176099
NA19078	2	JPT	Japanese in Tokyo, Japan	EAS	116.004434273539	-172.742678801667	-16.0118863171527	-28.682693965021	-26.2975040054579	-0.27770329542471	77.2603294105975	-1.2904724151284	-0.0512246741966082	-0.650278377359874	1.41497826897816	1.9511262754025	-6.99536816163055	17.7521304965339	-35.5087585608047	-2.43686191450082	-0.17833974629116	3.31621032449846	-3.61368263558634	-1.75284851042971
NA19079	1	JPT	Japanese in Tokyo, Japan	EAS	116.347054530102	-175.549386412176	-17.0586923265391	-27.0977066524586	-23.8245780740655	-0.745583434443442	71.3496537048877	-1.14138087496466	5.1376825505418	-0.0128775703883559	2.19426076411434	0.6974396334019	-1.57297607098224	15.7628049920701	-26.278129852688	-8.53312215473018	1.61198550052686	6.69945524807286	2.75348712608529	-1.16953655275183
NA19080	2	JPT	Japanese in Tokyo, Japan	EAS	115.157592163366	-176.27917433271	-16.9279035426262	-30.5761853898042	-23.7010095594744	0.236992575692995	66.7007094241055	-3.14680257770843	2.17499094124991	0.678081595256604	0.782416958612969	-0.836535442732031	-1.64017648112234	11.5380915648116	-24.8181116650498	-2.11485534426843	-0.0621917868581801	3.06534950584089	-1.781721691281	-3.25556833169827
NA19081	2	JPT	Japanese in Tokyo, Japan	EAS	115.833815892848	-173.598537022677	-16.8798596204932	-27.5270673355357	-24.8564927517392	1.74680165005699	77.827095066208	-2.43241339296008	-0.39635263318747	2.45567849348122	0.173076425753506	1.6496615891738	-3.26143923807816	11.233823326028	-35.6509044502806	-5.58112924408974	0.223365351691572	2.78205949979744	-2.31272882045413	-1.47890838033288
NA19082	1	JPT	Japanese in Tokyo, Japan	EAS	115.894571955656	-174.292211641149	-15.584860915463	-29.8446603840094	-25.3622707185443	1.78961696803031	68.91908525239	-1.74450552567924	2.64646343213463	0.368606615874148	0.221546521057551	-0.309338884331913	-2.40068337448904	10.4587093083073	-26.1645968816446	-5.70161379559649	1.13734404895537	0.946610858425376	-4.71634319270921	-4.11966308008645
NA19083	1	JPT	Japanese in Tokyo, Japan	EAS	116.0074788156	-173.611536491887	-16.8110797418465	-29.2567410244646	-24.0311422237604	-1.75224304073693	74.8050750507186	-2.48760757680554	5.47484209556734	-3.07577843221526	1.10464373986984	1.62927995676482	-8.44403746872365	13.7816405361649	-35.5949444536675	-4.81309145946207	0.305295471317643	5.94797227183612	-3.73773015608102	0.210855186356529
NA19084	2	JPT	Japanese in Tokyo, Japan	EAS	117.960288980487	-175.555110124018	-19.3882149967528	-29.4167107138802	-22.5209054462099	1.41261276014221	71.6981416712667	-0.0834569404640884	1.3306982192073	0.336737753319993	0.401868448262673	-1.0636866997619	-8.17839774099711	7.10832700596626	-22.0152233479972	-5.53853004366456	0.705130465805931	1.92539911489054	-3.60786495485043	-1.4233507169673
NA19085	1	JPT	Japanese in Tokyo, Japan	EAS	116.425847263912	-173.308267224864	-16.0387071996078	-25.119413184453	-25.4185602676774	-1.03558487023017	74.4439457281173	-2.54352033555563	1.39782947849316	-1.11431843656662	2.17761248000053	0.0919824712630609	-2.47671003122761	17.5320018547329	-27.8267156662275	-8.78030580504211	0.888838874810756	5.37697397725901	0.0327614488651706	-0.897769077058063
NA19086	1	JPT	Japanese in Tokyo, Japan	EAS	116.23121514004	-174.627552381775	-17.3453413821736	-28.8686609653274	-26.3302188428891	2.13893155953619	74.1223053435042	-3.15559848372699	2.24622666267459	-1.84266333760433	2.04601646461519	1.4586660246778	-6.50154539581644	12.4525171642589	-32.5638818196702	-4.70030048350025	3.63352194982251	-0.577657292578506	-5.30394435037558	-2.80030011453968
NA19087	2	JPT	Japanese in Tokyo, Japan	EAS	117.888216787836	-175.017825763648	-19.7690690568644	-28.7511601048037	-21.6665812924257	0.287877803708034	70.0191970979497	-3.84712428369755	1.25103603816069	-2.49540178239141	0.455621795723127	-1.07935320481905	-2.68751229401196	11.7081760430041	-24.1290463778762	-11.2316665938437	2.54223362781606	1.36996409332131	-3.04690050808752	1.66402128989397
NA19088	1	JPT	Japanese in Tokyo, Japan	EAS	116.535173518436	-175.561335044908	-19.0586262519249	-30.1145471332248	-25.1647351729293	-1.96425949617966	74.8038279674102	-2.47862431360369	1.38878617693286	-3.37251758229185	5.10447442257529	-2.51808578144481	-6.15600965793732	16.4228306282358	-30.562782626886	-5.45892750858264	-1.11236475092314	3.10553327037256	-5.46313943675693	-1.25235624682282
NA19089	1	JPT	Japanese in Tokyo, Japan	EAS	115.234370608642	-174.461110013506	-18.100243314639	-27.2899288306797	-25.5985183593093	0.376991142863021	78.7800783553747	-1.33704487781632	3.40268672863965	-2.28733445302467	-0.186555263409036	2.16024970302379	-4.85316491353679	13.773077778355	-35.1152278971373	-5.94078184344974	1.54948441187776	5.30354163335566	-2.57259937363885	0.0463030395562468
NA19090	2	JPT	Japanese in Tokyo, Japan	EAS	115.934292962459	-174.530215234755	-15.6714665666725	-29.1891137835739	-20.5007529201531	-0.713701596571554	70.0369357816768	-1.96135848242311	3.07124241549327	-2.77791025714479	2.53119837560402	-2.32821213374136	-2.62938942629082	11.8226446140497	-28.848943430988	-4.62024622689686	2.64381012362792	1.8735116880272	-2.75354300641249	-4.24696573871766
NA19091	1	JPT	Japanese in Tokyo, Japan	EAS	116.839879916781	-173.880137791133	-17.3811327276216	-28.5950242016706	-25.4090951983671	0.586372069847613	72.0557321036479	-1.42604541331022	3.76956316095362	-0.680434125130317	-1.21183831090703	2.33301831573271	-7.11408579161388	13.8658751222129	-39.2546454589741	-9.55182281045935	1.24925869659166	6.16430558703159	-1.58436299944038	-1.31794071262782
NA19092	1	YRI	Yoruba in Ibadan, Nigeria	AFR	-293.383889321945	-17.5546678972461	-0.0981012340616165	-1.34893591841583	-4.22546726020769	20.9711612702557	0.0026019744184776	-29.1266594697009	0.611789327418009	0.525383740615294	-4.88953685888829	-6.07300256478102	6.73662235800388	4.8230628261516	5.9914729259385	11.7584388426148	40.1838403452679	6.61693166139331	7.66033342910502	2.44176839994335
NA19093	2	YRI	Yoruba in Ibadan, Nigeria	AFR	-292.28750423384	-17.2989045337846	-0.186948648622458	-1.62703806805986	-5.43282337872787	23.185376840854	-3.59363463974875	-35.2662404311489	4.49629706651968	6.29363929321545	-2.52078791857517	-0.476344982269297	-0.837136286014884	-5.54046277932111	-2.89682816816557	2.27063206796051	30.3385635766477	-13.2169467286069	13.5563722902045	29.9961459267629
NA19095	2	YRI	Yoruba in Ibadan, Nigeria	AFR	-295.789970676255	-18.4371825457405	-0.773595526164293	0.0293443259523361	-6.15665348597876	26.2051233471774	-1.43391671212424	-32.9356197731315	-3.32860250273024	1.5644914798943	0.503718243492066	8.95291999065841	2.88765953633133	-5.10339939426325	4.89471758174729	5.09400227267037	29.6489399003588	-2.95900621822972	1.332091842308	5.92621340651287
NA19096	1	YRI	Yoruba in Ibadan, Nigeria	AFR	-293.838143592616	-17.43524663807	-0.414297260701905	2.05674263752623	-4.50116473549726	18.5234193124081	-1.57767554950514	-38.1669832190274	-4.16278537419134	8.40996007486501	6.23367102035877	5.68281988199278	-2.5693220708723	3.49778603629028	4.63292993027189	0.55956445810705	29.7471197604329	1.81076505932998	-7.6093031208601	28.2397580493265
NA19098	1	YRI	Yoruba in Ibadan, Nigeria	AFR	-294.553521118622	-17.435526630585	1.55909194448887	1.82176863280834	-4.36694616181575	18.5825046460142	-3.12002876225934	-33.1087847124295	4.8894987525869	-3.86180249278717	-1.41225692186354	-5.0167464563077	-5.06871329177148	-5.27004815477003	-0.32064485229179	-1.55619528205468	37.3199604311122	-12.2530580969836	18.493830259958	-30.9609795811915
NA19099	2	YRI	Yoruba in Ibadan, Nigeria	AFR	-299.650473996893	-16.3623845712612	0.314591985148349	0.611818883740551	-2.94592040371372	19.4427416850222	-2.00730744871298	-32.3383590437451	1.81267853162135	-4.4496346749529	-3.75004355219694	4.21151705933139	-1.14100225810704	-1.25755093386634	-1.14242951127531	1.9732045536294	32.4881012993857	-4.87943704104892	-25.1033330109358	-17.1860241614402
NA19102	2	YRI	Yoruba in Ibadan, Nigeria	AFR	-296.172248131528	-16.8297530127775	-1.12754914594849	1.94623654528235	-3.48576907033146	16.9639828819603	0.73989558399797	-32.3445629697515	-3.26320751566351	12.6482713371602	8.53456166928541	2.96938420717398	0.957873599423982	-1.78156615602775	-1.19083018148048	4.1208511871172	18.3506079371666	21.733018375956	11.4852960428042	-13.0049611332816
NA19107	1	YRI	Yoruba in Ibadan, Nigeria	AFR	-294.169297989698	-16.7666861083488	-0.653273589116557	-0.985471091117366	-4.02621612450104	28.7495187922407	-1.99447109172293	-37.6082316685263	3.17855233002243	14.0897336311924	2.25934188232589	1.49271591976232	2.44786997501578	-3.76012789280231	4.60906275648758	-1.05423238208401	-7.67630317522351	14.24090405723	35.1874195674032	20.6014162427206
NA19108	2	YRI	Yoruba in Ibadan, Nigeria	AFR	-294.447702912517	-16.3848155675703	-0.701966586327494	-0.724184883923386	-3.29711427365168	19.3093030103114	-1.25729103512203	-26.895535105029	2.29404607653842	11.7970286638326	-3.6800712723192	2.57772916096258	-8.72561152547617	-0.348242184214963	-4.10949820753795	8.82732078674627	33.1549943685521	2.77270364886744	0.0518509684707825	4.64548701234353
NA19113	1	YRI	Yoruba in Ibadan, Nigeria	AFR	-293.08296457151	-18.400952083957	-0.835762253328798	-0.683304318399661	-5.20133488039657	17.4445414559801	-2.4976040462633	-36.917122539683	2.32962676433632	9.23507847232511	10.3540887801588	2.42167135343307	-5.2836391794771	-0.765502599697481	3.41130074470847	5.06588723392189	33.46007475571	-1.10663592309385	-4.53337863593129	11.2652194662488
NA19114	2	YRI	Yoruba in Ibadan, Nigeria	AFR	-294.477157844942	-16.8519739706904	0.0503455076806836	-1.8564594335949	-2.47058786948042	19.0426470228219	-3.00585129396366	-28.3646859720983	2.01000716437307	1.02859566863815	2.05064746794983	-4.10376278248633	-2.03784226926109	5.2615393437208	8.68441771175011	7.42529507653355	27.4002200157254	-0.334621198551363	-25.3652239747122	3.47123806875502
NA19116	2	YRI	Yoruba in Ibadan, Nigeria	AFR	-293.312880638652	-17.5108513390712	-1.43047917163606	-0.676195365287457	-3.24671625338052	23.2924757151234	-2.79145829942121	-39.7092489671801	-0.91761568870269	7.53583367396266	4.06751755924627	3.64153222763704	1.59007649571448	-2.98577651114698	4.69496282466276	-6.37353713603962	13.3950538572142	5.84710269543007	-20.8772615883886	-6.39882633413489
NA19117	1	YRI	Yoruba in Ibadan, Nigeria	AFR	-295.521658232249	-17.1241070059209	-0.0774011636613178	0.177700586718442	-3.48746574770428	19.9817008714043	-4.1642949055305	-30.4149011487889	-0.732431940123589	13.2572158745829	6.5731060582691	1.50135258662381	-4.28793551099997	-2.3854672833951	2.30986046897813	5.25862894414309	18.3522320717908	8.92496860912648	-15.3964578972525	-38.676754487513
NA19118	2	YRI	Yoruba in Ibadan, Nigeria	AFR	-286.926902110606	-14.3984148582394	-0.527266819299057	-0.312830318371948	-1.96695449573134	14.2896698415209	0.186646065121895	-27.8635055687342	2.67287809624105	17.4428753137408	4.71852688918249	-0.219948874132977	1.26433015579601	0.720719399395928	-3.4651806952612	4.23737570166442	32.6890142463451	16.4099538538408	11.21458178796	-13.0555686571103
NA19119	1	YRI	Yoruba in Ibadan, Nigeria	AFR	-297.096542576134	-18.3509681291888	1.19942193935907	-0.210893443701176	-2.12602831650184	26.0665907738036	-2.90469425267872	-32.7408954624208	0.843193027662362	6.24291154770786	-1.78422474080656	7.21654284570554	7.39297009775218	4.19009503795319	-5.9979385217464	4.33061513305431	1.57266193040234	-15.3558104107843	-1.4773190378853	0.106305403623978
NA19121	1	YRI	Yoruba in Ibadan, Nigeria	AFR	-294.471385083485	-17.4911142052156	-1.62514793051465	-0.00353977792043478	-2.28194147200529	19.8895309291168	-1.73626368162468	-33.1961322827402	1.36769082053757	0.0843882432474192	3.88507622796416	0.867749312692218	-4.76362236839805	-0.24058479020619	-7.67009572094034	-7.04315039649792	30.0124642964164	-12.530147896003	-16.2140589055746	-11.7909595034179
NA19129	2	YRI	Yoruba in Ibadan, Nigeria	AFR	-293.228855363489	-16.3066017690264	-0.592146134691117	0.212103900417619	-4.14178259536727	15.381749580136	-0.878590636177523	-29.662927290361	2.45550339399925	6.36220899281537	1.54340195329047	1.39691564237916	2.09457377688618	1.09428175202262	-3.38783692935598	-5.10205375718651	17.5147562382195	-10.4871900717861	-23.1362285331362	18.7974245728566
NA19130	1	YRI	Yoruba in Ibadan, Nigeria	AFR	-293.416791778488	-18.1512990731271	-0.0178067681426404	-0.456829899399228	-4.0847690461852	20.5920691712455	1.00488501883802	-33.2664351769811	1.5186807835292	10.3623484133972	-0.982097223185978	-0.199448335775077	7.14765332937742	-4.72680460953472	2.78311859288608	1.53141739738038	13.2515752780155	-7.0151031965446	-26.5897770321106	3.21376048078978
NA19131	2	YRI	Yoruba in Ibadan, Nigeria	AFR	-295.655068605683	-18.0548452399312	0.0116931750936389	1.90710317821073	-5.4022213219605	17.1640744166628	0.125063444862954	-33.7703393876851	-1.6477794136669	-1.28248185746369	0.658351176743058	3.11755338977067	-2.12008910635226	-1.92278180441519	-10.090784069024	4.2782404785289	26.7397470582198	-2.28181650039293	17.4266422364199	0.745996695764954
NA19137	2	YRI	Yoruba in Ibadan, Nigeria	AFR	-292.959961536851	-15.755449882796	1.1735817607816	1.7333856229753	-6.39934222067523	19.1665253175174	-2.17086573929757	-32.1925531852383	1.65958775386464	1.54605617457095	-1.1930623249199	1.03045597533243	1.48720241534597	-1.69617276638984	-0.801685781346621	3.29290022121899	8.68575712789341	14.4092879652434	8.20013375913169	-23.6457320574915
NA19138	1	YRI	Yoruba in Ibadan, Nigeria	AFR	-295.403882788297	-16.3674002923293	-1.72165066431766	0.0559500848825465	-2.05457803601954	25.7246833009423	-2.55385756476664	-31.8327906562979	-3.22641576727425	6.11154307250332	4.6295541028649	-3.04481588369469	-5.1200630254384	-4.80570939247139	-5.53596914711324	1.33702960121286	24.2465555313231	-4.27030831652867	-3.133584503772	-25.8966755612206
NA19141	1	YRI	Yoruba in Ibadan, Nigeria	AFR	-294.851701641708	-17.8806239786602	0.848227897442143	0.220223378961473	-5.56894378523929	21.032117255382	-0.731587130199908	-33.9220488679053	1.3635911717131	4.90656162447917	1.16476824285414	-1.20081315054965	-3.71411129989063	0.502662257265896	-8.28324140175739	-1.04110785626327	-0.0214995529374758	-3.23359480395068	10.5990400524242	10.1383571845093
NA19143	2	YRI	Yoruba in Ibadan, Nigeria	AFR	-297.444667661128	-16.5096213947273	-0.0998742462912334	0.488940857850486	-2.540067085298	18.6230385203723	-1.79715617363825	-32.4908263297373	-1.31888990051612	13.9390158223815	0.394583099394271	-6.2950721949315	7.1954543023307	-1.12625316889291	-4.80354843784673	-2.0770977379742	12.7532120868544	-3.14130864340319	-4.19406900820608	-14.7128360393192
NA19144	1	YRI	Yoruba in Ibadan, Nigeria	AFR	-294.492037478175	-16.3543987008583	1.04638695691665	-0.342073466554715	-3.27651152188085	19.6101790293107	-2.01228431523146	-33.9301735795007	-3.98155847498992	7.72846839247185	1.35660938858615	2.13892468302404	1.89794140182908	-6.97962403183234	-0.794955655130755	3.50318443694517	20.5529652509368	1.80720521092907	14.4062243969203	-10.027219661878
NA19146	1	YRI	Yoruba in Ibadan, Nigeria	AFR	-296.267616522162	-17.6707330810013	-0.680372758514392	0.989369642151658	-3.87240990467706	25.7581553694701	-1.35384772959918	-34.6599035384911	0.668237114640053	0.494347765350771	-0.285404180630765	2.75381939275257	4.34958740120465	3.66848987821257	0.844736602853354	0.719804386889417	10.3284848050829	-4.41260568805382	9.80491349479249	-22.0057230065453
NA19147	2	YRI	Yoruba in Ibadan, Nigeria	AFR	-295.766330165089	-16.8040611967881	0.305447122633414	-0.0231426407055132	-5.06292342685903	20.5525902122766	-0.940966777877637	-33.4227632507719	-1.04898273189033	-2.27185543509009	-2.0957599868488	3.48552231719712	2.42841237953651	-4.08279077486524	4.38065150426876	-1.68157772025371	29.2873043018065	-4.74587801783625	-15.053345243433	-0.00193443708238598
NA19149	2	YRI	Yoruba in Ibadan, Nigeria	AFR	-298.375217607332	-17.4478649796477	0.360888920497326	-0.886362434135842	-4.91481143560215	22.0906414628746	-0.903652917237186	-37.3498498322199	2.60555636002356	1.28420624331977	2.06657670122435	3.96214608687378	8.55722676141346	-3.93287070421293	3.27476916625096	4.54004239755547	-4.587397614771	4.36528501792433	30.611386621694	-16.51954942038
NA19152	2	YRI	Yoruba in Ibadan, Nigeria	AFR	-295.04518395716	-19.341517508794	0.232545679312588	-0.10525996801706	-5.59531028456535	18.144700552266	-2.47573128949962	-35.731255719139	0.086479221383181	14.0057056235634	-1.23276664828283	-1.26254692407321	2.59048995577071	-4.58849534900879	-3.92677114343396	-0.585264944560424	10.9856557847356	3.412032373868	-0.672381677917718	-18.8820279461853
NA19153	1	YRI	Yoruba in Ibadan, Nigeria	AFR	-294.866317883574	-17.7168257015969	-0.781405722203062	1.47880243573481	-3.58841447833408	21.3769751280061	-4.63820548151521	-35.372924564272	1.54839567544757	-5.70622884506258	7.5961433634551	-1.09100689830982	-1.14188422110396	-3.36464844856402	-1.48485099386626	2.84186619655259	15.2406258570018	1.8782095880629	11.5487353054594	12.9998789482252
NA19159	2	YRI	Yoruba in Ibadan, Nigeria	AFR	-291.854072386652	-18.8282451869897	2.58741932722537	0.298045291440647	-4.0408611998028	19.5107277487874	-2.50186618047757	-30.9594130439393	-3.15040233727269	9.70545450314759	3.13455538657243	2.19225319628046	-0.756977052434714	1.91851287027022	-6.53233585801353	4.17442467925034	9.77845585964421	1.0932200365884	-18.3153998222343	-19.0184938699574
NA19160	1	YRI	Yoruba in Ibadan, Nigeria	AFR	-296.088109996542	-17.654771740673	-0.862309768468232	-1.27928643722852	-4.34812436721368	20.1070684878679	-4.42348664501462	-41.0296990247784	-3.19052234847345	13.0409926334573	3.82698322270978	-2.29484113384976	4.74792007788473	-2.5422987912247	-10.2297568433324	2.59039170045009	22.4531896233908	9.50146349031394	3.84737534792572	-5.67044500530634
NA19171	1	YRI	Yoruba in Ibadan, Nigeria	AFR	-293.512510874747	-17.6146745334301	-0.825661262949087	0.583187492984663	-1.4037801790353	20.1503221721714	-3.7353598335697	-29.6412285303587	-3.75737611025144	4.0734610623847	-2.07199306455652	5.88146180567883	-5.677884927681	4.03833663794139	-3.2116945105856	4.25624772123346	11.5011513005543	-3.56130243431299	19.8235280237266	-11.7012875637568
NA19172	2	YRI	Yoruba in Ibadan, Nigeria	AFR	-296.725164759154	-16.2657954740302	-0.113028803622173	-0.367351405236164	-6.69378018343372	28.9092756589347	0.0992570729585007	-37.3627836307182	2.83916426063668	6.96304887655055	-1.69315238562821	6.38805018983803	2.62471988642018	-3.81077917028257	-3.48407702828148	6.86393505890501	6.79985281585623	3.90882185855928	-11.1801348009711	24.3589489365144
NA19175	1	YRI	Yoruba in Ibadan, Nigeria	AFR	-296.321872320434	-18.3477456744381	-0.491602957836117	1.33539073658372	-4.22349160545013	17.1242678922676	-2.96754363827755	-34.2508218187773	-1.47288230698592	9.03173608684521	6.4235278647485	2.30831008836303	1.68871978959113	-4.12866675167858	2.6878367509648	5.88874800986069	6.7067292021175	12.1443245192653	-2.20089688050369	-2.35544293537727
NA19184	1	YRI	Yoruba in Ibadan, Nigeria	AFR	-293.420076803355	-18.7586466154365	0.0686274119327346	0.649395094945346	-2.88720197647577	31.6095276210816	-0.33181231209513	-37.1587531476946	1.11332538069055	9.41854330348962	1.09957215905482	-2.80477606709384	-2.02835659738463	-4.23889556254162	-5.64733440137686	-4.53624225661883	-11.5489898159027	-6.21303068123499	-1.80118252474909	-20.5084208322376
NA19185	2	YRI	Yoruba in Ibadan, Nigeria	AFR	-294.366685080478	-15.0318643942653	-0.329559351328395	0.574122212435465	-4.12907118945344	24.2599499254601	-2.5497693924684	-35.4642701541658	3.79162197202154	9.03945901137399	2.00637321486872	-4.06884776435494	5.77439287097579	5.41563482706985	-0.214028496502805	3.39845602566076	9.66120833742016	-0.625898258837373	4.48623003116646	8.02956187809265
NA19189	1	YRI	Yoruba in Ibadan, Nigeria	AFR	-293.203177304774	-15.4309581535769	0.454178463279786	2.25894468741283	-6.5280984104186	19.3023376512082	-0.094885678228752	-31.9616733357278	-3.95808207877345	6.88174755212658	4.36842718440941	-4.22462309702975	-4.71574180954673	4.64401830226368	2.73608064937819	4.45214158913071	36.9830260748764	-14.6288293524735	-6.45462495926416	-15.9234400375516
NA19190	2	YRI	Yoruba in Ibadan, Nigeria	AFR	-291.943260935137	-19.3613289095611	-0.782396611780216	-0.420750662307149	-4.83977502248757	21.401819731403	-3.39908839122142	-33.6254928252499	-0.25715121114051	7.16690864549273	0.877564518993243	-2.86826841999737	-0.752383858752394	-1.31601360006555	3.42037795802836	1.63602740852083	30.0183277191806	5.7478779956728	-5.26259141810874	9.57122627357582
NA19197	2	YRI	Yoruba in Ibadan, Nigeria	AFR	-293.443565238688	-16.6414810550296	-0.984109929852982	-1.27013438737678	-3.26011310283066	27.5054881936766	-3.78444662917647	-38.2589213243208	-1.14719901362421	5.14811611275443	2.49437393226383	6.49997303603152	1.86237146048042	3.43235101897655	0.213510714087068	5.88723778719349	-2.3567432793582	-1.8536903571242	4.38049975631211	-44.4676750443407
NA19198	1	YRI	Yoruba in Ibadan, Nigeria	AFR	-295.123420626104	-16.4723657588801	-1.251876896921	-0.393123971901271	-4.57648321678635	23.6301597453631	-4.12394707343169	-36.4918478640454	-3.89656573345956	6.00822228631224	-0.303378700856291	-10.5417565607966	7.90379943405152	0.0234128732912355	2.87621998776259	-11.8017317043604	15.9236763531291	-13.0589318833562	-8.20061968421577	-36.8454485649531
NA19200	1	YRI	Yoruba in Ibadan, Nigeria	AFR	-293.710802360672	-18.3128490478265	-0.667358518025935	0.343956040860902	-4.81549596020751	25.0855496749307	-4.06945027609356	-37.9966866229341	0.766446714412755	8.90323334590977	5.95113652352725	-2.33442117753573	3.86691227567514	5.48856497428836	2.97383320728159	-0.939965245985628	14.6528544341093	13.3561432192599	4.58969843030605	-15.1271322964151
NA19201	2	YRI	Yoruba in Ibadan, Nigeria	AFR	-297.943969803973	-14.8839232036961	-0.64079120983535	0.649636249075058	-4.92112466401267	26.6322372597098	0.766546783246531	-36.5411490740774	-0.878058870576383	13.1776560620984	3.53613392954863	-0.675057320996883	0.284245372013116	-6.23222088812635	-19.6454719401096	0.201923965338706	10.0200813967542	4.42365864882824	27.8796645317024	-4.34787267038118
NA19204	2	YRI	Yoruba in Ibadan, Nigeria	AFR	-294.63926865755	-18.4359698009925	-2.59432355885906	0.414597163306133	-5.01436041796535	20.6589716442461	-4.34261438256175	-33.8969998810593	-0.73988311369659	11.2583080550884	8.1206874288663	-0.190477923905076	-7.05490974665798	-1.41787041137327	-4.75064734969193	-0.231302334180247	23.6931060068613	-9.24789473583107	-13.5779267626019	33.0894728258776
NA19206	2	YRI	Yoruba in Ibadan, Nigeria	AFR	-296.744521751438	-17.7427678879403	-1.69267988236957	0.613423771497346	-2.9343568449506	27.6427545663948	-1.37154948377684	-36.6537784726697	-5.50878808346831	11.7442837927592	5.00000552230465	1.30730660209066	0.154644905278597	-1.53218504287136	2.76473318071831	5.0120057644204	45.2855785752048	-1.1443537703497	-19.8753298762711	-0.01093076718009
NA19207	1	YRI	Yoruba in Ibadan, Nigeria	AFR	-295.365875649545	-19.5418691076431	-1.46617042389764	-0.799237257728682	-4.65016364944376	18.3137220373204	-0.243153504772491	-40.250757373613	0.911257787410628	9.68864554564698	-2.81091388460475	4.62728700108626	1.0831861543703	-9.09121141475279	-2.82657464806125	4.37290448610466	1.02477622002816	-9.75670686363576	-10.5721239929787	-5.01024396652463
NA19209	2	YRI	Yoruba in Ibadan, Nigeria	AFR	-294.872599131625	-18.770859859559	-0.219737990628295	-0.778179230409702	-4.22126385849014	23.8137233259608	-2.97988613209489	-28.6217831042808	0.648684188786822	4.98148490201119	8.7083723413288	0.956940325979177	-0.227604081370644	-6.17613478936482	-0.222085997116867	4.7207432608756	26.8212960898508	-1.44771495519732	0.414757365865044	-35.3086789372711
NA19210	1	YRI	Yoruba in Ibadan, Nigeria	AFR	-294.732336015779	-15.5289665633206	1.75070147579214	0.41353565915734	-5.26140909507939	20.9613409707303	-4.36764989595724	-39.0154378146925	0.119117027522044	8.92762391236222	-0.886355602628433	-0.407862360573569	7.25372852563769	2.69326010553909	-1.29229167950063	3.16063823672168	17.3733311796867	10.3232043091612	-4.03173082930714	25.0156523530328
NA19213	1	YRI	Yoruba in Ibadan, Nigeria	AFR	-291.937050175857	-17.0432020692719	-1.0018526765669	0.6866658227923	-4.52462921685968	26.9412882363364	-2.73207116194128	-31.5995903642834	3.75514973375978	2.81524947278298	4.86442897343769	3.61405039063108	-1.0611473856864	-5.94861417386675	7.00134793424102	2.24878630568299	17.8545905199355	-6.90084693505286	-31.1765716320387	-13.1454519659061
NA19214	2	YRI	Yoruba in Ibadan, Nigeria	AFR	-296.086781029633	-17.0914619797664	-2.08631314031647	1.01873810530615	-1.56412133451029	20.9444543834088	-3.31111979899712	-28.7655880899881	5.40457487592002	1.66762025642436	-1.15185156893819	2.65648232565234	5.12376425836845	3.66686079551034	-2.34126916350159	3.20894688274614	14.6022167835102	8.98845267818396	7.44695600836263	3.99681482469
NA19222	2	YRI	Yoruba in Ibadan, Nigeria	AFR	-295.616610533341	-17.3787792741156	-0.931153354520511	-0.235993980192668	-5.20378712439787	20.6852996308502	-1.14948594007821	-33.7343062534017	-4.69269488930716	-5.81897654225839	1.23699356203883	8.72299695423509	-5.97049930023525	-3.40727887121711	-5.20633220621621	-0.315981788453285	32.9660544757997	-16.4644702768328	24.7007022065817	-17.9345757067577
NA19223	1	YRI	Yoruba in Ibadan, Nigeria	AFR	-295.166362112535	-17.1199407280958	-0.388377640323282	-0.567036599240909	-3.82643282209489	26.7500975038847	-1.65595726984649	-35.4304930157252	0.990605638030769	12.6324433570959	-1.68239954352267	-0.44520446751234	0.553440067094133	0.941937797570687	1.41778365437225	-1.94015197669967	-7.14423058848043	-1.10031317341376	-12.2207051464365	-20.011517791089
NA19225	2	YRI	Yoruba in Ibadan, Nigeria	AFR	-292.745490102745	-19.4487166983606	-2.43764455638566	0.590606437786743	-3.8087125092517	29.7149070269672	-1.94553187680328	-38.6449769347966	0.8716313488499	18.4236905966408	6.19383544912245	0.275882814306103	-5.0656342634314	-0.465559896557162	1.73556641496641	0.818564856275437	16.4330682848472	8.25138629932104	13.9933172636592	10.0548039700531
NA19235	2	YRI	Yoruba in Ibadan, Nigeria	AFR	-295.537173182774	-15.9558290672714	-1.21102819418138	0.542690783543629	-4.89216333480577	21.3722659603091	-1.73086269440233	-33.1603567581038	1.40004008062842	1.53089698677338	-3.44972578815413	3.79585730740899	6.00656972376277	6.68385582550874	7.4982690676982	-7.85788049750348	36.9482742810772	6.86160519522853	3.10594963201049	12.0834182245763
NA19236	1	YRI	Yoruba in Ibadan, Nigeria	AFR	-296.456943514549	-16.820417446529	1.48676055381452	-0.230596222758341	-3.97970959339437	17.7737249381642	-3.83669799944101	-33.0891094102447	0.457168193814989	3.11848153119325	1.19811229336061	4.9481397100224	4.0463846001963	-0.65352300344943	0.50324747912507	-1.72705033735026	40.8268007659408	-6.92557690264697	-9.28989406173063	12.1126041178901
NA19238	2	YRI	Yoruba in Ibadan, Nigeria	AFR	-292.22473246522	-17.8082910034655	-1.20452659852773	0.460284783630313	-3.28612186708377	21.4847297423707	-0.25218673154974	-31.0426670157819	-3.56149505716032	13.7699514886703	1.45200588912886	-0.593432768584919	-3.242420542158	1.23284760651439	-1.80043127187605	7.74063290616745	44.1109821312255	-8.73716741456192	-1.28317357407457	48.0809048935549
NA19239	1	YRI	Yoruba in Ibadan, Nigeria	AFR	-297.539332219458	-16.8485530050688	-0.809538058328224	-2.25115372724092	-4.25375143431938	17.9377168903614	-0.793914865587896	-31.0824393321074	0.487981033110424	4.86418666665959	0.690034217085691	-1.74038017271547	-0.197115046075197	4.40844770360168	8.4434741406094	3.02184729004731	34.2439578137831	15.3344916272393	15.5746019618342	-25.4640298295886
NA19247	2	YRI	Yoruba in Ibadan, Nigeria	AFR	-291.228947092833	-16.9923675294344	0.261220390485215	0.795806854486647	-3.09791066634575	18.3436459135457	-1.3802392543103	-33.6659093186663	2.0117827426139	7.37884334998824	0.807797547623197	2.21754329977193	-0.222009496602742	2.83356408860634	-1.9173295673421	4.04035190226717	13.2492562434156	-11.1984036709023	-9.58394396311943	-27.9711052409998
NA19248	1	YRI	Yoruba in Ibadan, Nigeria	AFR	-294.241930779143	-16.2633386306384	1.44219510671136	1.418177877682	-4.81250366206951	14.4636522838087	-2.42947590428983	-29.5096332727723	1.31819253555443	11.5505996709192	3.52706878148295	0.420127785504881	3.17299931041482	7.04026330694255	-4.58194762511092	1.45190407915625	24.7694290147807	-15.4590075508943	4.09954993269896	18.2003616376673
NA19256	1	YRI	Yoruba in Ibadan, Nigeria	AFR	-295.410015909514	-17.6931326672811	0.0695095595902606	-1.11799745363387	-3.99844178785812	28.2178304762855	-2.37760533733475	-30.6957851446686	3.77385278952749	9.69921556996791	0.521738393242855	-2.03426412077273	3.8408301749767	6.31641791493081	-4.31929209701281	3.62627591552491	20.5214451017019	4.76762379529991	8.37756939509836	-23.2597875556487
NA19257	2	YRI	Yoruba in Ibadan, Nigeria	AFR	-295.861937249157	-17.5764381640464	0.388534831599193	-0.436480458712113	-2.95079315527213	24.7082278384595	-2.8576096247416	-34.9142773456401	5.03330879069051	11.4143962623488	0.592850104577146	-3.31519584969001	-1.78460342144909	-0.206657136926467	-0.0936411385994396	3.09891159214221	23.9293309791875	5.11283147781802	5.38386959873512	3.62562591455232
NA19307	1	LWK	Luhya in Webuye, Kenya	AFR	-267.839115271968	-12.9370628335089	3.1197581557699	-2.52397951609644	16.8336621871927	64.5021367567336	3.26381670171595	86.0944243510676	-2.79712455766253	2.50204669772658	6.02699887394628	-3.10574440596004	1.36697068188294	-0.854819854431574	9.35299431376535	-2.64727561863129	-4.51666472574767	-4.44255625678097	-4.5968542571897	13.9614062546496
NA19308	1	LWK	Luhya in Webuye, Kenya	AFR	-270.70793395172	-11.3101336085456	2.33181037083899	-0.683455033203234	12.6752795876493	63.2987048481538	5.82363762635599	77.6814347449326	2.10410258379658	-5.81686572027632	3.11783926214165	-1.55376622376227	-1.04723309643654	3.36550909196328	-5.3231296348143	-6.30725949272562	-8.54758491049274	-20.8353840717642	44.7880593548172	-17.2059747685655
NA19309	1	LWK	Luhya in Webuye, Kenya	AFR	-269.936657883268	-11.4563643365666	1.74835598422076	-0.752691392068638	9.16420479470455	63.7650135169437	4.31224210239069	78.1289392876895	1.40285569017436	-1.51281237663494	-1.46004170665474	0.72449722184021	-1.70952133247134	-5.27958748456796	-4.94100789522824	-1.33036952451072	6.68816214440334	-12.1397370170039	-16.7898631894927	1.45540896653244
NA19310	2	LWK	Luhya in Webuye, Kenya	AFR	-275.035303541395	-15.3478578639736	1.64114714360113	-0.441832790640303	11.4566223087406	71.3292223700823	5.26425134036119	76.9973222462263	4.73498857816471	-1.60943895542815	-1.96377447606044	1.08747410563305	1.12924175117033	-5.26555274494379	7.09314894398123	-4.30533267283957	0.83852273481906	0.63684282496924	-4.80414467137676	10.8708514513609
NA19312	1	LWK	Luhya in Webuye, Kenya	AFR	-271.887674717711	-11.6919934192972	1.84046311663382	0.588857294547952	13.5489820514933	65.6940187758905	6.34741794706741	87.105760391232	-1.42000452487924	3.91096944223985	4.08856312315102	-0.291369091433911	1.42153659709913	-4.25944688912713	7.01718995095407	-2.70158683055507	-19.9603892914527	8.64542088026171	0.583316135443654	-2.24134143193207
NA19314	2	LWK	Luhya in Webuye, Kenya	AFR	-257.535843589313	-9.99211868822706	2.72259374821048	-1.09886690070678	14.6109024248113	62.8510242734121	5.93759102501874	77.9192225910485	-5.83823676055282	-5.19989025281984	-3.30549322680979	1.94429233574191	6.57778343943663	9.68343544772108	-3.97989001565632	-2.05891761482909	-8.27011673767954	-6.25743662164969	-34.3725974149299	-3.91102590219663
NA19315	2	LWK	Luhya in Webuye, Kenya	AFR	-262.809544473061	-9.07831645920072	3.12021703240523	-1.69147731350148	12.9022248523164	64.1435943179798	4.72189004592815	77.0393458592787	-2.70860494831174	0.29206213298531	2.11205765890955	-2.28770902843937	3.08825741421487	-0.611093427948018	-1.02942696211776	-1.55672782648009	-1.5533727674288	0.288318929909077	-28.3532801964125	2.92780152711628
NA19316	2	LWK	Luhya in Webuye, Kenya	AFR	-264.385119938965	-11.421909214954	2.60779109365651	-1.00630124886301	14.067072913598	67.0463364747886	4.57625625926791	84.1335711981949	0.608076571121849	2.85809157144409	1.43373555351764	0.272161886106824	-2.67374762235342	1.47172408393398	2.15691629383251	-7.18958812122966	-13.9085875251136	1.33142381099869	-8.15337058771812	13.5526089514648
NA19317	1	LWK	Luhya in Webuye, Kenya	AFR	-273.363392934673	-13.7141117131013	3.654562611987	-0.65352037876207	10.2013472669933	65.5037277238036	3.88264875751604	83.1472273689014	-0.329326708337506	-5.61334494503331	3.76447722688693	-1.59886989897084	2.83186795833811	-5.22162866069703	0.0400072716616738	7.21922941083051	-5.10001177993545	1.87121395177209	-18.6478142683623	20.077408621506
NA19318	1	LWK	Luhya in Webuye, Kenya	AFR	-271.857777087968	-12.5586432827275	2.94604446574727	-3.50643980450747	10.0903408707933	73.7413550028391	5.69356281284998	83.9597083439049	-1.56278599605659	-3.15111128050238	3.97597119057882	-4.10134598068323	-3.17324859475167	6.64731499990482	2.24669752062624	0.0526717094661688	3.85267809438578	3.1171046079803	-4.16742917072444	3.52792167322248
NA19319	1	LWK	Luhya in Webuye, Kenya	AFR	-268.043828860844	-11.2153808638686	1.23246797758226	-1.46109229747962	12.0162738121559	62.0658839829699	5.77685605521199	80.8809768149048	-4.52999611177468	4.7569082692138	-0.00618761591338366	-1.85414613748299	-5.94468744885308	1.81158201035093	-6.21115020465983	7.17025577067168	-8.55844718470477	-8.57154716455957	-13.5421899589953	6.77451090612622
NA19320	2	LWK	Luhya in Webuye, Kenya	AFR	-269.397295076864	-12.7135963528882	3.85067416540486	-1.79590726311364	16.191812522145	74.9578026217178	8.02493099177111	90.1043037253954	-2.71782241707469	1.29286089079143	-0.242153356301463	1.1130321503305	-0.330576533538009	3.51847032593032	1.93369109962166	2.77195336759427	-16.2826915771025	10.7345188148104	-19.6978106231096	1.86750548531804
NA19321	2	LWK	Luhya in Webuye, Kenya	AFR	-265.902197155158	-13.8357346697575	2.19120174427599	-2.94597815968913	12.4035641420545	60.0772690322563	5.14286780490049	76.5417642135047	-3.17674762451219	-2.21128100582192	6.39478948505869	-1.88454417262206	-1.23877058342505	-1.55609778305579	5.57938553482344	-5.3790562782765	-7.18297271278733	5.7087656043722	-25.8997926102944	21.0368528507417
NA19323	2	LWK	Luhya in Webuye, Kenya	AFR	-259.619229107458	-10.3784159297542	3.46771607887001	-3.37352503021934	13.7623073167994	62.1853571898372	5.76297859968706	80.7883539375209	-3.00305179173885	13.5430232616462	4.19894722157722	2.52121427938001	4.99024676383201	-0.959528251676482	-0.287910838057555	-4.74268319717783	-9.44777408321898	-0.565672362985427	-37.6575306704434	-9.87189603187741
NA19324	2	LWK	Luhya in Webuye, Kenya	AFR	-268.974721948053	-12.6011410801113	2.1651196281838	0.242770648328466	11.8510016095085	59.2867827017094	6.630145005412	76.3575560509314	-2.68963977423273	-7.57496257916055	-4.1808112992559	-5.99372540264474	0.344566412278469	-7.04677265052973	2.93711400999417	-4.33653979086698	-4.50759505815573	-8.30628049329616	-3.2010676078405	11.1929839663632
NA19327	2	LWK	Luhya in Webuye, Kenya	AFR	-260.159166096019	-9.53682446530884	2.33221942238302	-3.29188951335083	17.8159321563706	63.823172016053	7.07835917934919	86.5006431604032	-1.46878379455018	-0.297343071350544	0.322884160400528	-0.439526390557134	7.59516531006147	-1.42109396263364	-4.09920174493646	4.50071295565192	-5.39004008925799	-5.91387184894429	-10.0693977246524	-4.34535883587654
NA19328	2	LWK	Luhya in Webuye, Kenya	AFR	-271.543584451375	-11.1426018300607	0.121003614954931	-2.62689479194055	9.96909388940133	67.7922676645662	4.25074015093472	90.1959940050635	-1.8947755808976	-11.665924518904	3.05919443321092	0.8185948331164	0.0647324539655509	8.76848075107608	-4.24582406548069	3.73119257470286	5.02314449062937	2.7904600202396	-24.5539691334876	20.3884890812104
NA19331	1	LWK	Luhya in Webuye, Kenya	AFR	-267.288153527669	-13.6609721552816	1.27636638818622	0.0683132082747517	12.1253572341652	63.220419192184	7.77956686726089	85.8701483685203	-2.09016883403701	-4.37553489479578	-0.595923928870783	-2.10645483925558	5.50712463333365	-3.6581454155907	0.394436201305132	-5.40480245800224	-5.19968888651067	3.46434462950444	-3.27570379696698	6.39573661363198
NA19332	2	LWK	Luhya in Webuye, Kenya	AFR	-268.793954844629	-13.4537271656998	1.28925173945146	-1.48603085408567	12.8558301805199	65.1329837846956	3.75736090381459	76.3160326283375	0.829950983900862	2.56354487476434	1.68977405144862	1.5936945563657	3.73541926910819	8.67589207786348	0.857322269753471	7.49439453167245	1.51364893936124	-2.96825558449704	-7.66188857801491	24.2487189778358
NA19338	2	LWK	Luhya in Webuye, Kenya	AFR	-266.475412212392	-11.9064448558892	1.61698373632836	-1.97217026140529	14.906173855233	66.5046186461493	7.65480768495524	83.2026592569275	2.51515732548504	3.89807053887209	1.00587226023551	7.70388876021223	2.88255003302042	1.85729495170884	-2.76020121768252	7.69099840933707	-7.18737087299048	-1.44140177813236	-19.5818152457092	18.0986409995341
NA19346	1	LWK	Luhya in Webuye, Kenya	AFR	-270.93087187501	-13.908204687846	1.55660994086072	-0.727504228308708	11.2516615686594	64.7586419641223	6.92356806779686	75.9976286468344	-3.16668413698299	2.44905606477598	0.772002808363386	-6.07663059931498	-3.06533756629156	-0.433945373229566	-3.9179532878687	0.147395656860193	10.6292105969354	-0.880100664073015	1.12205129963525	-11.3530560037985
NA19347	1	LWK	Luhya in Webuye, Kenya	AFR	-267.131731669712	-12.7218041657857	2.9970852504391	-2.65259819547905	14.4462399691956	69.2384624299416	4.30876159729853	83.5267549365989	-0.355913964400732	-9.19489879035628	-1.60542599776201	0.757242114337237	4.07861228679506	1.08499302234946	4.64978286080117	2.01969421153574	-13.3363712669729	6.69395679671302	-9.09325944119749	17.8657372830527
NA19350	1	LWK	Luhya in Webuye, Kenya	AFR	-267.73511260619	-12.1665114328574	-1.04850598460928	-1.81403949923959	14.9036555775938	64.5264482567783	9.13388294745812	92.4289536096846	2.31912352221053	0.527331295760454	4.98580692216975	-2.31791489536997	-2.38700253357943	5.97207437826447	-3.40249907916985	6.21729205588686	0.82644841701674	-7.72685215300541	214.298808389127	-67.0746190480532
NA19351	2	LWK	Luhya in Webuye, Kenya	AFR	-271.39841186894	-13.5898891761935	1.00286852309906	-2.67788183319241	12.0394827012354	63.2286188309445	6.72716562375668	80.4945438414296	-0.727544530867785	2.4346539292558	8.81006441174912	-6.23756999045032	2.17175106330409	4.90598188265814	9.4450837955193	-9.1192897601579	-3.14208238682308	-12.3821658078516	-23.9308070810043	9.90194932449053
NA19355	2	LWK	Luhya in Webuye, Kenya	AFR	-267.625554526017	-11.9989855991779	0.412019720754308	-1.75159038347887	11.2104846187986	61.0866484966097	6.05628668617445	82.3500104775448	-0.460665801320046	0.0445269896312002	3.75252462981019	5.32336986490534	-4.18182713944107	-2.24537435868386	-2.78877389888656	-7.71148464784391	-13.2069698978916	-11.7501281474067	6.89923815963599	-7.62391746254198
NA19360	1	LWK	Luhya in Webuye, Kenya	AFR	-267.66279866742	-12.0054630624633	2.81040635616818	-1.08467391540474	10.8073573352357	61.3366708300418	6.13673259349535	76.5408316798887	-1.32672998809335	-1.96696756059661	5.50926873189688	0.687714366365394	4.9922802271097	2.55097272973422	-0.862958052990961	-1.82423561930799	-5.90390865536776	8.74523349735567	-7.08206275592398	-3.76089090832585
NA19372	1	LWK	Luhya in Webuye, Kenya	AFR	-273.100298502151	-13.3076921122633	2.06306560701547	-1.88763889502312	11.9521748709149	58.2912815204788	6.06888016427207	82.6194626616212	-0.985215420296451	-6.7034143508269	2.62602071922221	-5.47622159569074	-1.92251314649486	-0.428194246169818	-2.94557426798206	-3.35100317618302	-18.3624211632138	-18.8400326222077	-46.161505276405	1.59388653581046
NA19374	1	LWK	Luhya in Webuye, Kenya	AFR	-265.021820595673	-11.8560409447263	1.13842448576537	-2.01173654653331	12.0652678377272	61.7280532482669	7.71831789521918	85.3702539835371	0.52257668524101	3.26642029844328	5.67947577975984	2.29018341318749	-1.10626558027403	0.191217758374384	5.87567570820185	-3.43253939455346	-1.57010809833878	-4.9465420068653	-4.17805025663793	-2.32624986179079
NA19375	1	LWK	Luhya in Webuye, Kenya	AFR	-267.902987153312	-10.5564732091261	1.62797850393919	-1.38296436413057	14.7483730772142	72.332878966007	6.65782907842092	84.5302478000078	-1.5377352964868	1.38669180602475	3.59650435914028	-5.00945095765359	-8.96294246420428	2.59233591302297	-7.77998413384055	6.36726963008902	0.562211425209699	1.28963395975047	189.64594466934	-77.8532722982551
NA19376	1	LWK	Luhya in Webuye, Kenya	AFR	-274.687125605841	-13.0460152323254	3.71299191500635	-1.99867827854524	13.0299265798676	76.3403441161481	9.54942654141185	101.625889970676	-0.207715720687061	0.860584265728039	6.74935685741985	-6.2748342612376	-2.06380401936738	-4.01250080219797	0.268121202528705	3.02351121413571	-16.8277412329732	1.7167263738889	138.136601768086	-34.7479059227094
NA19377	2	LWK	Luhya in Webuye, Kenya	AFR	-269.761112586643	-10.9759204728379	2.36644363297603	-2.50947463910053	14.453202383611	62.1115355556641	5.49327626305736	85.8084940220631	1.06234407182746	-0.47296572481996	2.39759893743557	-3.44647544730808	-0.145255435923091	-2.85559632895269	0.0165016206949203	-3.18909478515903	1.80031268139364	5.96733655910057	-17.5229451612094	6.84022618934214
NA19378	2	LWK	Luhya in Webuye, Kenya	AFR	-267.443905650963	-11.8874932106146	0.0985048655171331	-1.11107014067645	11.3998211550403	59.8908610064212	8.32511191447941	73.2388329329249	0.745205914240365	3.171666291029	10.7652369257499	-0.779933481168644	-1.98945301673634	-5.63608857435028	0.790354066400743	5.74649035325677	12.2117003971409	-5.32043117784251	-11.9899377607901	8.55715238345438
NA19379	2	LWK	Luhya in Webuye, Kenya	AFR	-268.734102805116	-10.910348530307	3.06343140478344	-2.051810940603	13.9665496358281	64.7116905617139	5.57899860912043	81.6285994337343	-2.73428038796727	-9.6152188841599	3.41610810459226	0.321051013425085	3.6719303023754	-12.640758476352	-4.22324325793034	0.0973536241767859	-7.06452041130555	5.06150881558915	-20.5946830110871	21.599685707221
NA19380	1	LWK	Luhya in Webuye, Kenya	AFR	-259.248465093321	-12.2948223532016	1.08493720563892	-3.87880123229175	15.0483537535563	64.182998219912	6.54725298392723	87.9144454098574	2.07261255116947	-5.34774037320654	0.644806953119077	-3.81951820586395	2.74848999533067	-2.8620086056633	2.30226435221726	-6.05843957297937	-2.85609931104163	4.32865593562377	0.614123411133196	30.33051068882
NA19383	1	LWK	Luhya in Webuye, Kenya	AFR	-265.384261624523	-12.5203177577427	2.0566406130066	-2.25737183912221	14.8527437034038	60.6753798577047	9.06575457397302	87.5356088051019	0.0244967220999528	6.15165652413819	6.28727718654507	6.17368756452739	0.676819211550971	5.93710259967136	4.08108670104336	-5.21481400342413	-11.8985747809152	9.85886587810292	8.67005817795148	17.8114929676205
NA19384	1	LWK	Luhya in Webuye, Kenya	AFR	-278.726114891717	-13.4444548098587	0.6805558780388	-1.36080840433399	11.3033009256698	68.4424273038175	3.96413002820812	77.7734122939659	1.09649437596846	-0.834153094842851	1.79267326531126	-1.50784707305218	2.24279119722883	2.81996563439293	6.28808070434197	3.16624289233523	-0.352800476824067	1.19596444153525	3.56587201938851	-1.61261048086614
NA19385	1	LWK	Luhya in Webuye, Kenya	AFR	-264.893150944606	-11.9438767057954	2.94210977437243	-1.46892787391194	14.2989319947088	62.9039063845377	4.28546817180588	87.9322514553498	-2.31657132898755	-8.67670335848587	2.71117011752014	4.43481698922739	-3.25486291128505	-0.558021033302943	-1.48123877269506	1.25682224499269	-12.7747726636099	2.19095334781523	12.0553934471166	-2.45025207786782
NA19390	2	LWK	Luhya in Webuye, Kenya	AFR	-267.006059902941	-11.8251435376503	-0.624154017164351	-0.843761668606768	12.4576019190488	63.8705031129907	5.32900965485314	84.0396665088745	0.811885640317342	5.11519937003837	3.39563693283671	-1.15309610824388	1.00626891334518	-1.40095850056292	2.48865606614192	-2.12629337726164	-19.7510821836265	2.39122015335666	0.720534837289762	20.428858920276
NA19391	2	LWK	Luhya in Webuye, Kenya	AFR	-276.30196095458	-14.4341316460056	2.43878563821137	-0.769616817020418	9.44952189129568	68.721919409498	5.16696521710664	77.7724848146862	1.55356710510632	1.695187012738	2.83414308403648	1.45674215358004	2.33767558686297	0.423673935048711	-3.92927599138369	-1.98261210568785	-8.85770948205876	-8.6463671101654	-4.46998779822525	-20.1180669989386
NA19393	1	LWK	Luhya in Webuye, Kenya	AFR	-268.378863327341	-12.3487526632949	2.67164581365826	-0.389621134237951	11.5096634252267	61.8954566848557	7.25872454483319	85.4442107790647	-2.54810839791157	-3.62041923735065	2.28139333110607	-1.77028930518713	-0.419247068256804	5.18767789096733	-1.80612562048879	4.19067406137231	-6.85037303920361	-19.9230935176167	89.7693123553553	-29.7424688504731
NA19394	1	LWK	Luhya in Webuye, Kenya	AFR	-266.242493285519	-12.6994513324741	2.80131339382308	-2.14739088746794	10.9132923738208	65.254534189348	6.18567207996985	84.1713387802892	-4.24996897235047	-4.26834409568413	-2.14945858398835	1.47383670254423	4.82147453183752	4.16103402809278	-0.896491088665522	-0.0444579705256723	4.57876698201898	-7.39087259108839	-29.2832389184854	0.282036709802786
NA19395	2	LWK	Luhya in Webuye, Kenya	AFR	-264.543184091754	-12.076524760672	3.92674940582638	-0.679191235727831	13.3330611516621	55.7667942552591	7.505753742447	79.4185308598638	2.73787420910509	4.6171526646094	3.4911059951247	-3.60280998851321	-2.28919195840769	0.530002877507788	-3.94605060324817	3.39020360205178	0.937614672453127	8.6126539329995	-14.0402540409045	-5.62772206591024
NA19397	1	LWK	Luhya in Webuye, Kenya	AFR	-271.536355029899	-14.0570287877781	1.69922359779863	-0.870968627686988	10.5226479828338	70.955016675214	9.82977001616046	85.5899187705027	0.336357050787306	-4.43825716178136	5.75047205639447	-4.45628861447562	-2.08736318287527	-0.132789184785253	-4.43264606053161	5.82132088517831	2.43299685613838	-3.98147207658119	193.775328309666	-82.3566327421751
NA19399	2	LWK	Luhya in Webuye, Kenya	AFR	-275.913812386959	-15.0417469607032	2.29091773844487	-0.376377235501918	9.6313495590225	65.0525710022835	3.90757363647431	74.7460303370872	1.23432362925425	-5.02455820770065	5.07139238000101	-0.0811170465893839	-3.37852356459085	-7.22849727461798	-5.23951935726203	-0.711424880918127	-2.54548552325506	-0.447595753380136	-28.9051056540144	40.2698349140348
NA19401	2	LWK	Luhya in Webuye, Kenya	AFR	-265.25834389947	-11.7156877475344	1.8727624538881	-1.68591957081317	13.5091964315147	64.667470731222	4.77907585983741	80.3841530806988	-1.90243251496936	-8.30303730697982	-6.2164607205422	2.69110126361249	-2.08730918725298	6.70552045069872	-2.03840589252456	-4.1718964858472	-10.0833784960731	-1.30347424176146	0.694459736470015	6.99333726702386
NA19403	2	LWK	Luhya in Webuye, Kenya	AFR	-260.432055378247	-9.55521419543616	2.20631897668172	-2.75366963379643	14.6301904538891	62.1255819211987	3.63636694008735	74.6019877154033	-1.54017203112009	8.46013903727805	-0.268264833093842	-0.553419191934496	0.95126833041514	-3.88577738372292	-0.511203331801816	-0.261020284524896	7.20148127457902	1.08877087051206	-30.3335546083238	-1.01952954275772
NA19404	2	LWK	Luhya in Webuye, Kenya	AFR	-270.061089361889	-12.6597826192452	1.73408671850667	-0.0722504462142844	14.768941452959	64.9418732249036	6.63500564961007	83.4638440938061	-0.262324320363048	-0.430431798136435	5.68102791978905	-3.99213886348103	4.55782485134641	6.01286077005641	-6.76024035639932	-4.32522730656675	-8.92170187578277	-7.74040966553174	-10.3023497377623	6.32533966181972
NA19428	1	LWK	Luhya in Webuye, Kenya	AFR	-270.192934836036	-12.1886900294418	1.26922162737831	-2.39803455431704	14.2689228359738	65.8505019491224	6.59378160787869	85.5703188257643	-0.537720144421373	2.0761732078627	-4.48284761416794	-1.76055819371136	-0.432197009599528	2.5756454088906	8.96060743422892	-5.60541751811319	-7.71894130758555	12.4335485257752	-43.1849305706593	12.0240734857439
NA19429	1	LWK	Luhya in Webuye, Kenya	AFR	-270.171929224967	-14.9634068557118	2.72748333500819	-1.20548884411029	11.6484260652169	64.7939864161596	3.10454829865162	79.691851519395	-4.695603130297	-1.38700008469722	-0.63787767807542	2.91549081717784	1.07982261068563	0.785133824856304	-1.94428750353288	-10.3822234413032	1.19088423880983	19.0295647332707	23.9451172473658	-1.65009342174226
NA19430	1	LWK	Luhya in Webuye, Kenya	AFR	-272.678103577755	-11.5691209733773	1.3332066496298	-0.00716558101770903	13.2530482997958	68.7576831555325	9.27554298253864	86.2934493822273	-4.64009687321356	0.823423228244872	2.31247667223003	1.72202770755506	2.49674303091541	1.16334464117727	-5.08469285946969	5.5138834408068	-14.5426927123297	-1.45238227907223	5.71104879032514	-12.0196147158033
NA19431	2	LWK	Luhya in Webuye, Kenya	AFR	-272.874572057766	-13.9641067542163	2.46204025144825	-1.71442798587547	12.0819697374546	65.2145146987444	3.9171336365363	80.778128039003	-4.42378220812991	-2.7227636681225	-0.444777713422406	4.29427405893916	-6.26052761484922	-0.180712398754068	3.13782560576925	2.86595145414166	-2.76572932932738	3.18018480246719	-13.3546262724295	2.52933091408573
NA19434	2	LWK	Luhya in Webuye, Kenya	AFR	-267.354164136789	-12.3031124837553	1.3990783001165	0.895599911219801	14.7884523424161	64.974293089891	5.52098280655622	83.4727755210261	-5.71040808040753	6.38472815833306	2.00975688164269	1.37944979588582	-2.6683717281554	-3.20925470486759	3.09220493845849	-5.68367879830556	-14.2221612106477	1.31929688262395	8.23090176873984	10.6658910110775
NA19435	2	LWK	Luhya in Webuye, Kenya	AFR	-263.742286026611	-12.38457480803	2.46135434625696	-1.63959202853198	13.2908223887514	65.7073155767825	5.60540075430877	78.6634073882666	2.07979051773564	3.51061739994994	1.4303397568494	3.26765034417715	0.877004546411691	-8.04828821271376	-3.75770794613106	0.279780830403662	-4.06608135310884	5.0094739844182	-27.9788931975091	0.527821631564526
NA19436	2	LWK	Luhya in Webuye, Kenya	AFR	-269.986147323007	-13.9035283325474	0.542654897926911	-0.634484815256235	11.3643323026735	67.0350416686706	7.1541952427401	76.0052518276918	-3.12453049511832	3.89157420600513	6.58287905936091	-0.466469051898888	0.366945720993404	1.06798457947528	-3.4703117023647	-9.74207660915302	14.3675179185636	-4.23830068778179	66.2292871895167	-29.5239665140511
NA19437	2	LWK	Luhya in Webuye, Kenya	AFR	-261.223353889596	-9.37180048002593	1.36895436351225	-1.7608002417256	13.8870693429557	62.5288780682085	6.19459411518547	80.7278281527532	3.16523688134713	6.02854318786117	2.46494991054102	-1.47655284209811	9.21774415157412	-3.5139364328949	5.60975550011904	-7.0360336669095	-11.8085801924259	-2.49138158590493	-14.8400773045191	-8.39672361176606
NA19438	2	LWK	Luhya in Webuye, Kenya	AFR	-273.445320758046	-14.9671746358974	2.80668533803263	0.122558694309042	9.27888826929101	60.0784885961945	5.9301740413409	70.8166299625862	-1.11937389283898	3.47271788915295	1.2562746970919	-8.96551186436584	-2.8235019292882	1.31294846429329	5.75596387404639	0.648107545046851	3.32574786182604	-21.922851160115	-13.9197803729935	-0.397536966379392
NA19439	2	LWK	Luhya in Webuye, Kenya	AFR	-269.172505468197	-14.6596636802484	2.32880233013464	-0.619013602279161	13.3212843093133	63.1698696089833	10.9053830930299	80.2937236103152	0.225319083389352	8.81858467111588	-0.381921811814601	2.46820778431506	4.80612081327146	0.369152555517761	-1.1325496374181	-6.36741081281237	-14.7870559710868	6.76297729128298	-29.021861692228	-2.89640095041667
NA19440	2	LWK	Luhya in Webuye, Kenya	AFR	-269.013934077882	-12.1154309084784	0.56222420790835	-3.50152111830564	13.2734993109109	59.6353824441962	6.28458171049061	72.3126949706127	0.96656915028274	-0.739981166289476	0.0144918118697181	3.49045483556813	2.82501791284775	6.8365667863161	-0.264591827458101	-7.74715818453972	13.7642389995736	-14.7242564440317	-21.4234787316926	10.9457942693339
NA19443	1	LWK	Luhya in Webuye, Kenya	AFR	-268.728397007027	-11.7630482760228	2.08648293889484	-0.762022661682209	13.0426893377137	65.6551564033628	4.27400123758388	84.2676705570577	4.24035225710335	2.53109518758519	0.636300253222212	0.771193787198987	7.68533241753139	2.00517880857935	-0.602796752756222	1.93296498611912	-16.3412324867357	-6.3723895668586	-4.53464285128977	14.6625977261908
NA19445	2	LWK	Luhya in Webuye, Kenya	AFR	-268.989045521656	-12.5389052334537	1.13515952592673	-2.69300296644692	10.1853902599324	65.7546998858691	6.76663778938905	75.8379823331463	-2.50947435220852	-0.450789908835358	-3.1806441202171	2.91323561748769	3.26514928552578	-7.55514039595956	1.55503120705616	-5.06432921598438	-7.782604745864	-12.579994498633	-11.5274783491301	14.1456491805614
NA19446	2	LWK	Luhya in Webuye, Kenya	AFR	-271.861660791242	-10.7908377295232	3.15502807595759	-0.110142147784403	14.1827632212384	69.3684488544985	6.07089534621422	86.0729071661104	0.259765007696517	2.07019757190177	7.30352794006106	-8.03495078032241	-1.54842029219559	-1.5443843791562	-2.03493375405148	3.28121691370913	-3.8082844279351	3.95332470730933	6.27985656076504	0.637379486218218
NA19448	1	LWK	Luhya in Webuye, Kenya	AFR	-266.605945759387	-13.6911791090538	4.37938584688458	-2.78224575140924	13.916205640741	63.9760704527984	8.97875384835243	89.2806246148282	-0.269407030276008	4.22125938092821	8.4893386296637	0.676437565745641	3.49263326679945	-1.37823631889113	3.61921331052198	7.08178079506864	-2.06897829193391	-2.43001009136895	-24.2605720398561	-17.3981344350104
NA19449	2	LWK	Luhya in Webuye, Kenya	AFR	-269.661925776406	-13.4292439463512	3.33147442620242	1.00729675571528	10.3529966900691	61.3225463061089	4.6996901120748	77.0342179719684	-3.25756764284127	-2.94053577432883	3.92463421891536	-2.94360772568179	3.02808538456741	10.4196248457973	5.68406482882492	3.20521993766792	28.4820142477206	-8.90180551111877	11.1653849629231	-4.94604509996015
NA19451	1	LWK	Luhya in Webuye, Kenya	AFR	-271.061392483768	-12.2560015137392	-1.38235520669194	-0.600145627421766	9.77280647917485	64.1561556273694	6.10795078288934	77.7625153302794	-1.22370930641229	-0.11963011233788	1.11144701720754	-2.38546785307193	9.16919681574094	4.4994705832861	4.7998521170834	2.6406833208998	-15.0604746813515	4.28939877731555	-30.4115256375185	-8.20367004291712
NA19452	1	LWK	Luhya in Webuye, Kenya	AFR	-264.035081307762	-10.7219178971689	0.719093788029139	-2.89102514073446	11.4142295414737	65.6973731837199	7.62437672995664	81.5685950911267	0.703605331692572	-1.60086506657264	1.24764241425428	0.413892638939324	2.25529867224671	-3.39540188254333	-1.15546441648907	3.98541811285697	2.04534210435912	5.6197873523471	-22.8813090522729	-23.5198145068273
NA19454	1	LWK	Luhya in Webuye, Kenya	AFR	-270.130128033043	-12.5113518083156	1.72205390322283	-2.07126550773921	9.94731112388487	65.2207150239219	7.91096815039635	74.9964476885013	-1.56178599810465	-9.21910137080825	3.44678271684909	-2.360885317343	3.79005731064252	-2.16615692521156	1.63030051904543	0.370221302838628	-9.34592058842149	3.50254846534526	2.10737527380714	-10.2945400904323
NA19455	1	LWK	Luhya in Webuye, Kenya	AFR	-266.690424923665	-12.404116891693	1.32501947240832	-2.66600061000057	14.105850548288	64.1336503706318	5.05457298006541	80.627617640156	0.88505831289355	-5.16527626834766	-0.287168594881854	-2.47109356470722	-1.35216196682815	-6.1255676252988	0.869755216616029	3.40368485845524	-5.95970052087092	-0.872945303736349	-5.47751569124243	-5.77470912510255
NA19456	2	LWK	Luhya in Webuye, Kenya	AFR	-270.216332754872	-13.8235446442735	2.06999819276165	0.749753094805898	11.4728120101685	61.3647959240997	5.69228287904219	76.212244288068	-0.790146338803559	-1.22748947075852	2.14219925567828	3.68830316474908	-4.90381954172649	1.58151468780834	-4.79758300537845	0.48593627784957	-8.34484523250241	2.34963183618205	-24.8512695320474	7.6908396201796
NA19457	2	LWK	Luhya in Webuye, Kenya	AFR	-269.040649336989	-12.7996847784923	2.71611028143867	-1.62055812671441	12.59493787585	59.1773906326706	4.28140278891768	77.7746355058502	-1.09430842908145	4.15072746286706	4.35967387871767	1.53865008982828	0.162650667912265	-5.52931539777942	-3.37169490285633	-3.63082673635534	-17.8021734571139	-5.07551621065192	-16.2947169667312	12.7869874153878
NA19461	1	LWK	Luhya in Webuye, Kenya	AFR	-267.351818773704	-11.778945563901	1.07586845932739	-1.98192281870791	12.0753485199055	65.6221898030692	6.14837287229552	80.5466502305762	-0.471059656240195	5.09201109016168	2.99674456911523	-6.86517928818983	-0.654416607191781	2.48978340056082	3.55471139470093	-2.9829272860099	-7.43320300572961	17.6533531466517	-52.3390413913419	9.35678171557675
NA19462	2	LWK	Luhya in Webuye, Kenya	AFR	-277.956248801571	-15.4327714730413	1.07900822280885	-1.62532343433456	9.86225982126698	63.4956976996064	5.04829660244127	75.3808213899996	-2.74640338970891	-3.91063378616794	0.428073680720049	-0.320970983186747	1.27589263201406	-1.71189372052869	2.76930406162389	-6.59030260656316	-6.28970442876459	11.2544881694182	-8.351699790307	-7.70421018525441
NA19463	2	LWK	Luhya in Webuye, Kenya	AFR	-262.705796889562	-11.6884227725873	3.04573772028893	-0.0113383275964634	15.3670396325349	58.8060257445814	2.34588305942835	83.7208806084024	-2.76209735858391	-0.539621102501948	0.570853381270426	-1.5024835587602	-0.557648442847825	0.472177870187916	3.14429204949997	5.1137016922022	3.48482403793482	-5.90253871080428	-19.513450746365	-5.71822520561148
NA19466	1	LWK	Luhya in Webuye, Kenya	AFR	-261.818417755421	-11.9180963624006	3.06070112656065	-1.28443850908644	12.9614980824684	67.6534086378928	8.88276632948638	89.784233222206	-0.574869846544263	1.26073179653947	1.80427000578898	3.36539126889965	-2.74895970454308	0.97851538334748	-3.72791123536563	-8.08003705189204	-20.2531347595575	4.07850435628292	2.12301867752935	-8.74397266943309
NA19467	2	LWK	Luhya in Webuye, Kenya	AFR	-264.490519930106	-9.43155126387999	1.51371079343053	-1.94321165534679	14.8626868326279	66.7481813631442	7.0627209008815	88.3973542865097	-4.04071151681361	4.23384365401476	8.23254259551213	-0.43506718574184	0.495298835057581	-9.89629489994154	-2.61883737785493	6.32764880337647	9.0276157859807	1.70761080280358	21.778512280823	2.29151241824623
NA19468	2	LWK	Luhya in Webuye, Kenya	AFR	-265.102101082954	-13.4816602001308	3.22103169523996	-0.170474095541753	14.2307879427277	64.1008705374681	6.48773639058275	79.3603270771252	-1.98020478369797	2.10034236994066	4.12751620504032	3.12540158805478	-4.40674830217951	-1.65932404483961	6.38094602828131	-7.38640588330931	-3.37604863658663	5.21582070475661	-18.4817548257796	1.06245304028154
NA19471	2	LWK	Luhya in Webuye, Kenya	AFR	-264.219669641158	-12.4976720141988	2.75787785837943	-2.34594284663157	11.9050049301791	61.8130786517468	5.35675915924905	87.2040314284776	-3.89965092822	0.503061186648318	5.94213099161352	-4.00448591182658	2.60054125150092	1.16741694354993	0.692224651114935	-3.64052501988672	-3.65804764597328	5.65149161895162	-19.238163874415	17.3754313024193
NA19472	2	LWK	Luhya in Webuye, Kenya	AFR	-262.517925117729	-10.8117680813531	0.875527225018244	-0.808059910467685	12.4719208122363	62.4925893011206	4.90530019750916	80.749298719664	-1.17516611892816	-1.91533074590394	1.80178747909904	4.9397406447725	-2.30969424993295	-5.55073832232059	-7.75388887602564	-2.94914321739514	-8.80296827162528	14.0629190490203	-13.8830720205757	-9.28567472420974
NA19473	2	LWK	Luhya in Webuye, Kenya	AFR	-265.583807106346	-11.8369591238917	0.864003144534226	0.194056275313143	14.2556512826343	64.0711343248414	8.75906047563377	82.6605086302442	-2.18693776911453	-2.8768164224513	7.34169677590412	-1.6665905723327	-0.385916249396318	6.60188124083403	4.92107769135817	-3.03294866635029	6.66970881284384	-3.2268072976484	-19.1973070151859	17.9458198169572
NA19474	2	LWK	Luhya in Webuye, Kenya	AFR	-263.685437664477	-10.8609318448683	2.86822515673504	-2.07657043123144	13.7989674595986	59.7116441393858	6.52741330550334	77.6326985473282	-2.6474016842273	-3.11325046538766	-4.31043082122548	1.73105616066667	0.713799119610648	1.30021918697188	1.56764433306094	8.01830992818516	-8.41655246013939	-14.8598829058498	-22.9065929124255	-4.70168879086479
NA19475	2	LWK	Luhya in Webuye, Kenya	AFR	-266.463462050314	-10.9290638514604	2.70315453204776	-1.96796671163462	13.9068477518031	62.6056866073666	4.28068289666955	86.1591473187149	1.18465502408371	-7.96818669036927	-0.0834114535326708	2.69021841071993	-2.5275387974175	-0.970797115797356	11.0429633803333	1.48763714832078	-2.36373543433614	10.1367353811543	-16.3711218799152	-18.6783978876216
NA19625	2	ASW	African Ancestry in Southwest US	AFR	-149.49537505183	-13.6014535182778	-34.4598791298118	37.5951362685345	-4.58907168692749	6.91419623675458	-2.85657050181673	-4.63392020554728	0.417319613804336	-5.04604271165115	1.18024350558204	1.48321285600573	-9.12057696378335	8.32984760038841	7.10390660485008	12.6507262776807	-15.2028703292677	28.8846602083905	3.10030968143747	33.9232101381049
NA19648	2	MXL	Mexican Ancestry in Los Angeles, California	AMR	85.541724001857	123.90996994775	-34.4153092452691	-30.1655338145837	26.056394084601	-1.69253067356977	7.50245007061892	-2.1991439797645	2.91398071519077	1.21792978046971	-2.42436937252143	12.5162247073185	1.4240657970346	-4.68119126227515	-3.83863266017629	-7.08120542769409	0.568575456574994	-5.7788514354622	12.0274963094924	9.06518836240367
NA19649	1	MXL	Mexican Ancestry in Los Angeles, California	AMR	84.4643281951026	85.537196552441	-54.0641906362033	13.1974556555386	19.8188832399415	-2.57138242256005	8.32079255634332	1.9345415358906	-2.73895569918374	-1.02856084117603	3.50637604943031	10.4273336704961	2.75929377186401	-11.0122486915603	2.48076423201009	-0.0295844114514523	-4.79935138686076	27.4177959613318	22.1631184336393	15.9698310743479
NA19651	2	MXL	Mexican Ancestry in Los Angeles, California	AMR	77.0303390797208	74.0537131996982	-58.0614562508611	26.2276858572629	14.703424453242	-1.91077801498373	4.85665679893222	0.316656829471018	0.0249064105254666	2.80776407162304	1.24310454465485	12.387758680064	4.62177247930216	-12.991525924761	-3.91801195030622	1.08127546787162	0.0919390579839466	28.0366083171538	18.3784414160379	9.06024808522823
NA19652	1	MXL	Mexican Ancestry in Los Angeles, California	AMR	81.8345611141731	75.2298870927645	-60.7409536998153	24.179655982822	19.4021893469472	-1.17654757478753	8.38235415745138	-0.592639159146912	0.531106812482368	-0.226374913982526	2.43684369508408	4.04498697007704	-3.71623193730096	-4.36397810726093	-5.21524714193301	-1.5160785914142	0.740617647932358	23.6884504589182	22.9121832998551	10.8849348564283
NA19654	2	MXL	Mexican Ancestry in Los Angeles, California	AMR	84.3466694886721	12.5089848683495	-96.4261749996633	99.8575420668374	5.47245634612734	-1.35962270063401	3.07403780763548	-1.13327660910978	3.55556742021277	2.79829416470133	-7.05776901195616	7.21177968193717	-11.9414742342076	6.63535831129453	5.53027023025397	4.20878058560639	-2.49747651047469	62.0236104457519	22.2826021190939	12.44431471107
NA19655	1	MXL	Mexican Ancestry in Los Angeles, California	AMR	81.6225240616104	65.0525501985894	-63.8431476218468	38.7444168019876	16.9178923725104	-0.126093612858511	8.11867366748605	-2.09877524952462	0.41741271718917	2.1380350049682	-4.02288035818756	5.94727980288103	6.66434961806814	-9.38407438935055	-4.92938946293242	-1.30199122264976	-2.73553220731254	37.7124431853879	19.9622131743694	12.576592439532
NA19657	2	MXL	Mexican Ancestry in Los Angeles, California	AMR	89.2009762243613	5.07905631574402	-104.528929845631	109.637351303331	3.76873312733964	-1.56138450630566	-3.63698798766375	-0.249136333300335	-1.34710611100899	-0.390927598866634	1.72099155871031	3.26594033920875	-8.54696460700394	-1.24062426076457	8.61999402932	3.97261150750583	-4.58369073444811	56.1793833268772	31.154378077058	16.5953397911584
NA19658	1	MXL	Mexican Ancestry in Los Angeles, California	AMR	91.5768233422771	63.8202505139208	-68.0686966780585	41.5469324960377	13.983296573911	-0.97089794846124	7.60527737997256	-2.03015614127486	0.137753356220701	-1.16756226914911	-2.86861663787379	15.8188933829804	-2.96426831149353	1.61736271238574	3.76401943023186	-2.74876894750846	-7.74585902480253	42.0940245343336	23.5438671722074	14.5360416988281
NA19661	1	MXL	Mexican Ancestry in Los Angeles, California	AMR	86.7660565805476	25.5058013702004	-87.3813090699598	80.75082802972	6.55327095901746	-3.44713044201762	2.47950271780335	-0.0530580193679411	4.55142813390036	2.67590974940942	-4.51385140058914	14.8238532300018	-4.28772900211261	-1.63579679720137	1.85566352325385	1.50949514803456	-0.280477009121434	38.5278750147898	24.4328905362227	9.78664261698804
NA19663	2	MXL	Mexican Ancestry in Los Angeles, California	AMR	82.6349691362002	-0.163669871345447	-102.185416442266	108.194324576769	-0.923322807795902	-0.858823304751634	0.772601649380204	2.10624724858139	1.41861516621426	2.31362567359957	-4.53065994414477	3.71147683924414	0.528627476785806	1.1389623515411	-3.00784150095336	2.06686792772669	-2.372682620455	52.3587547063598	30.7645114048152	12.6392378569555
NA19664	1	MXL	Mexican Ancestry in Los Angeles, California	AMR	83.1288286718886	17.6323636230879	-90.1046609448614	89.4376070502869	7.14133084870098	-2.2838979963672	0.7490255842495	-0.032691075407411	-1.63212660556301	2.88130417518835	4.38907862980448	9.99531824815744	-6.54552592536186	-1.19970373275188	5.80030193361092	3.84280847966244	-5.23420911731389	46.0552636340421	22.2078752088972	10.4243678039528
NA19669	2	MXL	Mexican Ancestry in Los Angeles, California	AMR	94.1640117740252	59.1300101725696	-67.1472940533429	37.6552351458756	12.6155142505087	-0.992068895663273	6.60266604589331	0.0439918111057049	4.08113784176416	-0.40374329795559	2.96041360955643	8.49125535233234	2.12989366580244	-8.4244908644071	-0.449070836107443	0.53251757795609	-0.992232632872556	24.8738603863936	13.567249180198	11.1707307435088
NA19670	1	MXL	Mexican Ancestry in Los Angeles, California	AMR	86.0805460222371	31.9793522602361	-86.2612485972499	79.2267939745424	9.98897593349082	-2.0693417952862	1.65297948322254	-0.0971231935576222	-0.0150159853956076	0.52540405524538	3.30271378334539	10.4324278945834	-4.09899644309545	-3.82396054809573	3.04473362409981	-0.228581026384677	-1.63863362683135	46.3352316178769	30.9818944373538	12.5891859524489
NA19676	1	MXL	Mexican Ancestry in Los Angeles, California	AMR	86.3731715024724	69.3755279816824	-64.6332011969661	31.9977506388219	19.1161099291151	-1.76398593219476	6.87201235480718	-0.300767062395633	-0.376669004363456	-2.00493792649784	3.90305114509281	4.57658654216557	-1.54019478069871	-8.42635808336737	1.03123633136892	-4.97442655119835	-2.85625543466419	29.907153138752	18.5122240411018	1.25137694409271
NA19678	2	MXL	Mexican Ancestry in Los Angeles, California	AMR	70.1148375501815	84.9241341171667	-53.7231595061593	9.98544415686643	13.1811465180092	-1.82005330023647	5.95132903382486	1.38519090787878	-2.22853516376161	-2.14595002896729	-6.81602360845394	5.11996084508977	-6.21695233441349	-3.20603620200378	4.41596908438624	-6.31004016042304	2.20397664482136	11.483489656117	9.7974855666866	8.84024220717674
NA19679	1	MXL	Mexican Ancestry in Los Angeles, California	AMR	80.126513644281	126.023677812459	-29.2202703605864	-38.1023643257269	31.4482608729467	-2.06860288499072	9.44517765055284	-3.67217894891479	-1.1961162747662	2.60611488271773	-1.44041304153606	4.98624320457357	9.06354260129825	-3.7489296815083	-6.67402776814756	-6.69215582689975	4.39485386953023	-2.32074709747323	11.7162661658771	4.56910334980445
NA19681	2	MXL	Mexican Ancestry in Los Angeles, California	AMR	89.1783588036548	5.51424098508654	-101.415151043218	107.6327706483	1.68293837156658	-0.920588223548238	-0.684443044377763	0.0934515462051971	1.52549114159042	-3.16317495877465	0.415375351517328	9.30110168666214	-5.48866877462139	0.925077446425344	4.99427077769849	6.92585568760956	-3.7412446437629	53.839849255337	32.222726016855	16.8057751386473
NA19682	1	MXL	Mexican Ancestry in Los Angeles, California	AMR	96.447885819509	30.2377168768335	-88.4449539392713	83.2289896207709	11.6064331156806	-2.3702422942431	1.05916354559253	0.314752217437864	-3.53990198135477	-2.23646660562881	4.6516375055386	14.3464519017849	-5.42740400480706	-2.23869936429783	0.225877074676689	3.20602865056856	-3.81476382558651	46.3612197877808	25.4930550940747	13.3530892597609
NA19684	2	MXL	Mexican Ancestry in Los Angeles, California	AMR	98.5320263106905	74.7864651522803	-62.771603944243	28.3035807775833	-3.98689610489022	0.124119870012527	-3.90061029865111	-1.46025868353436	-2.2203785822013	-7.06573217027649	12.9305821050757	-0.780213644423888	-9.37176911912475	4.03342772584817	6.00310501397249	5.51261108310456	-1.30830527197341	25.3284095630479	9.68625382508819	9.73071851790938
NA19700	1	ASW	African Ancestry in Southwest US	AFR	-222.170175230119	11.1952977007071	-4.63448645418008	-8.49772684675031	-5.76280988590122	9.28233525070106	-1.70268332348913	-13.942641267219	-4.59301994542995	-6.06559878136584	9.97617698494917	0.123227508088262	-4.82387620483686	6.73454605524528	-3.79770657106269	-2.01281497437081	-5.81934857272648	10.2583054912716	2.87857313433779	-24.8582264790734
NA19701	2	ASW	African Ancestry in Southwest US	AFR	-225.746624431426	3.47971495359019	-5.66925221090385	-0.895903985556412	-3.638603004509	7.19529775499679	-2.5874004231688	-10.207774615612	1.06383240676633	-0.336482650237842	3.67608313820111	-4.93340467533217	0.811555650497418	13.4608386313271	-0.0545763535886296	6.56800410481363	23.7431059103111	6.42520342001851	-5.90299766944898	-0.918118642589705
NA19703	1	ASW	African Ancestry in Southwest US	AFR	-228.970717682423	7.06826193631628	-4.7547554135727	-8.62602727167724	-1.84587794249947	11.087824076678	0.744559449639028	-5.38589102383678	-3.03119532656247	3.43487314979635	8.53454370646419	2.17080351062577	7.24211772564141	1.54762471511171	-5.14595965154573	-0.831008558153007	-3.19164766115056	18.0063819054845	10.5852223879254	1.49990156147371
NA19704	2	ASW	African Ancestry in Southwest US	AFR	-229.941754134627	5.8585300217542	-3.2010817954196	-6.6003105611604	-1.91957967654371	5.18169219245065	-2.51931852311285	-10.585780143103	-1.09698720023997	-5.05109612217864	0.928812782327993	-16.461530090524	-4.28784578295629	2.23184660409812	-3.9445614205607	4.64921150767357	31.9038604722657	-7.961430858521	15.6973559519769	19.0278001991089
NA19707	2	ASW	African Ancestry in Southwest US	AFR	-181.984247153048	20.4492436054288	-6.85781844558986	-11.8948807894701	-4.39933347986175	13.2123931809619	-3.67786413197273	-0.13756342661916	-2.6787892118672	-9.60553035625344	11.7742669269039	-6.23207548141179	3.37807333495096	13.1706383977986	5.66851791626234	3.65363606041989	-2.51636742912124	0.44355974602847	16.6835756458824	-32.6087841738886
NA19711	1	ASW	African Ancestry in Southwest US	AFR	-244.722378125585	0.492586335782266	-5.06724054478177	-5.27560148979893	-3.11119873174488	8.72058168175276	-3.15937578801253	-8.27415436833354	-0.991058815149937	-12.3197227417986	2.90038132760011	-6.54952649358134	-2.48262434069551	1.94502742980326	1.89165228366504	-3.95403822136723	10.3168073518926	29.8855246339558	16.9401254395998	8.33791955532755
NA19712	2	ASW	African Ancestry in Southwest US	AFR	-243.72349565734	-1.63917616544696	-3.07546743648807	-3.66624630002066	-2.73072044525919	0.449694393986356	-0.154741768575279	-8.27276182499177	-1.49690235588886	1.38395829304608	4.10970343197146	-1.0548802156759	-6.98376174563305	9.20786480653111	1.40726705370019	-7.46012646447392	6.47647221921641	-1.81246729976785	-17.5264313905874	3.92890792171626
NA19713	2	ASW	African Ancestry in Southwest US	AFR	-188.903804524938	23.9058445194136	-5.72605587381039	-14.7865717941133	-1.11875857899277	5.32883190287301	-1.69713703969501	-6.16892184425301	-1.99827536827726	-7.70660638216709	9.49983524293524	-14.5368556135499	2.57116686380056	14.03588267384	7.54279637173969	5.9454137097755	-8.03727755067738	1.48396255485464	11.7550837760013	-9.86499685852787
NA19716	2	MXL	Mexican Ancestry in Los Angeles, California	AMR	85.6394759389472	12.8468545805524	-95.914116925447	97.2257939830208	4.34194366815365	-1.65566026378439	1.5162731091411	1.82943527410958	3.24797823468047	2.17519578241802	-2.74457500188029	10.4208809820912	-15.1413323990668	6.68722195218485	5.3299471539822	10.5839987290831	-5.91098204631004	61.5336691723386	30.8303486380527	15.5651856369392
NA19717	1	MXL	Mexican Ancestry in Los Angeles, California	AMR	92.6903799439452	5.9786943748986	-102.643514974671	110.638400748016	6.05316305561334	-1.00007249810823	-0.176408269494321	0.301802136031151	1.247040650429	3.62444890267414	-4.03446169436532	-1.00580125809672	-7.44742259420421	-0.902604404592966	5.39692551741528	-2.28931720692963	-6.87549525872852	50.7864666034112	24.0372576073649	15.1005390454873
NA19719	2	MXL	Mexican Ancestry in Los Angeles, California	AMR	79.4432446828854	40.8191116477545	-81.3386628107341	63.8099042202645	12.3517863795762	-2.86795936960099	6.12471853338806	-3.53186695081539	0.239164004914925	4.4527878111372	-6.91300858675335	8.67329080316839	-7.84575606507057	2.88972840230881	8.153368253972	2.29439026697276	-0.486503955977493	46.9353404600005	19.1194820876423	5.18750560470838
NA19720	1	MXL	Mexican Ancestry in Los Angeles, California	AMR	89.3682630204735	-6.19986848585434	-111.147233759249	122.705054599287	1.77048494643575	0.140010531469543	-1.49096600939964	1.15397160052	1.39314699694446	0.64673723786927	-4.39664191301809	10.6072714850365	-11.324423146426	3.10265188597989	11.1147021376144	3.39734461302677	-9.68030784671399	58.5175181278055	27.9927499363111	16.9716557411399
NA19722	2	MXL	Mexican Ancestry in Los Angeles, California	AMR	86.1169699708603	28.90050284622	-86.159065279332	78.5697980775188	7.98006216407074	-1.60326681602194	2.41138197007892	-1.52953750518736	1.60649957547265	0.690199012339767	2.1457349396515	8.63241373576325	-3.64855602607033	-0.270461170781548	2.22212015819874	0.375333112959425	-2.07404003439914	50.7226524725695	24.9390407235922	11.6387285209026
NA19723	1	MXL	Mexican Ancestry in Los Angeles, California	AMR	73.7443336386907	19.4521953743704	-89.6213746287016	86.8802995823148	6.45944419901935	-2.31610701323124	1.2687874939656	2.65178874261984	-4.19499637410966	-2.16001083374502	5.69792137858862	9.3888796883587	-2.91568296821487	-6.57941106983724	-0.787748343104909	-4.35455280804842	-3.3344481441211	47.3832328025402	42.276773194604	14.7958887255968
NA19725	2	MXL	Mexican Ancestry in Los Angeles, California	AMR	85.3102118807771	58.3365350792259	-73.0068357487305	44.5245292913683	12.4604043073646	-1.00682296278063	4.97364026291352	-0.995082287196878	0.87585034025083	-0.196793039928051	-2.01578246107406	6.03542369504302	-7.51450726578764	-2.26181805666611	5.59029001369255	-4.12791248910729	-7.6751168166727	30.6806867791534	27.8414918041591	17.3437561278392
NA19726	1	MXL	Mexican Ancestry in Los Angeles, California	AMR	103.993541335563	2.277950889352	-105.240138689509	115.737082490571	2.18401499061466	-1.62422408134688	-0.513735321974554	-1.21463035818996	3.30236500109074	-0.105066107287468	0.406804808814672	7.09543602919748	-4.4188768279908	-3.99789999443301	2.14655349816126	-0.558435012683589	-2.09804973095901	51.5874694662222	30.9391612172466	16.6955967720395
NA19728	2	MXL	Mexican Ancestry in Los Angeles, California	AMR	117.859943820319	-59.8953927184192	-144.908743411435	194.747866901448	-12.5296452396827	0.501423173065284	-7.90054006293195	0.729600840820595	2.13560064140574	-0.598219062006266	0.896788879017934	0.315059095409728	-4.0466365718995	0.855271801227217	2.51411668068162	8.79713458480548	-5.65213027834521	64.2513208049616	29.913790955697	17.4722809216648
NA19729	1	MXL	Mexican Ancestry in Los Angeles, California	AMR	115.216477479184	-55.8433419052386	-144.13837822012	185.83053096229	-10.0537578853419	0.818440314992353	-5.00077885081253	0.548006320547762	3.52336055361451	-0.971670414474448	5.27172604418194	7.89428004894404	-6.30752683187637	3.76538815641643	9.14170601772756	4.63690870550604	-5.02008638108471	70.5482040168408	28.7837470229697	16.9319192865787
NA19731	2	MXL	Mexican Ancestry in Los Angeles, California	AMR	119.867363278095	-67.4444470780327	-151.556813155013	206.680257771373	-11.2734859994999	1.64008610423748	-3.58791601366614	0.175762222437999	-4.15989251595869	-1.33336625717622	-2.8359878427944	11.8533077022734	-11.0685138267839	0.213197968128322	7.40654117470141	12.9389127467944	-2.87957301563061	69.0957851422526	29.6861128103052	14.5013657196287
NA19732	1	MXL	Mexican Ancestry in Los Angeles, California	AMR	121.165440864956	-65.9651817958325	-152.174767300782	202.705895769767	-11.4926122405959	2.59128149092278	-4.72414889464081	1.08001058800483	1.1711607750549	1.80076258369835	-3.36073742213606	8.39656907836677	-9.64538646872613	5.31324934447659	9.89762508088345	12.1147212275394	-1.35014346836124	74.1424603696004	32.2688584683693	17.5215123294229
NA19734	2	MXL	Mexican Ancestry in Los Angeles, California	AMR	103.17804658685	2.39209823196824	-110.133702157186	119.814634506688	-0.66434608625114	0.00826601805372826	-1.91782650986209	-0.741930333717633	2.83806238927764	-0.750157040817078	-3.57611173461631	7.97465632579819	-7.29694794007759	-1.97925491629745	4.92826174742455	8.93249137658209	-3.11612141185269	50.3796813948876	30.6605340247097	16.2626486863842
NA19735	1	MXL	Mexican Ancestry in Los Angeles, California	AMR	109.102460482842	-46.4543949472272	-135.884972916539	174.207046326662	-4.27074716798091	2.02492928214163	-5.85311227807472	1.45287085420199	-1.15675772392282	0.686338249552112	-2.96907186705431	12.6767874458269	-12.4481259745932	5.53518389786596	8.48010872299751	9.61062236443199	-5.71279658881165	68.0834572155396	30.1284059347386	14.8878084121936
NA19740	2	MXL	Mexican Ancestry in Los Angeles, California	AMR	102.936536440315	-29.3018938758265	-124.729937128154	148.006056810315	-4.86783482708212	1.30338820817766	1.76145312660215	-0.643856844677389	-0.690920351382659	1.57718934294528	-0.220170029260916	5.30722836722992	-9.63181110624756	8.39917501337074	5.71371085482773	8.02703653378503	-3.45875766431343	66.4118488644043	29.4095860646578	13.9226408560289
NA19741	1	MXL	Mexican Ancestry in Los Angeles, California	AMR	113.520430544185	-43.2939791633899	-136.957779320657	172.025367716744	-6.49000954419974	0.559198264769802	-2.97595980541178	0.116438476137529	3.4156901989016	1.81905025900677	-2.73326266750498	9.2405793507884	-12.1071545928412	3.45197100711704	6.24953398561445	10.2152244855373	-4.16067906288549	68.2035026800679	31.8804319351874	20.1246964144824
NA19746	2	MXL	Mexican Ancestry in Los Angeles, California	AMR	97.8287714393559	-15.0156477383874	-114.436296942472	134.312830820737	0.409100566394198	-1.48865574118733	3.01726104208426	1.40214248645377	-0.249847122366294	-1.62405193104353	-2.03018577358833	9.71640486629333	-9.13253381873765	-2.74675026957578	11.1409284382679	6.72739189662829	-4.79342730239367	71.9864091007574	36.3852593853799	20.8486879482882
NA19747	1	MXL	Mexican Ancestry in Los Angeles, California	AMR	94.9091865521382	19.6048383008108	-94.0007593825789	91.3067650198956	7.00787188430232	0.244459948510745	-2.04681354367741	-0.363642311142857	1.36616607930341	-3.41324844351115	0.152780882688223	11.4221702157967	-7.20970433073239	-3.09949044120944	5.31043999959973	2.13852198820238	-2.91838486245174	52.4308504860338	24.041878885948	10.8813698239157
NA19749	2	MXL	Mexican Ancestry in Los Angeles, California	AMR	88.0662301612365	36.1864624655971	-64.1128864198805	39.3093800884491	5.7486127653596	-1.68162622116234	-1.19041465494073	-1.46049779201241	-2.43079413260617	-0.544985362553934	2.5080101380827	2.53404560910633	0.243488813753865	2.22419126886164	2.75653175436517	8.01950663326727	-3.87053078732361	32.995516070215	18.7292623887337	12.6913547414027
NA19750	1	MXL	Mexican Ancestry in Los Angeles, California	AMR	85.8889805109341	72.3193874371323	-65.2859269256656	27.7956566492585	15.7633322876117	-1.18635133664527	6.47462164409145	-1.90955305199003	6.83004501541343	-0.746723121082887	-7.73201419478143	4.43185865721249	-4.95022042401304	2.61868943216349	6.94016852860139	1.91014552401071	-0.84349921732715	23.5629318048544	20.782830404957	7.35225345310492
NA19752	2	MXL	Mexican Ancestry in Los Angeles, California	AMR	94.0516874409813	26.6039029818278	-92.3130696290045	85.40658903064	4.82918587245235	0.568499752827015	1.46480677958228	1.58111863828255	-0.154909570667291	1.64013461472674	-2.4503925979447	11.7302176179788	-3.5487288612525	-0.235564160262681	5.04859991254766	-2.79970449020051	-2.87530840067628	41.6753295435491	24.4715900787121	13.8294043568728
NA19755	2	MXL	Mexican Ancestry in Los Angeles, California	AMR	91.0213368776285	-14.5966148620521	-111.967639791086	128.943159931579	1.54716036654291	-0.818032495204748	-2.12605226668033	-1.35416028938812	1.51265554145191	2.74025708661195	-7.99439211961155	6.73035769371687	-9.73375393511135	6.03842159513061	4.39008506472621	6.39735875146978	-5.37273119594079	66.2243109926783	29.5640709619395	16.3055563130469
NA19756	1	MXL	Mexican Ancestry in Los Angeles, California	AMR	80.2238251454373	22.76933283979	-86.7243239109069	80.8854735420996	6.64618977482704	-4.08776961282073	2.69248223344869	2.99570507045506	-0.597131318131405	2.99545724596787	-5.22464508821825	3.12788965041432	-10.0554458014398	3.68106854383765	10.5716388854851	1.02197130404948	-2.13512293422372	46.8790785876422	20.5258586033859	6.85002455135516
NA19758	2	MXL	Mexican Ancestry in Los Angeles, California	AMR	107.416909736027	-28.1981762163136	-126.56865948295	154.722983545168	-4.96666581779773	-0.207049193553041	-4.70137244016009	0.129207522501805	-0.660869002728053	-1.48148643533016	2.32268039026938	11.5462373551648	-6.03672251849162	7.51025770768965	3.00120643567528	7.85817790796694	-6.57799432648595	59.0153495320738	29.0132389328333	17.6945519393961
NA19759	1	MXL	Mexican Ancestry in Los Angeles, California	AMR	105.709079459647	-25.0681464888228	-122.955565450021	149.844991174877	-2.15517162362155	-1.62659798145816	-3.90949060489744	0.335377227032414	1.60543401093436	1.71272661630732	0.729463306081135	10.0124655015724	-4.12404547828752	2.48154674646012	0.570105930032691	4.79228137683003	-2.45369552843001	58.4101997545938	21.3239036043284	14.8210718042027
NA19761	2	MXL	Mexican Ancestry in Los Angeles, California	AMR	85.2799173803703	13.6561020310862	-96.4325786995604	98.8743981664974	5.73837195368364	-0.573928148942314	4.06088947536459	-0.911193425836489	-4.08622845004131	3.12985617179463	-5.20422221584964	5.09314115957183	-5.42359663898165	2.06880512440789	5.30031362461689	7.27188100828913	-8.0421954915816	57.608390638761	25.4319553209764	16.1722540695287
NA19762	1	MXL	Mexican Ancestry in Los Angeles, California	AMR	85.6414743945711	-1.52427767940864	-107.025596112915	117.09744256892	1.84864026846886	-2.48851736707418	-1.28952246999984	1.807962240988	-1.03427947429525	0.267493811304838	-2.93657999990579	5.15209215465694	-10.3778583841061	4.86198251046552	8.88467864981724	6.56737134227391	-1.9635270796754	59.3434314263269	28.3859781876517	23.8363564174256
NA19764	2	MXL	Mexican Ancestry in Los Angeles, California	AMR	82.2047284046361	49.0138373664141	-76.3833185858917	53.8359355062823	12.8871137853477	-0.506451484967097	0.436500411352308	-2.49514626718043	3.0441688362482	-1.77785972831162	4.29710071989348	10.519565314737	3.26035503962648	0.58048393217187	5.68130038985788	2.55782458857942	-3.93524470940789	41.1615705919545	29.6654374368331	19.7900919947743
NA19770	2	MXL	Mexican Ancestry in Los Angeles, California	AMR	81.9453727628128	44.3250771193831	-79.9933398007928	59.9152960305492	11.2846793422441	-0.979974839625581	3.93527603383722	0.621440139458154	-1.22784809511695	0.117645102561354	5.50744128594659	16.9176992522859	0.36556211446588	-4.22530879971732	7.42384420353278	5.7246966245621	-6.45745161887052	53.4011327315829	35.8161992254858	14.0977138102589
NA19771	1	MXL	Mexican Ancestry in Los Angeles, California	AMR	87.1101364332176	24.0723183259654	-91.7210321489595	86.8301072896464	7.42709912047118	-1.16027810142423	5.74496584791652	0.349395746091194	-0.588509478236652	3.21173158204396	-0.848740449710115	8.44571848118909	-7.98305100883672	0.825588295727235	11.1191095490143	2.82998847613796	-5.5308228117999	58.1908447945035	33.3748596750539	16.3408897696961
NA19773	2	MXL	Mexican Ancestry in Los Angeles, California	AMR	90.4582095617158	52.6583647898281	-72.2290119503127	50.6322941640318	16.9097383873084	-2.7178962661009	5.34725354651996	-2.43561104964333	-1.14859245164759	-0.28444260942002	5.29562997933606	9.24298775632525	-2.77195076569644	-4.1287543039659	2.22489259488839	0.0192379833531396	-4.74762074860129	35.0417897809279	20.7740346289199	13.6046230681988
NA19774	1	MXL	Mexican Ancestry in Los Angeles, California	AMR	82.0380381125122	27.707220586851	-86.9390614560697	80.3398077422854	7.6827368139349	-0.597573684322179	1.18697848710398	-0.308737466607768	-0.493659492453918	2.59176449470862	-3.71699551203222	13.3463861716507	-14.4824259969266	1.71980390277922	2.84162464017033	4.79473370992547	-2.13656850795688	59.9599989653303	24.6233930512528	21.6288290325573
NA19776	2	MXL	Mexican Ancestry in Los Angeles, California	AMR	67.1019323693527	28.2118689566484	-82.4694433643725	77.3173828358997	8.29408548501388	-2.90352479393717	1.0740816486504	0.471228973839272	-2.06715529841477	3.68815550131342	3.98700759131535	3.6612893704948	0.904971109489014	-5.87884095332785	4.96580439875175	3.61172455280285	-3.64365377621246	44.140420234131	29.6973444293459	14.8569445322523
NA19777	1	MXL	Mexican Ancestry in Los Angeles, California	AMR	71.7962753043652	32.790606178748	-79.6550543041111	68.1345778973941	9.0712715805963	-1.05906100871507	2.58358302850277	-1.42763820566694	-0.0759655992576831	1.51730921991091	-1.10557464236171	17.6388018558275	-7.68507697997828	-1.08898534601196	0.217935064627165	-1.55961166882933	0.709250855055315	51.2176836087537	29.3553701952482	5.57198224493609
NA19779	2	MXL	Mexican Ancestry in Los Angeles, California	AMR	82.9439066276924	65.5306048216747	-64.9447708473689	35.2904042894366	16.9911545304303	-0.596144741922633	3.71973418265719	-0.283711067914937	1.04747318794702	3.27643099245146	2.62669455914029	9.81638765346255	3.52385573685036	-5.549746450928	4.20515816628319	-0.705873617138438	-0.6027212525446	24.3416938334636	17.3221224599418	11.0150387040648
NA19780	1	MXL	Mexican Ancestry in Los Angeles, California	AMR	86.1949594901435	57.4163689547827	-73.8923634700301	51.6184031569897	15.3916610753396	-2.74020719899148	2.22457897378424	0.830558019925583	-1.42817239736713	-3.19890093653379	-0.439319231092963	11.5084197274751	-2.61130123458585	-3.27402452908685	2.72043393178504	11.4958838754727	-5.09577494340309	32.016261281377	21.8206284425045	15.6887041550192
NA19782	2	MXL	Mexican Ancestry in Los Angeles, California	AMR	80.0417276861574	29.4890126117076	-82.5440437209459	74.3991237472329	11.3154457250191	-0.442416781135699	1.17737159639302	1.69661838590495	0.241755304611779	0.0563388309926478	-2.02334883797628	7.6259061018108	-0.67962027285949	-4.64454689956697	-3.02466993745927	2.95010458829647	-4.27124011963829	44.0428907154669	27.2444798645405	11.1282134183637
NA19783	1	MXL	Mexican Ancestry in Los Angeles, California	AMR	108.041195859394	-18.2297300988965	-122.562404153581	145.173487979165	-1.87003204677941	-0.840234633872742	-3.5674668414376	1.48833463823965	-2.40264153822016	-1.74364831084081	-4.16110207395961	3.43566824956364	-7.26365057388083	2.70250837940349	0.820102294140966	5.96792434153062	-0.391010217376303	63.2228280037817	33.9758961125004	16.3216465093519
NA19785	2	MXL	Mexican Ancestry in Los Angeles, California	AMR	90.9196084679203	-13.946199929922	-115.332482513747	136.07750588167	-1.20039572521008	-2.23675353592828	-2.46563050516748	-0.45049549178482	-2.7076086431476	0.46478208524032	1.12058400058698	9.25764954451201	-7.29980797912863	-2.17446941525937	4.32165065383988	3.26236783963385	-8.60453388210425	67.3643297604684	31.8586666781708	20.6266412835632
NA19786	1	MXL	Mexican Ancestry in Los Angeles, California	AMR	93.5763136923251	7.2031363266832	-101.534511751268	106.915662083527	8.85457866528966	-0.609782987406521	1.78077937963496	0.68583638865856	2.62285818400342	2.00101705555324	-0.0175825204471922	8.33074841039531	-6.50860540543956	-0.752812453862302	4.69646023878823	1.96274403691571	-3.48045123579838	36.9856896317811	23.924749765765	14.935413559498
NA19788	2	MXL	Mexican Ancestry in Los Angeles, California	AMR	91.7839456090981	-7.21190165030601	-104.554787063016	120.255858895842	1.57911411507303	0.807051727968273	2.80989504040075	0.409724988828288	0.5795316519529	-0.682682370791705	0.0330340857004787	10.1048239308551	-4.11875361267358	-4.63456963792024	-3.36632544980357	7.52913471353916	-1.37677821673254	54.952597507041	25.9745601211212	13.2080075436103
NA19789	1	MXL	Mexican Ancestry in Los Angeles, California	AMR	77.2100204069186	32.6578680899	-77.1203116973444	70.7550389966019	12.1100702568789	-3.74524872318721	5.19067059658615	0.202728729817612	-1.99223977620231	-1.57401488471132	-0.986277705219648	10.0519090825937	0.977940321821309	-2.40869783640151	0.736806807250561	2.79545883623255	-2.91932719663105	42.8581581939376	22.7582988982724	17.0225242703557
NA19792	1	MXL	Mexican Ancestry in Los Angeles, California	AMR	77.2819761352184	61.9973809294565	-63.6505130118159	37.3829302017611	13.9517111622801	-0.337354373069381	6.22633142851374	-0.173457317063956	0.860318311936732	4.2645166671916	0.776983859728202	7.34450487927009	0.338355559692507	-0.87638934250617	3.22303072634366	0.687078093381015	-0.959385216122686	35.4284274518442	21.2646543585487	9.14404310292486
NA19794	2	MXL	Mexican Ancestry in Los Angeles, California	AMR	86.603484192209	67.846736287472	-69.0969488897579	36.1351128197276	18.7010317051258	-2.60989259151733	3.31104478510064	-2.03322840792775	1.5846124355722	3.72175220630883	-5.49675850505595	1.57756635877468	-3.44104014301316	-6.66416685319255	-3.00896037717367	0.453180152179377	-0.65821495197175	27.2476313801146	17.5787857915924	5.67492758491002
NA19795	1	MXL	Mexican Ancestry in Los Angeles, California	AMR	80.81799737067	27.0108443212306	-90.0249647597956	82.8406581917482	9.02933540690321	-3.5252019018996	-1.92010119068945	0.541218126240196	2.51283319009355	-0.314328090236685	-5.61350486592938	4.91564820420178	-7.05821373982125	-0.884019055404972	1.80537823666268	4.7612122212162	-7.97410697024512	46.5807504184699	32.0336544157894	14.957934194111
NA19818	1	ASW	African Ancestry in Southwest US	AFR	-181.661934593409	22.6155996136724	-8.21229914951628	-8.74425229485785	-6.56654875357711	6.64204020706214	-4.65543088245801	-16.5559113014015	-3.91883227089939	-6.93396783140944	14.1587366788295	-4.78445942093355	1.64862872564131	11.5931719757336	7.59881517253863	5.37447568610362	14.7560854581178	-3.3482285730656	33.8467130122865	-24.0066953128127
NA19819	2	ASW	African Ancestry in Southwest US	AFR	-179.850460870261	26.4982416442365	-6.76128503073071	-9.63662537051302	-4.59666217730276	3.66396216166492	-0.19355466894155	-1.02046291447966	-0.0939337335394505	-18.8247344206537	3.16218015378635	-9.2026430865324	2.77063061958321	11.4863400715516	4.30568953401121	0.515583208725257	7.35255696679031	0.35922443970989	12.0802395630345	-9.49449500661683
NA19834	1	ASW	African Ancestry in Southwest US	AFR	-194.226602297015	22.6176856809958	-5.7267236284315	-11.9200654817465	-5.27035817780181	2.62926000389827	-4.36123029856211	-6.81611506893751	-4.87197229775935	-16.3346660974521	-2.38513615946307	-12.6001437979152	4.06916754406065	16.0774623646033	8.26416037109861	11.3419685112544	43.0873781233811	8.03673157225306	14.4976464227771	-0.840087476115551
NA19835	2	ASW	African Ancestry in Southwest US	AFR	-224.187736833169	6.78133530966015	-4.26470327212722	-8.94263883916128	-5.96299404184769	12.5691724104285	-3.48959897513453	-2.64455962369951	-5.59213083994326	-9.62544070951113	6.44081010976436	1.03291830700726	-4.85659045058564	8.21420251491023	-2.18386223520618	4.05351330047375	11.7428405102484	7.83515762209797	23.1390142987909	-52.7498220256227
NA19900	1	ASW	African Ancestry in Southwest US	AFR	-222.197841212678	7.47996487490841	-3.17326733561179	-7.41174711657858	-2.99765775625357	0.175936225390904	-3.22416358787898	-4.90988226991945	0.546884624455834	-2.71246178790101	-0.0412160959424883	-7.0770516265683	2.52617028223666	5.84336588928284	-1.60882686581986	-1.27022365904801	0.467099985000749	3.95726574926462	-31.8292880864352	-24.7689107513461
NA19901	2	ASW	African Ancestry in Southwest US	AFR	-252.66292611885	-3.94437005010815	-3.18062674516294	-0.789216764445338	-1.58197938088652	2.13349133859223	1.38667115139702	-2.68266632981652	0.434904258282493	-5.1645349972244	1.6879861684825	-1.21913055016654	-11.9619964479423	5.37975233490612	6.8393309370366	2.18618297921931	13.4387545409841	-0.00387390321406281	-50.1601792658384	18.8632451987482
NA19904	1	ASW	African Ancestry in Southwest US	AFR	-217.435200525582	11.2956866503958	-5.60846351210147	-9.9414506303801	-5.62577930892345	8.54048529830554	-1.7858241949364	-7.74689126603268	-5.43281779644305	-1.58962968300056	5.41962025972216	-4.22511537509865	2.27892332063799	8.95751391675358	3.03903940708338	0.678392520969565	-0.00664440276218086	22.8006232764367	19.2237556619873	11.5754246320113
NA19908	1	ASW	African Ancestry in Southwest US	AFR	-245.198711654503	0.642588110000804	-4.27908906948173	-4.82756979047597	-1.02743673273108	10.9840643142106	-1.95549692111202	-13.858689986478	-4.12362395568976	-6.93413319095331	-5.24991777891305	-6.33056360039161	-1.88304421002091	4.86742020445039	-4.52902625691408	3.46691100001419	21.7688194661477	6.90846101529291	-11.4178730849229	1.13603160351207
NA19909	2	ASW	African Ancestry in Southwest US	AFR	-239.045112696628	-0.3632711941169	-5.51935367904087	1.75076585029132	-0.58692697182465	2.04460278531417	-0.369508115043608	-5.95352936955399	-4.02294600504675	-4.00226606104114	-1.89563346223229	-4.17477387937944	-6.47777086252692	3.95402322696318	2.49664954183352	-3.30765574289701	17.4276470638959	-16.1668667475188	5.83261649478767	-3.32881515856714
NA19914	2	ASW	African Ancestry in Southwest US	AFR	-173.311244945317	28.2067413286819	-8.85328490883234	-11.9868938157121	-1.1053070035935	5.52234383871321	-4.25758962963588	-7.13875434710852	-3.42161911860655	-6.7190447358943	4.43132363834048	-3.75591476160533	-1.7864436300534	15.9613799778306	1.0784751999345	7.04626011808495	-5.04109229128085	-19.5449576588188	11.6132973955818	-7.96673358742138
NA19916	1	ASW	African Ancestry in Southwest US	AFR	-245.311835806065	0.0788208317551835	-1.85556158744027	-5.15451805050728	-2.41805846495753	4.23210960931882	-2.04469109950773	0.798433100545566	2.79894092293478	-2.03392526770978	1.63232287501403	2.48147664195199	-12.1043141285849	13.7448325251435	-4.63903077723817	3.34356612081752	27.3469129266115	-18.1376706759019	28.5283932753243	16.5382205249646
NA19917	2	ASW	African Ancestry in Southwest US	AFR	-253.381252841816	-3.05881954620772	-3.22815632551498	-3.46325656806301	-4.13216918247103	-1.14123668589351	-1.52542066612719	-3.36493216278228	-4.8286010844827	-1.60711610205785	-7.67722948645527	1.92115906848419	-1.19106998350837	8.1145401134715	-3.63561260259785	11.5151228570076	16.5807757671107	2.4512105060082	-17.9173627469167	-10.0716422075361
NA19920	1	ASW	African Ancestry in Southwest US	AFR	-252.706343314775	-1.80983600749756	-4.11374911239246	-4.11893641495569	1.90544982709263	0.429180225766221	0.698834212727563	-5.34212587458842	-2.32770200341256	-18.3763300404735	-0.797011129412671	0.396287585920051	3.80859274656839	4.89007368808885	6.819178432287	9.12462900134807	37.149692906801	8.1118149214593	8.70439053392559	21.3215395049778
NA19921	2	ASW	African Ancestry in Southwest US	AFR	-121.36132852593	25.7822178382005	-22.5799929071925	5.83324862068068	-5.33676215297388	4.13326293068139	-2.94949862922259	-2.42667944185636	0.69145994332171	-7.31344868152455	7.3743154070895	-4.33497509744342	-2.03695509595967	13.3470700561682	-1.0330261577695	0.810736601421407	-11.9057603328108	21.9983501831603	-11.045659274604	6.40798188860629
NA19922	1	ASW	African Ancestry in Southwest US	AFR	-174.274165230744	27.8939268275716	-9.18415503542072	-11.6952081972969	-5.72851874742329	7.20994234967119	-2.00224334028633	-4.12148425007078	-5.42732682068984	-8.08625719633529	7.57472806685048	-3.91584543924738	-2.77619499908539	5.35026841865136	7.22759386369483	4.19876004867212	0.49523031667334	18.8934225578502	-1.77058650447532	9.08543239322308
NA19923	2	ASW	African Ancestry in Southwest US	AFR	-140.715332220662	44.8377983492376	-9.21101967680667	-18.1911041495546	-4.69495580282074	4.24956204608408	-4.0153287855509	-4.33787109710441	-7.31427793189916	-3.51061477116003	12.8989372613599	-3.34589627467295	-4.24522234333898	14.4486941988914	6.58267004475184	-5.31387165692904	6.02258238463044	3.73962693458248	0.248007440133382	-7.83786765079232
NA19982	1	ASW	African Ancestry in Southwest US	AFR	-240.648154333519	-0.461613171765064	-2.97747710781415	-6.26608877219438	-4.42249445561545	10.453280193097	-0.286614705711224	-6.35099822224588	-3.37687344173475	-9.72158957204915	3.02780157467685	6.64988274876873	-5.29000388566732	11.9772520722905	7.67333220443572	11.4497594811116	9.54267219451524	1.35561308277632	8.70931437775527	7.64250037929952
NA19984	1	ASW	African Ancestry in Southwest US	AFR	-237.869692668932	2.06408351662678	-5.42546179948264	-5.24210183523117	-2.32989357121846	11.7076588094688	-2.36985608332127	-3.68091620097706	-0.893364438037616	0.374139230356034	7.66237803221396	-10.626934631043	2.79271633304295	8.54922240821944	4.67107379772117	1.17470853286002	3.46730907423113	-20.7438471176382	2.77798129868681	-15.5320473941246
NA20126	1	ASW	African Ancestry in Southwest US	AFR	-171.379897076692	26.9508576763123	-10.17739494082	-14.6909852809263	-4.25841815920529	6.01679914089451	-4.21957898703947	-4.62666698143482	-0.5539809373346	-12.2692012721483	19.3738402238632	-7.68200953265717	-2.41871815581202	10.3989339647195	0.237400821798342	18.5545728158438	7.7639735366974	-3.56954309926661	-4.47323750404013	6.65109626791292
NA20127	2	ASW	African Ancestry in Southwest US	AFR	-253.179644632705	-3.07209347333673	-2.82600999711697	-3.34662781648527	-1.09515022364602	3.3597625400641	-1.86599299453127	-2.34978266697629	-1.65540890213141	-10.2167784466999	1.15465120202156	8.01566195040296	-3.99417571735603	0.890954933940635	1.26337280010495	8.36985820628905	5.99961972516895	8.08667326474307	17.5046463982646	-21.714435946829
NA20276	2	ASW	African Ancestry in Southwest US	AFR	-217.523937348869	10.5326797698359	-4.98294595884199	-11.0610218079448	-0.359721826787937	6.98143818565803	-2.34170200810063	-2.15970296431005	0.761063801734112	-7.13807429688833	0.874563060299246	-9.43555502772763	-9.98842227322802	5.11979805262642	-3.03010893663732	4.09769430943873	14.1899470669804	-8.78400250782336	4.12705304641409	2.26284815205106
NA20278	1	ASW	African Ancestry in Southwest US	AFR	-92.3034222862777	63.2517274941725	-14.0109466944016	-22.7988561844259	-4.59054365133748	3.19026468927732	-3.19071916662903	-1.66188363858176	-0.844790452769524	2.09148296916129	13.5707379613243	-10.8791552529313	-1.62098136011666	9.40562735051641	1.09415956965888	5.58047545614368	-1.64371299669405	-0.387995432725051	2.88278980320227	7.79334735207097
NA20281	1	ASW	African Ancestry in Southwest US	AFR	-228.214085784511	8.01385063655401	-4.76014202823651	-8.58613691136442	-4.49713809816564	14.6503334387046	-5.26835555103922	-5.69676495609892	-3.26528462362164	-3.52066586698613	-4.69967373823346	-6.5315508631919	0.76830852781681	2.72355834186452	-1.44885739513711	6.54966345481332	12.9494327301382	-11.5056999133399	12.2568439104339	35.3873198864739
NA20282	2	ASW	African Ancestry in Southwest US	AFR	-185.898851800902	22.4547812202902	-9.76485992273384	-8.95678627894066	-3.22664571594243	7.36849194430167	-2.87149963384886	-3.83376774110927	-0.0377440168745114	-7.06243493681055	0.844638793232787	-12.2068904935358	-8.25773371922689	2.75512491923289	-4.71213401538143	8.73069719942637	14.1734222136748	5.17338526765277	26.3796337134955	-8.55709200718548
NA20287	2	ASW	African Ancestry in Southwest US	AFR	-222.346485617772	8.26144752052695	-4.79897260801931	-6.90013003340226	-0.466337043431711	6.7614153978468	0.582564606371798	-8.16188748010888	-1.5451229959628	-5.24636595503446	-8.73190129639756	-10.1219298678305	1.78330066084754	4.33025678253878	-2.50929678980776	5.71109651097279	9.43408521189932	15.5152574992597	-30.5369120257519	27.9096068325165
NA20289	2	ASW	African Ancestry in Southwest US	AFR	-207.089061432098	18.0580941233163	-5.74929051203134	-9.5104333955306	-2.6533287569793	7.08436759091056	0.835293243347256	-8.24755894237413	-6.40682007850237	-9.42826344440476	6.24668229637694	-10.096885542802	0.638776628391287	7.68241452255652	1.94692086938071	-5.28485991663688	11.2565532245995	-13.1210603717925	19.7922680717769	-9.59756135828048
NA20291	1	ASW	African Ancestry in Southwest US	AFR	-280.137668036195	-13.5129720996125	-0.957011975161666	-0.277642982376763	-0.82016060941516	-6.77562524369042	0.795239816634569	-5.93548816540903	-2.53531587153578	7.14280518466955	-3.52879034332359	-1.06092693666652	-6.61729216728206	5.84297046519589	-0.812419135074219	1.30376778079693	42.7140561561341	-1.4389767897656	-9.35852854172978	-14.8908739192341
NA20294	2	ASW	African Ancestry in Southwest US	AFR	-232.882659222384	3.33389843170785	-4.44376504510071	-5.8328449045616	-3.69980776729053	12.3031717540315	-5.121788776955	-4.97794645532078	0.888329834691623	-9.35969546406933	4.4786692100226	-5.99051484466942	-1.59556498031645	-0.418623000597543	-1.20401384234767	4.089445158876	10.0428498816515	3.98109726323101	20.1979738756326	12.2550076129492
NA20296	2	ASW	African Ancestry in Southwest US	AFR	-204.241361307584	13.0734556003081	-8.20688572039824	-11.5827819573188	-1.09367928978537	2.44228124087061	-2.26605340947628	-2.17781142871915	0.765377741386198	-13.2858002373619	2.16065424798895	5.66262611575512	-4.3711587650156	5.53581872418543	-9.32975481821183	-2.48368536707072	-3.50297768557152	0.414864923053867	-4.3438536418847	3.40517947026015
NA20298	1	ASW	African Ancestry in Southwest US	AFR	-262.301199014554	-8.99718132347449	-3.28537223319617	-1.11554294617414	-2.27674169097068	7.71768358840566	-4.46670642912758	-9.50660897829075	0.577224509413082	-3.13757467929304	2.17911177937271	-3.00196099725487	-5.45473792743293	-0.655049313088942	-1.76304253245237	5.18515489709993	10.2649175547242	13.7487168840457	0.53168434593004	-5.47260572218343
NA20299	2	ASW	African Ancestry in Southwest US	AFR	-55.6725538935652	-26.2702598860995	-66.6396489344316	81.1280507099579	-13.3031660404	3.57809651844434	-0.145760799382565	-2.99205448140877	2.01028451494141	0.546949572235348	2.4874346387879	3.38458084323418	-11.5748503406886	6.61089414093173	10.8218770388598	10.3944037257505	1.95127985600801	45.3214279129769	14.5263901934316	11.3973571549534
NA20314	2	ASW	African Ancestry in Southwest US	AFR	111.042584232257	-6.81134530820745	-103.085401037916	110.755700495952	-11.3218948961872	-0.492757513409809	-1.06010374291312	0.062356003789828	-0.884525938775372	-0.240824184337579	8.36959330877667	-2.62380784950603	-6.09237577445479	7.66347932430741	7.13889636160737	12.6194036621599	-7.12694061292841	45.6286971020868	15.748916199388	11.038177446125
NA20317	2	ASW	African Ancestry in Southwest US	AFR	-182.929820670721	29.9276609833105	-8.44841299851454	-12.3617444796533	-0.102864837532947	6.98778359874524	-1.82328597393039	-4.59001212141288	-1.81421867047573	-9.57993220978608	14.5865045387463	-5.01767477046962	-5.4696788835247	10.2494690687585	1.19795774627927	-4.11143380643705	-2.13321402354151	-3.67181438403369	6.68250518401137	-7.22805896555954
NA20320	2	ASW	African Ancestry in Southwest US	AFR	-245.428655217146	-3.99839863516484	-5.25420336017658	-1.72054968684443	-5.14037167027419	10.5719091083374	-2.32850852382275	-9.06617687937258	-0.0991661956652592	-6.2982872341811	5.10968182269946	3.53180057150297	-0.335018208519564	9.26419781694406	5.74759394978977	-4.88664295513997	17.8139679573256	-9.04252739415376	-0.756356706644749	10.5293786474345
NA20332	2	ASW	African Ancestry in Southwest US	AFR	-205.525147107882	15.1760833684176	-5.93550902106365	-8.09759788820654	-4.54439812004589	12.2090538040006	-2.1345581341715	-7.95293389086993	-5.08465864015813	0.208463423953655	4.91621800056393	-14.4451216062784	-4.20498552852171	9.05777667082062	1.98301300705211	2.78776767282077	8.23323206918292	7.15268168673918	4.65502604511045	-12.5248780437781
NA20334	2	ASW	African Ancestry in Southwest US	AFR	-148.141875757391	39.5039533916696	-8.802254123773	-16.454500102798	-5.21840148486498	6.14664141731531	-3.77688743171865	-6.93268169915528	-7.82910284259439	-3.61011347449215	12.9265111881631	-9.17185699605424	-6.44185095735	14.806629786624	-0.406091921912899	11.1487768891302	6.73693053111128	15.8463818040457	-14.0277150154565	-2.48270869851385
NA20339	2	ASW	African Ancestry in Southwest US	AFR	-239.662560245615	-5.50698911562031	-9.22794699269141	3.8606310040252	-3.39198190331089	3.38046027712404	-1.48559063985803	-5.03431535578645	4.84319958922626	-10.479209184143	-8.05590782527076	-7.81550100747408	-10.3370526450556	14.6624699616935	1.85513846379832	7.25534058031454	23.4189593853242	24.3421207122961	5.9712300758289	-4.3966021199623
NA20340	1	ASW	African Ancestry in Southwest US	AFR	-228.038343597837	5.27301106910265	-5.11555023127205	-6.55963602046397	-2.41339434033743	13.5311297342706	-3.39421699672636	-9.67666173496622	-3.97224419256315	-9.16876609454254	-5.14086750131417	-0.437942770380719	-5.92523622259245	3.91201062838812	11.4593277218576	6.71392333066576	13.733470305454	25.2518797662166	-26.7338645822855	24.1010095617862
NA20342	1	ASW	African Ancestry in Southwest US	AFR	-134.295926485808	41.3696904941957	-12.847427560088	-19.4968425398646	1.5111245493857	7.62255643298038	-0.357044792724219	-3.76131711113113	1.50612023750928	-6.01187797920516	-2.863133860635	-10.862806599023	-8.78244313846858	7.94590930142906	1.01151179425007	15.2115684340275	16.3528175782035	-0.621502826444674	11.5635642079706	6.7200995164622
NA20346	1	ASW	African Ancestry in Southwest US	AFR	-222.944266689956	4.02379215143201	-6.11746664146737	-6.32405762879275	-4.22537898022657	0.854745442199185	-3.91551083008861	-11.5289323610447	3.64887100286078	-3.4342171493121	5.72905877910136	-11.5344121839272	-0.142592922479057	6.47740082821924	3.9726343503606	2.75871443037171	10.2043273917119	37.5309612157668	-26.2644688097909	5.38260364400506
NA20348	1	ASW	African Ancestry in Southwest US	AFR	-226.711041841846	6.74153009469088	-3.73944418019677	-9.5381730475967	-3.03643153051958	1.98440164116214	-0.538856592948694	-4.04386891744121	-3.13322723167321	-2.62864434295087	2.5562662493078	-0.589392664592388	-5.27942211570408	6.54870030928707	-2.08628653927743	3.46896821368985	25.1518105013461	18.7574375394741	4.58802962331189	20.9584536619409
NA20351	1	ASW	African Ancestry in Southwest US	AFR	-161.112637155713	32.675310791652	-11.0242865254638	-14.5438197537978	-2.90914978294176	12.1715290833942	-2.27829343492697	-10.115642429376	-0.104796602189265	-10.1301391477361	-3.68439050191252	-6.73967174177646	-5.77577216742565	3.250687878819	8.9938693067745	18.3085588344315	9.76597444960244	-5.4692375587192	-27.0897345804418	-2.97350817529608
NA20356	1	ASW	African Ancestry in Southwest US	AFR	-239.222078473555	4.36593734527774	-3.52853097841759	-5.71618083776348	2.07477604045944	5.58517661711968	1.37278771566846	-6.74625568022356	0.4410283592591	-10.0571578159278	1.50859480292725	-0.71630096499001	-4.43378963991441	2.61610603811307	-0.24190650117229	6.27814754596932	10.3008309392974	11.2404752257549	17.551254060089	13.5516606926068
NA20357	2	ASW	African Ancestry in Southwest US	AFR	-247.004959585109	-3.02036936410446	-2.78501089454442	-3.52959622394299	-4.09387549045042	7.0793722385269	-3.93549264803274	-6.97565622732089	-2.14769377456323	-6.81890135296484	3.57433273428601	-0.355818665972203	-4.70072468430893	5.5847131839683	-1.18087945882647	-1.6358672317334	16.8240600495286	-6.93801808612095	-28.6578805042211	-0.34228297767263
NA20359	2	ASW	African Ancestry in Southwest US	AFR	-198.959663574238	17.3479331961773	-7.08837000743411	-11.2010617136379	-5.47125685769096	5.28367003663844	-4.78413267198776	-5.39083383098351	0.686659297793332	-12.0779589870867	11.7446530770732	1.6798952375606	4.48422118491333	7.50941239620725	6.40952629528019	1.36550656321588	2.69027068536924	6.64127546539293	19.0401023775424	-6.73174792954035
NA20412	2	ASW	African Ancestry in Southwest US	AFR	-196.619512402196	12.9270737570257	-9.94441919988062	-3.4226982207567	-3.81243949176782	10.3862588266298	-1.29879452616118	-8.77686228890794	-4.25909673569365	-1.69313188087413	4.32028952677969	-14.6192617183528	-6.49085044383934	2.36962898185855	-1.51616272017336	3.73734254751322	-6.86814717837796	11.2617676867497	22.630663052777	1.36957681824399
NA20502	2	TSI	Toscani in Italy	EUR	89.9701079574277	138.761157436244	-16.841114899271	-47.6388781408718	36.3362266647509	-2.23131270133979	14.1513992385657	-3.51484099907195	-2.99955338826434	-3.39110931511258	8.85724499310713	4.2255913912068	19.5343616703412	-33.9816457855271	-8.71087191489499	-21.1589643014606	2.88372825386061	4.42151238469391	-4.42132372968905	-4.4834016665573
NA20503	2	TSI	Toscani in Italy	EUR	89.2346822019667	141.19635394741	-19.8160056990361	-48.0195322407338	30.7525816850152	2.27094563324891	11.7063450420294	-2.82822660805814	-0.159214381401472	-4.94474909326565	10.0814717833714	0.480967574593549	27.7472140176602	-30.6997910503252	-10.1678909914469	-20.3802165066741	7.20895304217505	7.45369230095107	1.07327026146021	-1.3019033901562
NA20504	2	TSI	Toscani in Italy	EUR	90.1297324322234	136.809176899507	-16.3376860213247	-46.9708758269909	32.6778711211368	-1.70352828903201	11.5841201002239	-2.59322654903107	-5.60847234577469	-3.04953447355996	3.53974812044213	-0.753404803546882	23.8585402865221	-26.1762155379605	-12.0274414998587	-18.7522826396766	7.95163840206401	6.65911280141306	0.206838414632942	-2.72774337545702
NA20505	2	TSI	Toscani in Italy	EUR	87.3437431319388	141.740937698557	-21.3761924478572	-48.3106710183689	33.4343005075942	0.429476135683534	12.1520792556753	-2.76886803470464	-7.11558841635326	-3.27360430543028	11.1414569722536	8.31894800880132	27.0888670528524	-35.8183017007396	-11.50080607196	-15.0665656176542	2.01450737144796	8.56100460452778	-1.94670587596538	9.07067766101603
NA20506	2	TSI	Toscani in Italy	EUR	90.3810653667615	137.420505091729	-15.9377542704023	-44.708106344825	35.2676541063249	-0.814026376582916	14.7509888270116	-2.87836909139778	-9.40262185812387	-3.47550927093488	6.92833893005087	2.57928458335669	24.4737361635743	-33.1417988387836	-11.6621185772741	-26.1702562094167	4.83120013292111	12.368491727841	1.18448122174383	4.18912143978327
NA20507	2	TSI	Toscani in Italy	EUR	88.2373874991244	138.932763300738	-15.86327674635	-46.663458307005	33.0684242370677	-0.603363582880875	10.0985398542321	-3.9172911673137	1.97897125874017	-6.00438368860452	9.68160552538259	8.0256691753016	25.5203903988507	-25.3038620964002	-6.01676437342018	-19.9665663603735	4.94820047299304	-3.11786609707167	-2.57401345336995	1.57793556581797
NA20508	2	TSI	Toscani in Italy	EUR	88.603394745175	139.232331111753	-15.976912550675	-43.5263746693794	35.4185003454774	0.559012759143322	13.2145293640088	-2.58126325415567	-0.354955937130181	-1.81518520157371	13.6983256857093	1.02114650035437	27.712958178006	-32.4339049908671	-6.28900898709206	-19.5689392843652	5.24580868912632	7.29174287707967	-3.65921016635705	-3.54687018179604
NA20509	1	TSI	Toscani in Italy	EUR	88.2689142868577	138.778702536569	-19.6934268730149	-47.6409800288165	36.80166648043	-0.42949131030642	15.5082190661397	-3.59683325932922	-1.96214659949992	-0.653148117022525	6.05833089586232	8.99848947576356	25.8266419082224	-21.0531827491945	-13.7038347799663	-17.9449509999649	2.74050249032351	7.31553579056662	0.351320861974333	-2.02700694619217
NA20510	1	TSI	Toscani in Italy	EUR	87.9292853600366	136.667485145383	-18.5774977386157	-46.1539137304102	30.584612405437	-1.36304685636871	13.1155649370907	-3.28653754551286	-0.977736985746017	0.602291895808344	8.66942814231802	-0.149092113021882	31.5653327109111	-16.4914253793793	-10.8600556698797	-22.4268303629441	2.86381499752749	12.8386425412772	0.392193412394966	-0.0114470287124358
NA20511	1	TSI	Toscani in Italy	EUR	89.0960097635713	137.278435105014	-17.486001961598	-44.4472181757638	33.2594663937784	-2.70943120790555	9.81752024188149	-5.39647374691644	-8.067498414333	-3.29007289765142	12.1462953653016	1.77700685184956	16.6037377171916	-31.6233456349628	-5.87981037390068	-16.4207596969087	6.83606167459477	0.593334943375157	1.39995688043821	8.0631773485373
NA20512	1	TSI	Toscani in Italy	EUR	89.8645621693732	139.097663718773	-18.9592401672183	-49.2901309261732	35.017062616165	-1.41906635655577	13.7828078562266	-4.08860317343209	1.8057816241586	-6.08503883204899	8.62353520606301	7.3242345070187	33.5873082451295	-33.9478784537609	-8.53440766246323	-27.4359423500587	7.2444562434545	5.06459655585509	1.90569553588651	5.23629300848693
NA20513	1	TSI	Toscani in Italy	EUR	87.1797681006118	137.915082753911	-17.9682012336229	-46.4470476608111	37.156882863712	-0.9313345905817	14.0754510546379	-4.95171396802888	-5.56299016804512	-3.98989662006087	10.2369738410555	5.37336618546351	23.9691264768063	-33.5996218734417	-13.0504079701642	-13.606245267828	3.2902444638242	11.7725357737819	-0.351157080603907	-2.61791388293417
NA20514	2	TSI	Toscani in Italy	EUR	89.2166318902023	137.733018081212	-17.5669879461142	-48.3131148093715	37.0502465656806	-1.16057118948053	13.6606461559213	-1.96118436155396	1.26776023440138	-4.59537147565438	6.63613875717377	9.99175165021987	20.5031088016203	-32.124686332078	-7.77138842344091	-24.9872968832449	9.37848533218036	8.23641718311335	-2.0027923563118	-2.50948535718273
NA20515	1	TSI	Toscani in Italy	EUR	90.5816842986369	137.888949185926	-17.8884539792766	-45.8865808064507	29.8110735565482	-3.67241452048546	11.6261058105936	-5.24037056477114	-1.35470232185677	-3.62497490052503	10.4068051621509	3.23328017992783	21.3480202344927	-29.8567332421192	-13.3352036230468	-16.8791906014046	2.51586054139693	7.45832655558826	-1.67521525973698	2.41151816128276
NA20516	1	TSI	Toscani in Italy	EUR	89.3879110302052	136.983963034696	-17.1985176602727	-48.6945691598573	37.907095814218	-2.13431092681462	10.143309284045	-5.75560695933829	-1.75318186141373	-1.55053100571069	7.2788069967247	6.26931446834811	23.5369326693331	-30.5193715969979	-14.3074767616017	-18.2553716469538	3.81470740794118	5.3775198464791	0.593496238206808	-1.71578133502181
NA20517	2	TSI	Toscani in Italy	EUR	88.8624744719858	139.744841337552	-21.5244700464409	-49.1584130570866	36.4675272349291	-2.59745293921047	14.5817317609294	-3.72118139054102	-2.33202796475613	0.0677957387225237	6.31144803308845	3.73546001994144	24.0305194905031	-31.932040326618	-3.05742923690186	-18.6319897235726	5.26817460286528	12.1908954103965	0.780235595523623	-6.90132338944442
NA20518	1	TSI	Toscani in Italy	EUR	89.6919926107235	141.151726934577	-20.9316634462831	-46.8885493071985	31.4967775387429	0.0688047190566649	12.6208961832314	-5.38199654737523	-1.60899079556045	-2.3720245299681	11.988752230731	3.56827316440123	24.2564363082017	-32.352242949352	-15.8813469051039	-29.244286446101	7.64101295152815	-0.605984365186912	1.41401072328065	-3.43286954579445
NA20519	1	TSI	Toscani in Italy	EUR	87.0414469444556	139.494478692676	-18.5683129020141	-47.165005956656	36.7037339265091	0.551355826426989	13.4741745299484	-3.01511353358881	-0.0987640106236376	-4.19959664381865	9.23938724644784	7.60660041994544	31.7028188336517	-26.927714549828	-8.20117994767427	-14.0021770907605	10.1470104955738	0.749006954147251	-0.0610278216416999	1.26868541629007
NA20520	1	TSI	Toscani in Italy	EUR	87.2331649707431	138.106123055116	-17.6157364743924	-50.1706842592231	33.2406460359117	-0.425449290569069	11.9264662847376	-5.34063253768698	-3.22210857846621	-2.40220077660005	8.46488659422228	3.3749454114644	26.3822184360945	-29.4950830710556	-9.05806820304521	-25.7499531403673	5.25898232785101	-2.41961247159628	-3.42838272533841	2.76975401407226
NA20521	1	TSI	Toscani in Italy	EUR	86.2389204699922	140.532686006304	-17.0124346434154	-47.462830258045	38.9380585260543	0.0336288653767071	15.9526178845832	-3.91837055224556	-0.867765525689682	-1.03852000564569	3.76273429469709	-1.16715688413531	25.8559293553899	-29.8475321593594	-15.2835333458688	-19.3767566806738	7.76286941358854	5.9953058948149	-1.74095323229821	-3.92726610561641
NA20522	2	TSI	Toscani in Italy	EUR	88.5888400069755	137.795016755429	-17.6290913857406	-45.7481382817219	35.337878641388	-2.67705944648133	12.2981235498426	-3.57667904271368	4.18896672027746	-1.6084501013126	9.10976251201936	4.66895714721986	24.2368605241772	-26.3975079366721	-14.1475868029863	-16.6971967999546	7.59274374403355	10.3274322962684	0.640629427225431	1.90107271208426
NA20524	1	TSI	Toscani in Italy	EUR	89.682343790826	139.040228445202	-21.2454618787606	-50.6815502499977	28.7580966432318	-0.412080873692335	10.9274361121654	-3.39965936895462	-1.27067622043526	1.24200033182308	8.32142969441283	2.0844021255603	21.7802624027637	-24.3029290280005	-7.27479273891363	-15.605687855362	-1.0049697503723	2.06296131816815	1.60725612426279	2.96025107061862
NA20525	1	TSI	Toscani in Italy	EUR	87.7830164180857	139.220281817522	-16.6687277195606	-49.0893355319187	35.0355311863846	-2.0371074344401	13.848340164685	-3.71183771249042	-3.70062587464633	-0.655531454151199	9.50116606050944	-0.544733923667839	19.7341102000962	-30.5388050575857	-9.17786123640882	-25.643978072977	3.120374652558	8.30086037254568	2.77825620572324	-0.151107982844015
NA20527	1	TSI	Toscani in Italy	EUR	89.9712134931448	139.209746589075	-21.621916315773	-46.5701526069532	31.0564311045468	-1.2720052780724	14.4472414080835	-5.24971430489112	-2.23787736002849	0.37878753759166	7.68505931698676	4.79254195562507	16.7527226593897	-18.312024027118	-3.90328424593727	-15.9554514678057	4.43009540427926	-0.770096518117413	4.7309385282384	-1.23775915511906
NA20528	1	TSI	Toscani in Italy	EUR	87.6858602983977	136.361873071093	-18.5200627451907	-47.5094171520941	33.0513226787603	-0.165067879588413	12.8326805092698	-4.4660722699468	-8.20123625296458	-2.08833454064692	-0.883876800367548	4.84097403667626	20.9479246331806	-31.7613823811758	-10.5716556014693	-17.8701868671259	8.51430008211315	11.9791549783976	7.0815002710936	-0.816004418706915
NA20529	2	TSI	Toscani in Italy	EUR	88.1644651120922	138.161170047485	-18.7103601446037	-48.4228398781224	38.5106201182754	-0.200328090495046	13.1922566383617	-2.5442728693809	-3.23676330609009	-2.59317981149522	7.08285999212609	6.04314215284905	20.1543041281939	-33.2103870230547	-16.3781831828756	-17.0940782086107	7.91099949438636	9.24149503006252	-6.48356057870394	-8.16176875412758
NA20530	2	TSI	Toscani in Italy	EUR	88.4395542020136	138.732183127057	-20.8671514606209	-48.1553710295043	33.0058328642193	-2.05025556640753	12.4388015584525	-2.40374878444952	-0.901434194981727	-3.77567667874548	9.47659972311713	1.39809397457567	20.8093669355024	-25.8799546350632	-7.06213625004357	-18.7461846945	2.2648999360098	4.47245185968892	4.22372918883199	4.91024461124397
NA20531	2	TSI	Toscani in Italy	EUR	87.6691095748308	140.01772725594	-19.6964824744594	-49.3421496518038	38.810744577469	-0.792661166321355	11.9166329514658	-0.217920711772484	-4.48477369719468	-2.71077795265832	5.47864018676567	2.22589808996076	33.7611933691347	-40.4575704689603	-19.5308860123585	-30.3500195033868	5.79214839907049	3.9819628288799	2.82284202669509	2.65489088043544
NA20532	1	TSI	Toscani in Italy	EUR	89.1045836588576	138.181255407741	-18.3483471774111	-47.9587454446748	37.9734105518272	0.762470342789197	12.5016294210728	-2.69327340798939	-2.71758917249422	-2.05431807463618	2.50864229668544	3.32180415736385	26.1978505629716	-36.6499791995735	-14.2053387364319	-22.4238031701426	5.25705565678959	7.1544472742325	-6.38338532287386	-1.85231978530385
NA20533	2	TSI	Toscani in Italy	EUR	89.5449536371411	138.935037219786	-19.9124363366797	-47.0142089928813	39.0498714330459	-1.4955438462441	11.2909675818748	-3.22572738099787	-1.21919559983633	-2.31534336224492	13.6353971415754	1.00421356810648	27.5693565785933	-34.6244166902774	-6.81556662738668	-17.8949974758616	8.41331584954556	11.6912601885051	-1.23117357599116	1.21316706308004
NA20534	1	TSI	Toscani in Italy	EUR	88.0283081509962	140.233812846458	-18.2863768300108	-46.3630846867347	36.4553892577033	-0.762315783273341	10.3474810931436	-3.04669500797261	-2.00111095238134	-4.34158612678362	10.2236328555983	0.917050104302215	17.6577562312492	-28.8156173120341	-12.0957539078404	-16.395848187247	5.1551214835181	3.6384401736409	-2.13186200635255	-0.438398701842666
NA20535	2	TSI	Toscani in Italy	EUR	88.1824848055897	140.25462460026	-20.1182633524652	-49.6170230097829	34.4966631305659	-1.65725184987935	14.2968196795714	-4.31154238892908	-1.39670556511228	-1.85894951728531	7.19341032633665	0.626255586328355	16.7590412278506	-22.8543822687832	-7.18486766856721	-12.5011236204966	2.98822889413508	-1.39767198231037	6.76873866201747	5.29826361238159
NA20536	1	TSI	Toscani in Italy	EUR	90.6292621831767	138.946008437704	-19.9344774101501	-48.8725632363848	33.9555183444029	-0.823970692765861	13.2515597894615	-3.8599221707764	5.76081178932909	-3.04205088199134	6.28334504371026	0.348625060001374	26.7001520686686	-30.717445238165	-10.0861909555471	-19.4067021503032	5.55807768951152	9.99029041359887	-1.2647770926371	-3.26720084681555
NA20538	1	TSI	Toscani in Italy	EUR	87.650244923079	138.1455706151	-20.3273296988483	-47.3639800653765	38.9110663578076	-1.05629600190123	16.5736142542676	-6.54783186038358	6.53835466543779	-0.223832158513012	3.16767662368157	6.9617508704602	28.7980804633881	-34.4249901452333	-11.9258394313299	-18.2978349100349	4.85058502504851	15.7242005441931	-2.29014365349071	-0.902874098635727
NA20539	1	TSI	Toscani in Italy	EUR	88.0042505387274	140.8027875125	-15.7703409628983	-48.2373560318207	38.2563795306833	-2.77619743113396	12.9421765898814	-4.58397428754065	1.98955329479903	-4.04858090522832	10.9226947015036	3.21440606151984	20.2911444632609	-33.3953373166511	-15.5984444216789	-16.1202580756864	8.26137419161525	4.14388435734008	1.97639872023288	0.691597219333495
NA20540	2	TSI	Toscani in Italy	EUR	88.6909003915379	138.21358533312	-19.8933428127364	-45.4783608640929	32.4404327149416	-2.20390355674786	11.5366016163716	-1.67314023148209	-6.09610726672079	-1.34447301155664	8.88485272532725	-0.082753310614246	24.1792620673424	-24.1606869504714	-10.344914312928	-18.7793627482308	2.11334151841627	0.920648427644744	1.39373409315541	0.997882812671851
NA20541	2	TSI	Toscani in Italy	EUR	88.1624416634411	141.597573222012	-21.6247779832602	-47.8483970046833	34.5871860835984	-2.0495193994479	12.5244255122731	-4.89360402876916	-7.18940180644669	-2.40912853870961	10.0040196197023	2.7574681832503	26.4070041336103	-31.8476140448654	-14.424571366568	-22.1699018278004	6.41783676205378	8.2481080130958	-2.7653623939037	-1.3920598640741
NA20542	2	TSI	Toscani in Italy	EUR	89.5031133730944	139.847611304279	-19.4168815915607	-48.2379194494387	33.6951728567019	-1.2905365849337	12.3313977728585	-2.85707836022466	-3.48149909948169	-4.77970433897527	8.94317357850358	-0.670985538209405	16.7243280107609	-28.8624775348122	-3.14820593731396	-16.7345330535247	2.50661877853589	1.76267205384812	-2.93902206197763	5.32617353403483
NA20543	1	TSI	Toscani in Italy	EUR	87.6274094839339	140.31816741633	-18.5284865835742	-48.2031403238939	34.8580932849982	-2.06323317022798	13.1467950108584	-2.72785436951553	-3.00692242300707	-2.27391115462583	11.1793034279251	2.88783068528278	16.4586603778206	-23.7610956095009	-7.16304902871497	-14.2086235536673	3.91730827742089	3.84625118985419	2.35831562849488	-1.97929008979655
NA20544	1	TSI	Toscani in Italy	EUR	89.4736626878778	139.649177394083	-16.2801933859125	-46.5748041092715	35.9737666486317	-1.40382889920948	11.7180162889386	-3.28662222927884	-1.60009056496922	-4.61206505654557	7.99131304764465	0.337128586694825	21.1823149850212	-33.4797184805968	-7.38167945892885	-20.6140979802193	2.13302621313944	3.26250726895428	-9.79107860641299	3.54854381614974
NA20581	1	TSI	Toscani in Italy	EUR	89.2278422956618	139.99169232786	-20.6883502871436	-47.1237890696703	34.2523114844511	0.616823596569844	14.8885569836606	-6.46720011939804	-0.977887643696556	-2.71051926240953	1.76773643614128	0.886868190378135	22.2799605783439	-29.778468414252	-15.02197990955	-16.419346787191	1.98168914844985	11.5849591715513	0.39497537782344	-4.0362795797655
NA20582	2	TSI	Toscani in Italy	EUR	86.6927185598564	138.657337223429	-20.7579442233808	-47.2907082246766	35.7579528794617	-1.51448508531028	11.7287122231891	-3.41043363890217	-8.94741862426692	-2.55836057089262	8.02155890229529	9.99669100705637	16.0391867520887	-28.5658572520688	-4.60157034926909	-12.9720685519245	0.707348748344496	-0.205627180064326	-1.8446087091904	-3.45335376521285
NA20585	2	TSI	Toscani in Italy	EUR	88.0926531767821	138.925066365068	-21.2155035630721	-49.7975561780492	34.2764878008389	2.13602505164137	12.1995402614801	-4.28907111674001	-2.50371275924098	-2.28903688221284	14.5617152164869	7.94390614917563	26.7320207963548	-32.1657768236018	-7.04493495712195	-22.2196742429387	4.54934069465697	3.78062157499972	2.52423388749281	1.5246817505671
NA20586	1	TSI	Toscani in Italy	EUR	88.6744405986664	140.729456337433	-18.6802220905716	-47.9861514153155	38.2229105203085	-0.853765040020154	15.0980453523321	-2.72302277332779	-0.0839059721278926	-1.57614656739774	8.02450030620336	3.05191149528341	19.4514107017625	-33.4726370737835	-13.2582030852579	-28.223499135987	6.23327804403604	7.504240702334	7.29213922078836	-0.316081292699239
NA20587	2	TSI	Toscani in Italy	EUR	88.1227594970865	138.931707283491	-19.0607700414855	-49.8382409617718	29.8253372421482	-2.7144368592815	11.6043140851414	-1.91071427587311	-3.00402793591213	-1.37174184556938	9.94400479830403	-1.01776425362264	21.6409558492115	-26.3876483506423	-10.8752537922129	-12.7867470061284	1.66466506841631	9.0565342004331	-6.16715480134292	-3.10176840658661
NA20588	1	TSI	Toscani in Italy	EUR	88.9458424500139	138.392045539449	-17.694741113733	-48.2355065609045	35.7641691147102	-1.18304377801684	12.4499458422412	-3.39218317145738	0.209403388919172	-4.48019320829628	10.9923029805596	-1.29996288998576	18.9882515294607	-32.5778754986382	-9.25027312878129	-16.7479609301369	3.05201286937415	5.47459635104969	6.72696236567684	-0.383475327558444
NA20589	2	TSI	Toscani in Italy	EUR	88.3183346864849	138.630960888646	-18.4717167202085	-46.2008581195344	37.195216499226	-2.65464901222929	15.0293155793202	-3.09468077119422	-2.30155870956864	-2.59367704773069	6.85559573180279	-1.70116178614151	31.1996025769167	-32.5653815512175	-10.3753007397749	-17.9768863195709	5.07317327644325	4.42452302891512	7.09949288246941	3.76147535310373
NA20752	1	TSI	Toscani in Italy	EUR	88.269773258575	140.309023273682	-16.3259754609066	-46.4730978707791	38.4011784228864	-1.47245314055966	14.743498735498	-3.22123284376577	-4.3205343618845	0.0330501261577932	8.12580426058141	7.94676512433286	21.8199507021508	-32.1314689931791	-10.7702169897903	-20.452844065313	5.4900881036216	-1.47782017448087	-6.75748992695981	0.377563225273414
NA20753	2	TSI	Toscani in Italy	EUR	88.3563675820556	137.196671005468	-18.8515979853038	-49.7324402968737	35.1096759577525	0.308362518707713	12.1151137783206	-2.68879963410923	-3.65748297332587	-0.283037604152743	6.45387965237062	7.76481998174853	23.695850561456	-32.9470636901663	-8.15310553635991	-21.5717579559267	6.07004094225015	5.32626311270846	-4.64361312214684	4.39706079260799
NA20754	1	TSI	Toscani in Italy	EUR	89.0024796614356	137.545480319147	-19.5456508419102	-45.3480850967915	35.6839235934185	0.901950552091846	13.1960805666955	-3.09045582392072	-3.74310494491817	-2.73045493619211	7.71163974541517	-4.80361680868358	27.5481455110662	-40.1018076317447	-15.146063305335	-18.1956123183555	6.57095295128746	14.9652589762609	2.88318250478667	-3.57616483638705
NA20755	1	TSI	Toscani in Italy	EUR	87.6111991328706	140.150129182278	-15.2598793683357	-48.1282446619937	33.3896917230687	-0.566336289543598	13.7187080883811	-3.24447060018318	-3.20627141753775	-3.60364588516068	9.7627887066007	7.36268094283002	18.9914357552406	-24.2495387340798	-10.3534889073644	-20.8736730682228	0.867080333923753	-0.664488798560094	2.34398047402805	-0.0894385177186018
NA20756	2	TSI	Toscani in Italy	EUR	88.1740680510334	138.394514086399	-18.7348034062826	-48.1319664687882	30.182414131673	-0.618318294061536	11.4103531637986	-2.03822164302303	0.629361353074773	-4.57645961204581	1.72185396592644	7.85580960894754	22.2770115869852	-30.2566512527018	-10.0244684775338	-8.7985858934498	5.73204830201028	17.2480631012263	-2.27832482383608	2.83975126785264
NA20757	2	TSI	Toscani in Italy	EUR	87.8791135616652	135.94155656568	-17.440082399636	-46.317118325011	32.3040731956614	-2.39933604955323	16.1519422859954	-4.69003635728614	-0.136419009799281	-2.13260669897382	6.29284112921493	8.52192989282056	19.813571311496	-31.951545660046	-9.05691578285776	-20.4681683869555	5.31005107094267	10.4200053680318	-0.00470009353565049	-0.936859038086135
NA20758	1	TSI	Toscani in Italy	EUR	87.9689866629783	139.673749831426	-16.0751438847185	-46.9307749279785	31.0353772370696	-0.36763920258255	11.6615251139775	-5.88477638586176	-2.96117580757993	-1.07151223119202	2.77205826380257	0.574244765808747	21.5814672925267	-33.1913936116817	-8.50036732779618	-26.0449887596846	0.200394644574058	12.8538111553663	0.0342772277774097	6.35649603008026
NA20759	1	TSI	Toscani in Italy	EUR	89.9405833487635	140.230843612168	-18.5559207048365	-46.9436130758091	31.5391334544348	-0.59417520206273	11.2930634849446	-2.44648438251733	-1.2019646080189	-5.02158075061534	12.66574020121	2.41593591961403	20.4207748867058	-25.2505524022796	-11.3313796751011	-13.4154248329487	3.59625091753432	3.5852451743871	1.94370468063801	2.62976973744631
NA20760	2	TSI	Toscani in Italy	EUR	88.6582627217852	137.866291575124	-19.6178653782994	-49.2876136924813	28.8193097541103	0.867079059765293	12.890405783493	-5.09027649072894	-6.60116440348025	-2.71660734730455	6.53701447738524	-1.14462328820365	13.0929365924297	-27.5810084254252	-13.6400148930793	-14.3083893070378	0.737123294563514	6.3585916510919	-2.1579587399235	-3.17308584851438
NA20761	2	TSI	Toscani in Italy	EUR	89.4208059441001	139.236827569484	-18.3894718713998	-48.5383700296263	33.6291476906064	-1.10343596674994	13.4504898259388	-5.00373704492486	-6.19307283350753	-0.136680382580291	10.0085651411216	9.75900251303911	21.5900287893683	-27.3566504489113	-8.10293122403192	-24.1248965333252	7.53964023963557	13.0867418179015	5.5663073426325	0.381482547331214
NA20762	1	TSI	Toscani in Italy	EUR	88.2642841319304	141.330939677774	-17.8854294919522	-48.5456186584393	35.5754158828254	-0.966086234064806	12.5116827607095	-5.88257675061762	0.886245268070582	0.731208873197487	6.12536581949678	0.776557730181981	23.4600465189487	-29.4251230901063	-8.84105793796571	-18.8687929951842	8.33608389560459	6.67744958877992	2.76833686820253	-1.50337322059561
NA20763	1	TSI	Toscani in Italy	EUR	90.6911555260219	137.06428316474	-16.9060357768431	-49.3568413799455	33.1521459789169	-2.02177041151065	12.4004832851273	-1.72692895167565	-2.29175608432375	-0.7211657310891	4.44040742099463	-0.142065104205729	20.5931449680265	-30.0588652169939	-13.2974187688627	-18.7758246242591	6.69475974505764	2.92227235563086	-0.237596569785368	-3.81494448043032
NA20764	2	TSI	Toscani in Italy	EUR	87.6637316247361	138.931756189309	-20.9572825198262	-47.2866451834567	31.9194355778372	-1.82687854384981	13.2357220958168	-2.72311841657559	-0.416019375011253	-1.73499274476312	6.30684968180919	5.29386412863531	20.6693414705027	-41.0769568302893	-14.1872573441835	-23.6818020758439	4.50894650582408	-0.909911574663573	4.01611711954935	4.58265871317063
NA20765	1	TSI	Toscani in Italy	EUR	88.4766941328733	139.2000262377	-17.2968757089144	-48.9300462843374	35.5833609978908	-2.50221977837903	13.2045006953403	-2.25329123100127	-0.844323128261269	-2.21340757578749	3.40764583418221	10.8525798477136	19.7952182093518	-37.9591702273272	-15.6625515807604	-18.4901129405838	5.95390248154935	0.957162136599347	8.22495566472051	-0.714927343686279
NA20766	2	TSI	Toscani in Italy	EUR	88.2117723259474	139.052886657644	-14.85917972642	-44.791013705311	30.2467627513805	-0.943926625221422	10.840507556903	-4.62469242312906	-4.68378412460343	-3.20869413136521	5.63323683599966	-2.32688958876289	21.1056255230877	-17.7179042405383	-9.14731594367839	-21.0235294072829	5.11586776664869	3.44255054820788	-4.02727656958339	1.72807011346282
NA20767	1	TSI	Toscani in Italy	EUR	89.188009114273	139.059328981879	-18.6164647661645	-46.9589420043099	32.5014953251487	0.390419159419902	9.42608749656542	-4.63764175148061	-2.87331057026842	0.136898557892061	2.12111828923985	3.43398213385091	19.0201398919601	-24.1670919416804	-9.92295460343243	-20.0975872775881	8.65637465026762	2.77096604721317	-0.867875389551621	2.74725897426072
NA20768	2	TSI	Toscani in Italy	EUR	88.9815498147494	138.516531999505	-19.8438590557701	-46.562669920471	32.962627427968	1.22883512297661	10.7871953762902	-4.3100060724463	-7.61733184950385	-4.08417158990925	7.58464268319773	2.7938361044227	24.4112160986015	-29.9042695705268	-9.48950982565498	-19.0316059234458	4.99193776422233	7.21510366059132	3.20125222156975	1.97706423793264
NA20769	2	TSI	Toscani in Italy	EUR	88.5982440815434	141.172230277376	-18.8398616587121	-46.4296231293414	33.392718330739	-2.14695941484128	9.8727591165825	-4.55219646987052	-3.64864977445189	0.533817184977694	5.81891256226637	8.71657232836046	18.810079774919	-28.1799883388102	-12.1900704181626	-21.1147055529084	4.76397360320967	5.96286028617916	-5.48831478755663	0.618718951561102
NA20770	1	TSI	Toscani in Italy	EUR	86.9090612337125	137.741722853956	-18.0706642699675	-46.1553515853871	35.7819452701975	-2.5866656023592	11.4812548717952	-3.59585168600433	-1.87066994817448	-5.83269024870156	10.1063467878311	4.13079846041745	29.4872099620104	-31.6666667877025	-12.9083997110548	-28.2757878334514	8.87971978157247	11.0864813761178	-3.30278924893247	-4.48946922558321
NA20771	2	TSI	Toscani in Italy	EUR	87.846284335708	140.320340041954	-19.0716166544645	-48.5865742765609	35.8745135163864	0.653336775739566	14.4020025807009	-4.36937272245951	0.311174419651874	-3.19874740700753	5.95270332367133	2.00244818077329	28.3019138361621	-29.7921115702433	-9.16197737826399	-18.5832579594026	5.05500702382354	-0.0617027495029643	-0.0459083682822538	-0.726900133872137
NA20772	2	TSI	Toscani in Italy	EUR	89.0874842014307	140.81669050722	-19.2154925614329	-48.8528964331033	38.2439724791406	-0.392446466262743	16.2038781718133	-3.91248678399401	-3.98961135711022	-0.349681357281425	6.20246121685094	-1.95050771012732	21.5493130428223	-36.7380318210363	-12.3260756096617	-16.9587812589842	6.04059782829385	2.94520597503512	-8.19215180815264	-4.28079380947662
NA20773	2	TSI	Toscani in Italy	EUR	90.378914307148	138.387688156572	-16.2656221589298	-46.2420047534306	31.6862399577934	-3.40368794165747	11.8963651114535	-3.51768214012228	-4.44450655513402	-2.1199358504918	7.85456092631987	-0.24395520184168	16.9848170461072	-29.8879626126781	-12.3993708698798	-11.3818322390081	4.81572157083356	4.72007949696082	-2.74726927183077	-1.39501627836901
NA20774	2	TSI	Toscani in Italy	EUR	88.3368631439485	139.266334132943	-15.8866928725397	-46.3493812074634	36.7475051808625	-1.59786905495835	15.778458576325	-4.0296150328546	-5.35793538301895	-5.28461076138696	7.69702523603048	-2.20372649114476	16.4583829491317	-31.5923121313031	-13.1780975179981	-22.1922103755692	5.61303316797544	-3.38222613848545	-3.7139296492515	2.13494027888186
NA20775	2	TSI	Toscani in Italy	EUR	89.8571937134198	137.395656765638	-16.7807131424877	-46.2818733129525	32.595515951506	0.216664508284676	12.8722228791289	-1.06634861940541	1.12945303557669	-4.09586784837624	6.70539226191704	8.17149966947886	24.8072410198206	-33.5222711173234	-7.16160126348093	-17.7122814920212	8.28315110406361	8.66992903018684	-3.04981599672606	5.26575081745575
NA20778	1	TSI	Toscani in Italy	EUR	88.5521441132962	140.784767031843	-19.5863632896259	-48.6497116770966	31.2398113320903	-4.05254769430185	13.8215209822453	-4.62100444019765	0.533200350600462	-2.21450588931679	7.78105753656896	6.91463841041527	17.274340671376	-29.3727946725285	-9.28837882502959	-16.9420843343657	6.03032254292127	1.12140330352377	-4.39759375658282	-8.73698430848567
NA20783	1	TSI	Toscani in Italy	EUR	87.8929504323914	140.288656883795	-18.4221767020821	-49.0045958142832	33.8217870480604	0.660845532104597	14.5046540059997	-4.40496774282629	-6.68362352617814	-2.08685029320389	7.16697033295859	1.17189800721184	25.9329846803783	-33.0312421501801	-13.4372989454524	-24.4304680646377	10.3208394647395	13.5587227554101	2.35151441514407	7.60366102730112
NA20785	1	TSI	Toscani in Italy	EUR	88.5301612283054	139.278546237279	-20.161191413302	-49.9629756083894	33.5051146278359	-1.5493130187302	12.6274573043264	-3.16975767120602	2.98920773628231	-4.7098004562843	6.31379700544216	2.68707628579093	20.8525546753073	-25.7288473619814	-7.88891449736776	-19.6318696237462	6.02178378127247	-0.432602319371178	-5.20447868808972	-0.608917164080103
NA20786	2	TSI	Toscani in Italy	EUR	88.2152989977693	137.827721897379	-15.9734791874035	-46.2296616265255	37.3522923069542	-2.53648892202323	13.9921291827521	-3.55378243340136	-5.24478140908213	-0.729506477439596	8.34235359909545	5.52805343778183	34.4571667701979	-32.6069824004868	-10.0652614939101	-22.1074802449901	4.71839529482929	12.3677484079359	-7.21072826683732	6.45960445614356
NA20787	1	TSI	Toscani in Italy	EUR	86.8756853160087	138.886230615292	-17.5620855254325	-47.8503370271041	38.2864919176432	-0.427936191661421	14.6254532999953	-5.14482492601135	0.148214512535918	-0.710995400921652	7.80136967925146	3.65392831190545	23.3933756342088	-41.4114860184004	-13.473947247127	-27.2828847409526	5.9466022104512	5.73621034625527	4.48245291603908	0.280118182990312
NA20790	2	TSI	Toscani in Italy	EUR	87.6522728171725	141.049152395503	-19.83428939018	-50.9141375195074	35.8647639852676	-1.36220234682411	13.0390985789114	-5.39463329358187	-3.23642874497839	-1.98488057200226	6.94249324193643	-1.17428260903799	33.338398082905	-31.1261001510139	-9.79170530721989	-23.5686460534369	4.58146397835114	15.0865392675049	4.01677572073918	10.101770278785
NA20792	1	TSI	Toscani in Italy	EUR	89.4064129670249	138.945363916838	-20.2202767564488	-47.2077017348495	34.2525940062258	-1.23996952045555	12.107123250955	-5.79072717659357	-4.36708276603004	-4.6182721972784	9.75625496542627	5.26426665292502	19.4437425273657	-27.6852525239067	-12.4561190571487	-17.7098396821651	1.54257047400282	2.87973947063716	4.67998905992639	1.94255185980743
NA20795	2	TSI	Toscani in Italy	EUR	87.1893077432272	141.13488173131	-21.3509422755707	-46.2777078798428	39.4990613132111	-0.594145224463478	13.5769633716264	-2.7981793565296	-5.45799438271417	0.293201165044532	-0.392998159771043	5.17275245179184	24.6554759733043	-38.6353306196467	-12.8476844499115	-30.7374554177616	6.7712020762573	2.44215531652518	1.16002148034537	-1.53494805711116
NA20796	1	TSI	Toscani in Italy	EUR	87.5600313934765	139.015285117232	-19.2453472041321	-47.3070537219537	33.2197645671218	-1.62741241948471	10.5284393616754	-2.24748455360897	-3.59005553238953	-1.17732820947159	7.12483094999357	4.96755818703699	28.9197680695281	-31.0824530036306	-8.30683674740898	-26.4539896241394	2.84156860014353	15.5786640656454	-3.68639143954375	4.49602600007402
NA20797	2	TSI	Toscani in Italy	EUR	88.2034861970494	136.092348314136	-15.7301121508728	-46.5534924648077	33.4393774073051	-2.69402049483793	11.7679203171453	-2.11703687417191	0.157280670581786	-1.2120753386982	3.94185667384926	7.68213272026933	16.4885905288643	-29.3830657485461	-8.89768370658197	-15.61046516349	3.51074122848595	11.7120140316784	-2.59185202318054	-5.82579502537201
NA20798	1	TSI	Toscani in Italy	EUR	88.9800824746678	140.333677266757	-20.0083324421446	-47.599990687721	37.6666050335859	-2.6840114029711	13.8848100907723	-5.50699375566958	-6.47709676160946	1.0261981129184	0.194938799594565	5.05723122942045	30.2925244671198	-30.6437102238698	-9.75042915807308	-26.5421869092856	1.28475615514364	10.2290307351969	3.2370488242389	3.74547930374859
NA20799	2	TSI	Toscani in Italy	EUR	89.1820830853285	140.570063322594	-20.9421918768309	-50.0321906063839	42.3344436678107	-2.26380702800746	14.5221175140302	-6.14211751187245	-8.26824166899639	-1.39893180762679	7.30932052224302	-0.565013617718071	20.2016066267106	-25.4342467471248	-13.2269582286749	-10.7025377946398	8.66022327711708	-0.389299815513191	-3.67994848489695	5.08219558119396
NA20800	2	TSI	Toscani in Italy	EUR	88.9214491803577	139.987704400297	-18.3436409191283	-46.2957042300952	37.2155164651424	-1.54413456236172	9.11068964057698	-6.54392071346302	1.10146354112014	-0.342521330002812	1.91781420858318	-0.849885673965246	15.9950793326366	-28.293289605079	-13.8706023929739	-17.1930064639847	3.99463568217101	6.98249908831895	3.75919256689864	3.36253010548197
NA20801	1	TSI	Toscani in Italy	EUR	89.2579577041726	142.120190309447	-19.631870258518	-46.4069018994286	33.3210832667517	0.0155190180136949	13.6740313872618	-4.06215336409645	-5.54624449940518	-1.34248732751259	6.7754996187052	6.87498838683053	27.3447759088272	-33.260667483786	-13.9414473514669	-22.0876613990128	5.213764951262	4.81218164848456	-4.92823451645183	-2.86845642042149
NA20802	2	TSI	Toscani in Italy	EUR	87.1693879062253	138.753619510919	-20.0335734461475	-52.1621344972525	39.7844436401235	-1.212909276805	15.2467464198964	-2.52408121707631	-1.60050873460491	-2.08173566165386	1.56036967404117	11.7916712917609	20.2064706142251	-28.3115602487226	-19.0793865986174	-19.9667559507911	10.1126586900939	2.81135894977284	4.10186349043073	4.6660398533215
NA20803	1	TSI	Toscani in Italy	EUR	88.8501180283516	141.524622157317	-19.1507253479821	-45.9507604852451	33.4426900066337	-1.25004061250454	10.352218641355	-4.19775187606728	-4.13953352398439	-5.38354767802152	9.90724700944639	2.02112100259351	18.6716441067604	-29.6086675266893	-7.74750016409964	-15.8838782259635	5.43020171502855	9.70806522344293	0.844020119081261	-2.647069305531
NA20804	2	TSI	Toscani in Italy	EUR	87.2628861878585	138.762616983613	-18.5149418095632	-49.1999027957755	35.0456007621405	-0.668213962549602	16.4952507191079	-4.58631663817165	-4.43745291278023	-1.46032088426273	2.7743118481889	-2.45777464850562	17.3576956444485	-28.8212529247446	-7.05832460772393	-16.4674060156241	3.68333315524721	1.77567842998605	4.89471912135442	5.30326656369392
NA20805	1	TSI	Toscani in Italy	EUR	87.4507158924993	142.087488186088	-21.3332061299271	-51.1240688880572	34.2065900055794	-0.78976681186569	11.2909762885095	-4.76349989595658	0.978751277025449	0.368590587314856	2.93230637365571	5.69788089939287	20.3608994391663	-34.1936020273438	-6.00702540031652	-23.2243998568162	6.82343846380506	2.45239234089567	-0.349651281519119	2.57743882759482
NA20806	1	TSI	Toscani in Italy	EUR	87.5936488387288	140.588308070873	-17.5880600435019	-46.935583048201	35.673125811098	-0.96415421580941	15.3603048119969	-2.84394711529572	-4.26221507933478	0.156000304110095	4.25901298108784	1.80965529462302	25.0938359542051	-27.5717241633099	-8.75467506423036	-23.8608609666693	11.6709016641847	5.99575118843862	6.98522822976065	1.64039709569791
NA20807	2	TSI	Toscani in Italy	EUR	89.1499158060819	138.030252375669	-18.280789195331	-47.2734135276025	33.5234270317849	-1.59865676202787	13.7255105539427	-2.82348672912978	2.14093708209234	-2.44496720540345	6.15614582451248	-0.71889274504033	17.9595012323806	-21.7024080110268	-9.71583281239981	-14.885849844142	4.57323669607883	6.32782541658746	-6.92228977385592	-5.04950374601316
NA20808	2	TSI	Toscani in Italy	EUR	88.695758933599	137.465321736892	-19.2916006757029	-48.9082724330367	35.3484780501246	-2.75332656348013	13.2933125007174	-3.87215191276866	-3.41438687169399	-0.903554584480818	7.91411005225034	0.660404117642506	19.3658625974563	-27.7556272783545	-13.2327659934423	-21.5341501414674	2.95023056590262	12.1898883441522	5.33796578908981	0.340317449954211
NA20809	1	TSI	Toscani in Italy	EUR	87.4498731871299	138.375200280513	-16.9830753873389	-49.5998942434283	35.6867810478705	-2.65879862460228	13.2436796088671	-3.49215205253071	-0.691568078349867	-5.96648138696524	6.54516216552922	-2.73230707046932	16.6384075444705	-31.4579119792599	-11.2541429570698	-20.8722527996291	9.72572722676475	10.5906586122677	-0.929602356968441	-2.94748708410561
NA20810	1	TSI	Toscani in Italy	EUR	87.4999602805616	140.004480897745	-19.1949688504967	-46.5209977720363	38.4211456005834	-1.80327129902277	15.6807690057424	-4.99027934109052	1.41267982710799	1.43341129593904	4.56915982960062	-0.046984374868363	17.9248450286684	-31.8727291855281	-9.34974278719831	-24.8863863499138	8.77910160542109	4.49404125310927	2.96388240454404	-1.19191795039356
NA20811	1	TSI	Toscani in Italy	EUR	87.3548230673319	141.450915880709	-20.773967314444	-44.6978600041309	33.80680657896	-2.34393811123216	10.4867177272441	-4.01285374081607	-4.41877594269825	-0.173796782643208	5.32323651382801	-0.330330831895305	15.6115429899128	-26.0818314990509	-14.155543564207	-18.2967484556224	4.82804171825282	8.93177894829408	4.03568817415274	2.83317458025596
NA20812	1	TSI	Toscani in Italy	EUR	90.5050036677914	138.111790147601	-20.0267644192268	-44.9762875037803	31.3732156431913	-2.98226916323124	14.5649672915884	-4.86778189434118	-1.87845569173012	-4.42675082459991	8.5630757999237	3.87547960145705	12.1937576964344	-30.3524340913429	-9.88204041962199	-13.9664159849787	12.4327449333521	8.83233096998654	-2.38157668659709	1.03731541742451
NA20813	2	TSI	Toscani in Italy	EUR	88.2445888035453	138.468866104566	-18.4007183854479	-45.7029373994115	34.2840158409511	-1.30548860613579	11.0197266895056	-3.3884540213415	-4.28220517053681	-2.52622460683052	0.0484297339033473	6.54970464156161	20.4947500045174	-28.3858423619371	-5.58216319003404	-19.8002475684062	6.47865053911414	8.9250839091426	-4.45946095531934	-2.90439350686872
NA20814	1	TSI	Toscani in Italy	EUR	86.0612517191572	138.271921423636	-16.2256983867479	-47.3170328953505	32.7986281236273	0.321841961274368	13.4188851028295	-2.52073072729861	-3.31128355244845	0.674939859161332	3.19595228431806	7.11830123855024	23.9267962306503	-30.7293210487809	-8.52885149183333	-21.7645633598545	0.859373102671453	7.3878746687197	9.88591452414414	4.24135678111065
NA20815	1	TSI	Toscani in Italy	EUR	87.5882176221689	140.474117175768	-21.6467334443001	-48.7040553430763	36.031136593432	-2.0309890548603	12.1588474521553	-3.34971491893782	-1.41293422813188	-5.32790130277736	5.6097778084592	5.46901083950049	23.8892082189679	-29.7829628514895	-10.3170302950188	-22.334065759436	1.29818602847574	6.30032289069512	1.15020509477354	6.7280145186426
NA20818	2	TSI	Toscani in Italy	EUR	90.362554915497	138.584182584048	-16.7503173874548	-46.4254118015837	36.1360973839201	-0.0227055471107338	10.7429857064154	-4.42412769779138	-3.91334339112557	-7.4077790409167	12.1315136727735	1.14556689946753	18.8322306311181	-25.1664320348969	-5.66621250050401	-7.00596430585602	1.20152526746015	10.1472933568085	-4.42053434013928	-0.744141035753612
NA20819	2	TSI	Toscani in Italy	EUR	90.1435558550212	134.980472979702	-17.3860299138089	-44.9779655641342	27.3458259795808	-0.377952318211645	9.70471588763457	-3.06818714835315	-1.51270423376968	-2.09807652261565	7.05781356574098	5.61007040265992	18.7156831698789	-34.7890228686784	-15.2108215801794	-19.9814478103917	6.71915362386231	5.13746705308878	0.809873168303587	-2.78057179839638
NA20821	2	TSI	Toscani in Italy	EUR	87.4128729115308	137.282048183076	-19.3536676364451	-43.7862540350472	36.0231261158531	-1.32853341924515	12.2248964663939	-1.93784906685485	-11.0929700309509	2.93152547599877	-0.0639106763816663	-3.67460498684689	19.783572410466	-27.9527073226432	-12.679651175567	-9.87490005936345	8.47069184215935	11.2643660193774	0.328802511420389	-3.86410559734972
NA20822	2	TSI	Toscani in Italy	EUR	86.4480633675085	137.812452751219	-19.5438597077868	-47.952091607118	34.2918355047579	-1.88120801140259	13.1009886545408	-3.94569786210804	-1.44642021032163	-0.401405301499173	6.12217573357686	4.5705976478186	18.6960270304029	-25.0778044783583	-9.03247564167912	-11.6653790157485	3.13062518904313	5.53725694562163	-0.0905145933608542	2.00161315709026
NA20826	2	TSI	Toscani in Italy	EUR	89.291100909344	142.137309821838	-16.6559240795521	-47.0532645017626	31.8365869265078	0.573762829222563	8.6406224919971	-2.81005620553204	-8.05720132449393	-5.64468740918601	8.904844912246	8.40659927698531	22.6445164614701	-34.7879595748683	-6.68144969984752	-26.7805757742108	8.35334586977862	0.570733981312806	-4.18961475113573	1.94083405244349
NA20827	1	TSI	Toscani in Italy	EUR	89.3494516773678	139.458685848841	-17.2528474401812	-47.1155678099656	31.9428738506731	0.252219461781647	11.9035946629948	-2.5686166019802	-5.31564734629814	-2.11880799470024	11.710349134978	3.25662994418097	25.3465934675266	-34.565591664162	-18.2463035904159	-20.9614384534209	4.846617916133	17.9453262041793	0.435203992879668	3.41657927854443
NA20828	2	TSI	Toscani in Italy	EUR	87.7890875656515	139.679127740665	-18.5716617056759	-46.9528409506579	35.933999158183	-0.698339035531341	13.1918187932839	-5.49955509278545	-4.49957929582197	-2.00866421959247	7.66407442058727	-0.880124936250077	32.1653282678306	-28.8707526878635	-15.4172003328529	-13.0829124740122	7.61205292499167	5.50609550331245	3.53479732726467	1.29726886393844
NA20832	2	TSI	Toscani in Italy	EUR	87.1004938851686	137.823882467724	-18.2733685513196	-46.055583361843	35.0396055578173	-1.57521295724438	12.8907250771465	-5.39775770999427	-0.193640692629772	-4.86295453176387	8.16120734838657	3.0681651373858	16.5790132929021	-30.0748250417728	-15.1694025000834	-14.0882226487222	2.01516070479772	7.89126026688512	4.64292593121406	1.54522731576085
NA20845	1	GIH	Gujarati Indian in Houston,TX	SAS	87.4154473888617	41.1564008157022	89.6203007301813	36.5342700226057	-1.95131690169266	0.78610714161375	0.231465204679377	-0.830610939928739	-4.00676130043986	1.73693495478937	2.63072866453926	-5.857641594638	2.94432690955446	-5.37340296724462	2.36315011036007	8.07928407276549	2.01136434588003	8.6351369991596	-4.13115612505816	-1.71191248655949
NA20846	1	GIH	Gujarati Indian in Houston,TX	SAS	89.1875535562375	45.0472028330144	88.0327082367651	36.9017641188642	-2.97488137905524	1.57142449665436	-1.80272075389822	-1.75845719414452	-18.270267397493	-1.60581232282795	5.8742088480489	-8.91668593896652	-3.57842988801032	-2.68022480304444	-3.09548990658449	8.93678054633582	-2.33639859704047	21.5645231494747	-11.4137589248944	-4.70981009240241
NA20847	2	GIH	Gujarati Indian in Houston,TX	SAS	88.5130338753413	31.6053731373115	108.341008466471	47.7158311272934	-1.16790891823701	0.95211554522099	-0.153923782180935	-1.24590481852485	-88.3929189728834	5.19980853459727	-15.5279909297268	6.84318339060195	-14.98810425772	-5.0794866997791	-1.67655867602277	-11.600401207391	-0.0584954796768988	-1.68428425020144	7.18684027108303	2.9731455652944
NA20849	2	GIH	Gujarati Indian in Houston,TX	SAS	88.7471397174208	33.429851736504	109.166779817487	46.4670845264352	-3.957218329051	-0.78224253243454	0.227989635712577	-1.09250542686214	-84.4986658453135	6.40402845911649	-14.1423652581604	2.59459262663982	-13.8364648110068	2.75107981004434	-0.0272097875732644	0.0787608834896735	-2.82546732134577	-5.38667114682725	4.46367191785696	4.52950874640593
NA20850	1	GIH	Gujarati Indian in Houston,TX	SAS	91.1235000621651	55.6232881318456	71.8507207701291	27.1440478624839	-6.04247536946072	1.01572338733791	-0.142678473307553	-1.05569268747479	-9.19668006215076	-4.80635434952028	7.76566223322062	-12.7428082034475	0.97975957271641	-9.96908200616427	3.13652371912022	10.9644299010331	2.95004694704966	25.0546780945939	-7.67081178551267	-9.38296537641643
NA20851	2	GIH	Gujarati Indian in Houston,TX	SAS	89.4602305429817	31.4921379934002	108.105187914094	45.6692249464275	-6.13432393291164	-0.965844460832513	1.16164384762016	-1.61048029357031	-83.5457634449404	6.28894949462855	-10.018729005686	6.85553902388743	-14.5098267529249	-2.56116762572405	-4.07226115344442	-6.58309675660792	-0.34938546372552	2.20760934839891	-0.445899543245042	-2.88543899504552
NA20852	1	GIH	Gujarati Indian in Houston,TX	SAS	90.3470850400921	42.7688103053804	89.8300343127773	35.6421621319338	-7.19687383292387	1.89890794005854	-0.81166584391051	-0.814056456992065	-12.3304693075722	-3.60587788813939	3.81434761650059	-9.58301445304204	-2.22678546277698	-6.85074245972979	-1.98303520825962	6.90556271831388	-0.465043720915038	17.1146488343622	-10.4078802024701	-6.23370113300821
NA20853	2	GIH	Gujarati Indian in Houston,TX	SAS	89.7097365425694	29.0650412096938	103.79361346623	49.683064320316	-2.33869186351893	-0.522887441192272	-0.571428169527273	0.370603799296783	-75.3627142639885	2.9130812157671	-8.72782141296751	6.152103171579	-7.5897327608633	-3.35934067653224	-0.758933709922298	-7.9803834040704	-0.658013835053913	-0.795204428196911	6.01216951903162	0.945846439175345
NA20854	2	GIH	Gujarati Indian in Houston,TX	SAS	89.626808909759	45.1149476444185	87.2600756101058	33.5234033666604	-4.36245103807779	1.15873478417344	-1.67135976210916	0.885086430939126	-3.90977357126728	-3.16985180083107	8.33203141674987	-3.84007209638295	2.6583767421407	-4.36064762564717	-3.07564727203395	15.4515823421313	-1.24456902380927	7.47571017248772	-12.5186843616279	-6.76087925003006
NA20856	2	GIH	Gujarati Indian in Houston,TX	SAS	89.0607051727553	36.4364495168935	105.589085662725	45.755063506805	-3.90656659589848	0.915277254685621	-1.82488494213485	-2.04915558579761	-81.668922785746	5.27130127556967	-10.4028890706764	5.830645029584	-14.8707502610585	2.76040339073225	-0.277754948668749	-8.98929289274389	0.71742521741093	-11.5491635348367	1.27458725814335	-2.41548212517439
NA20858	1	GIH	Gujarati Indian in Houston,TX	SAS	89.8551188328236	65.7210442667621	67.8599648315206	26.4656858853583	-0.0634511365534498	-0.354580357931812	0.365982544601528	-2.55089725575416	-10.5829825304569	-4.98443517686131	13.6509311056847	-9.8685472430102	13.4402194627914	-21.6848455077946	1.24501978188757	14.5706779297065	2.4418110943868	38.4699579608578	-23.8642867919524	-20.0224343165903
NA20859	2	GIH	Gujarati Indian in Houston,TX	SAS	89.075235726842	31.3692298033728	110.208251225768	45.0095893392153	-2.34636713278497	2.26085789136107	4.46460513762993	-1.79635831091571	-88.8963720247921	7.62212496757161	-15.7749840259468	6.119476163152	-11.4423858810748	-1.96472075439947	-6.13923849680297	-9.24441274825991	-0.398878757905228	-4.85149387623017	3.30663380261159	-0.247396633656039
NA20861	1	GIH	Gujarati Indian in Houston,TX	SAS	90.5834156210803	30.7027148236888	107.851724118982	50.0268175657733	-4.27505509931338	-1.05993343138831	1.13486802602052	-1.98027837232809	-79.7669617565906	4.75954289915027	-9.24018756094996	3.57638127945999	-15.0382741662017	0.0996435134371412	-2.04484065617075	-10.4074620019853	1.84335509185211	-7.51303754132386	4.86568981026465	6.95989749305357
NA20862	2	GIH	Gujarati Indian in Houston,TX	SAS	91.82808771022	59.5027474138846	71.1268994929204	29.0927637971651	-7.04395014032747	-1.5571703117391	-3.06934568082283	-1.13555985722849	-9.09889837033691	-5.55963117503057	11.0613177078708	-8.71682893234469	5.25206034776794	-8.64568492275872	-5.88884737484617	12.1803493811293	-3.60914764905882	28.8340319369841	-11.6962436593965	-7.08558295204262
NA20863	1	GIH	Gujarati Indian in Houston,TX	SAS	88.7863063400655	32.6675520987517	108.012334159749	46.6183405348879	-2.9370173333086	-0.360648351317613	0.948848721207361	0.392457925336559	-84.661191029917	9.08159118238898	-14.8494709262171	4.82673399819365	-7.6821706692245	-0.513348774091828	2.11534282001977	-12.9908876582105	-1.93876999735642	-1.73129039292164	0.771209391567261	0.67602704102618
NA20864	1	GIH	Gujarati Indian in Houston,TX	SAS	89.8498677308539	48.6784108701807	81.612350283952	33.4351371459554	-1.71937283970297	1.66387578273485	0.173400618239572	-1.19301907645708	5.02977829123193	-4.04502409910675	6.69075733527844	-12.5508090708464	8.80139963133579	-4.59996623478594	2.35934881025371	5.55738017043369	3.10993587264627	23.9606172623717	-8.50594755481482	-5.04797899504038
NA20866	1	GIH	Gujarati Indian in Houston,TX	SAS	88.8179862826609	41.5695754893545	91.7449668395869	36.7735272310733	-3.45602219339822	0.905656667374979	0.173791436636977	-0.524302477174994	-11.9337270214488	-1.87975390080535	7.55335124482458	-0.969918889014115	-1.13651807052372	-14.3324653869009	0.108474917230327	17.2326015601984	-2.98600207952009	21.2269552758174	-1.95912773904874	-1.833781572694
NA20867	1	GIH	Gujarati Indian in Houston,TX	SAS	89.0968959565529	32.0909142962954	108.213971776045	47.3648722346333	-3.12498534151542	-0.99922479707878	0.382621689756483	-2.47183338769924	-77.5440674119445	7.50328701604048	-13.6233889564212	1.84243643967033	-9.0675199314912	-0.335589423101455	-6.14210022897787	-4.12560691103186	1.79667305769291	-6.43049931185772	6.99204303318824	3.99618994543891
NA20868	2	GIH	Gujarati Indian in Houston,TX	SAS	88.6779965553504	28.6418541966072	110.235181038745	50.0063367736207	-1.58639536546409	1.26490678945122	0.35423145339509	1.51590613920137	-84.1194395697603	4.76975966795908	-13.7942367358849	1.87938790457176	-13.1693172669142	-0.329041101664692	-4.1332209038818	-10.5053038309388	-3.93536699155109	-4.16789319921512	10.7162737029277	8.16879456811323
NA20869	2	GIH	Gujarati Indian in Houston,TX	SAS	89.0142578827011	31.8577732268017	106.255976830386	48.3033512030259	-1.86803559991005	-0.93267992838518	-0.172366327896652	-1.11014306722856	-87.1863603407048	5.5293037888779	-11.20338005846	10.4304485039955	-10.963020593588	6.12298702313135	-0.765729049589016	-9.70273726977828	-0.352434068237328	-9.68073344827065	5.35285727714654	0.622491744072973
NA20870	1	GIH	Gujarati Indian in Houston,TX	SAS	89.1541217808304	64.3342772796484	65.7724519815313	23.2268842632071	-1.22551044389988	-1.27820231051466	2.72250737648656	-0.604124919912349	-4.95705633941133	-2.92945864629673	14.9672943830258	-8.97475608801064	8.59225751041986	-16.8210329793172	-0.759579221741251	9.94484967557025	5.77953387321251	42.9723492891812	-30.227094796981	-19.2950100652734
NA20872	2	GIH	Gujarati Indian in Houston,TX	SAS	89.2138261657915	59.2622025272598	77.1386712408633	30.8058173421373	3.83073162261936	-0.720458380553895	-1.19669545143545	-1.5515173103197	-8.35555222453026	-6.97141793896582	11.6412920376959	-4.38975464523455	3.24898314129712	-14.0835139237218	4.80627545138251	11.8575900503633	3.36767692887868	29.0264077282067	-20.7219468444732	-10.3565003166007
NA20874	2	GIH	Gujarati Indian in Houston,TX	SAS	87.4279503073798	38.0508045648809	89.1349104917802	38.0343050505569	-3.57992837630658	1.63557636041926	-0.967625494704708	-0.673845790762837	-1.58440786251859	-2.04756498300295	3.97816049171462	-0.848063957204384	3.75839086721231	-9.48113388664469	-5.00126062305735	10.8880519737852	1.46578946031302	19.3989899326394	-18.8194308028612	-8.09786660511228
NA20875	2	GIH	Gujarati Indian in Houston,TX	SAS	88.9351196334377	32.8158374677456	111.736996719381	48.4605603442266	-4.86475829262757	-0.841506241972335	2.09800051286328	-1.77166750354427	-81.8974735121107	5.40448739458837	-8.35385519495437	3.63889037289835	-10.970877753152	3.18844846692379	-1.38658834767726	-2.10831671287484	-3.55358738457857	-11.6787974729105	6.20683847342021	3.44763640553867
NA20876	2	GIH	Gujarati Indian in Houston,TX	SAS	90.5411023172621	35.7501819399406	104.517761108536	47.5675781425615	-1.79111532788277	-1.0343446760839	2.56480127320335	-0.553226457595242	-82.4595597670767	5.31003136113073	-14.5768963929073	2.79338780336715	-11.7292006655529	-9.85949520413348	-2.48515875471702	-6.96865915849488	-5.45874976904111	-6.74973905505433	1.30010313537117	1.30616871138558
NA20877	2	GIH	Gujarati Indian in Houston,TX	SAS	88.2129794975177	34.4867997877149	108.273152453108	47.5832572135388	-4.73760075264739	0.103052003603627	-0.253673291333441	-1.93795497135375	-88.9344087433778	6.37083560485386	-13.2114514209526	4.66083439254335	-13.9076468070146	-8.35095418955654	-8.94033577319452	-12.2314533009428	-0.981326596525961	-16.0473220579549	7.25863204507053	-2.44026808365263
NA20878	2	GIH	Gujarati Indian in Houston,TX	SAS	91.5888605830355	32.9483270851648	106.58784207698	46.9706981127564	-0.531302684237349	0.00272166291070561	0.158699534672209	-1.74180795049527	-83.2527400072388	1.52559600864051	-6.02652424823457	0.124821910641733	-8.33297229951408	2.20168926747849	-2.22132328242213	-8.38768437530147	-2.9009913122194	-8.15403433045265	6.34585150910305	2.73266760406491
NA20881	2	GIH	Gujarati Indian in Houston,TX	SAS	88.121159724797	56.0703669663359	79.5632748329155	31.6931544563214	-5.00791007783168	0.00582172500965889	1.01518247553173	2.80601669068619	5.82017846690569	-2.51155802997872	5.57308068718007	-5.67457049601683	7.13409868396085	-6.75741665215229	-1.10488226926046	9.18637750974656	2.56582755841835	21.2254354370375	-14.0164293301435	-7.13949771745891
NA20882	2	GIH	Gujarati Indian in Houston,TX	SAS	89.4461098756866	48.6926885388271	79.5072725031065	31.0208924536908	-4.6775869127048	0.0588171861086344	-1.22772232085004	-0.000964400362005739	-1.20668864462791	-4.08489847011508	9.59811936711726	-2.49133601233236	3.08883302296454	-5.89963806189321	-5.51749956479913	9.85323460002691	-0.618393049485009	15.8899169089441	-9.35848581327434	-7.6793944946141
NA20884	1	GIH	Gujarati Indian in Houston,TX	SAS	87.4578847499598	25.9431009307782	110.415073356789	48.3304354149917	-0.586428297982118	-1.89719920015803	0.249360645347542	-0.123701421135805	-76.5688294682022	5.01018137808749	-14.7249219060583	10.9250102044416	-11.9238033612536	1.56974019177122	-1.49292062431036	-4.11919795894863	-0.486865294602762	-16.3624751396935	8.34568161394823	6.29458140121562
NA20885	1	GIH	Gujarati Indian in Houston,TX	SAS	90.4240714053898	48.4523982523384	81.9009649471817	31.851017320199	-4.7225379138768	-0.12494027409111	-3.98513355264139	-1.4169084690327	1.09569796836108	-2.83579182843982	8.21292188256609	-7.51570095944393	3.155607873737	-4.22218332877808	0.968533944509073	9.83713357198726	1.74313080680463	19.9205011039536	-15.2604942163026	-5.77566105858332
NA20886	2	GIH	Gujarati Indian in Houston,TX	SAS	90.3920502902389	50.9239732257167	78.9391619861635	31.1134057011564	-7.1201457490376	3.84566488440342	0.324872732080304	-1.70373645964439	-6.67864969707836	-6.68114451107146	15.0790730725344	-7.81369153569487	1.71660844426538	-11.209268357989	0.827889399248886	7.13069673411585	4.10094400651283	20.3677759025321	-13.5823852390867	-15.9035920833267
NA20887	1	GIH	Gujarati Indian in Houston,TX	SAS	88.779476721669	37.9672765523571	97.4111835928545	38.8380378734819	-4.53883935055428	-0.162310999806574	-0.315413173455424	-0.155663684357196	-3.27366444542896	-2.76869375217691	4.57645719869043	-4.37969317057208	-2.46800048912577	1.44377777411132	1.85461700236956	3.81652991391099	3.36375342009643	13.0177295381892	-9.39021599904247	-3.84369515790902
NA20888	2	GIH	Gujarati Indian in Houston,TX	SAS	89.4043363417018	30.2299026074402	106.353004323346	46.9390430036648	-1.21321513779844	0.443867467279329	4.33974290641093	-1.1714461289323	-85.7477322140866	8.62743033331146	-16.5902520766622	5.60874070086287	-10.0483982823184	-0.587790359045539	-1.90833360530317	-8.40287032035229	1.71071467756878	-7.64937567091818	9.28247183764689	5.43793856810525
NA20889	1	GIH	Gujarati Indian in Houston,TX	SAS	89.6548474904778	37.5241271511197	108.290090847712	46.1654479328868	-3.29643531747874	0.940237775766669	2.36896655981072	0.0692177596500473	-80.8740210387105	4.21877347046196	-8.72252627340272	2.86324570269584	-11.2048901532437	-3.83066352275337	1.50417396435827	-7.80905986827389	-2.5742048604526	3.41152789831563	4.03324144210683	1.81389065010074
NA20890	1	GIH	Gujarati Indian in Houston,TX	SAS	88.224649998801	49.4495613634607	78.0880753860635	31.3501957652438	-7.72616417471222	-0.101266839236732	0.687499960842691	1.9299547334656	3.73345996810162	-6.30297840217	5.62776637268578	-3.98414796584065	-0.102808753444514	-7.6591501811508	-6.99693029759691	5.63506968523397	0.789899253518913	18.5658104504645	-16.0171180246638	-4.17761246094666
NA20891	1	GIH	Gujarati Indian in Houston,TX	SAS	89.4852032176282	50.2888268551301	83.136212073426	30.8071791450627	-3.45739842772194	0.705742403542579	-1.51229504762674	-2.38238563006919	1.66016892584946	-4.23704867814549	7.26442830212243	-5.96378584771491	7.4793123598298	-11.1435756851682	-1.6200300725738	11.2841088985381	6.5686015095225	21.3885856425413	-8.47653456963774	-10.2701748080405
NA20892	2	GIH	Gujarati Indian in Houston,TX	SAS	89.7931166373342	32.2771748669424	107.119419862573	47.5082920001185	-0.31023082225716	-1.22268365370135	3.80072075336979	-2.19205901615938	-82.8653762382882	4.32571983157466	-8.57043268658246	1.7566657576048	-6.80309361645194	3.15148919615438	0.683613728471293	-7.20062648198534	-5.02343937960538	-9.91097454615357	4.38331489091717	1.47151331802796
NA20894	2	GIH	Gujarati Indian in Houston,TX	SAS	88.6875068777748	45.4262760771473	88.4977132507235	35.129277903475	-1.53178509211034	-0.563150117166343	0.637035352257698	-0.246801692570396	-8.02725876058268	-2.86057657843659	6.97121723103186	-5.57436113942315	2.18425131737347	-6.75742416973437	0.989157431405823	8.89280506328621	1.04860970982459	21.4897927897788	-14.2502692731415	-7.38937815277851
NA20895	1	GIH	Gujarati Indian in Houston,TX	SAS	90.9736009815172	43.0755191699023	89.7902221141474	39.2100681711162	-3.97745959227729	-0.0839504297308257	-2.54848180424602	-0.707809530231167	-11.0823102291729	-0.793083170847809	4.90054849323177	-0.34672928969222	2.10817966119752	-12.2827964922046	-3.10320714542599	3.78610092585143	1.04904669695902	9.3439325469339	-5.00529441077916	-8.45070181062206
NA20896	2	GIH	Gujarati Indian in Houston,TX	SAS	89.5830496308258	28.7759904798371	110.41174942755	48.6683143384239	-0.594061381808902	-1.09724259659087	1.32956984317742	-1.5098726108609	-83.5320300482254	4.08379496322695	-15.08452802418	7.82431486650767	-9.24566625749971	8.6652956757233	-1.57114399444967	-8.89313621515954	-3.41271615178871	-9.15153551106893	5.14849783369726	4.22835534091303
NA20897	1	GIH	Gujarati Indian in Houston,TX	SAS	88.6873126639335	18.1517871100692	105.999611739891	45.9523356885411	0.848285748325046	-1.21958041097221	1.96974194778197	2.36361636436812	12.9937770528878	0.969819895464487	-1.29633080659945	3.51188341741792	-2.32083172305974	-0.0347562881678016	-6.01514580762836	3.64240465213247	-4.59405488144966	-10.779204389301	8.82580794780857	6.35591852511975
NA20899	2	GIH	Gujarati Indian in Houston,TX	SAS	89.7465021867302	31.331153872641	107.847279064121	45.4402111219748	-2.48304233408675	-0.532132653871182	0.416851621162668	-0.904134664485293	-82.4554844582289	4.505070763535	-15.0048120935106	1.82637405889718	-12.0090516776616	-0.190818741504029	-0.651921890870169	-5.35291605941348	3.2448675818016	-0.999951107632725	4.0485172858802	4.95923105355928
NA20901	1	GIH	Gujarati Indian in Houston,TX	SAS	89.1538892437703	38.2360258178126	95.6680065516207	41.7204579049525	-3.21453902740538	1.27538172408051	0.250117187813615	-0.882012056938637	-5.40866230190584	-0.193172743303914	4.80704972331041	-7.1029035303416	5.69112393281147	-7.00791723207874	4.54142706900456	12.3546877346367	-1.72707094695769	13.280357279001	-8.02859413962033	-6.61469641458504
NA20902	2	GIH	Gujarati Indian in Houston,TX	SAS	89.9364256846843	30.2104635161747	111.711722693045	50.3728302287482	-3.46135303234821	-0.0091407624552331	0.456410530550422	-1.75300291578514	-97.013153281623	3.20287627994569	-11.9728413737167	0.147295588141271	-13.5603446101695	-3.94012360971498	-5.33672055321023	-11.2197115434033	-4.02560741534514	-8.37651522010655	5.88800880097578	3.43125128390106
NA20903	1	GIH	Gujarati Indian in Houston,TX	SAS	88.2428593094653	41.0956114939018	96.1536731215585	38.8929115283542	-3.77086805200095	0.896232754362477	0.467094857563649	0.187054124836154	-8.5306763318181	-3.35952838072136	4.13339018162431	-0.141615540787648	6.57596607294752	-4.56653394058084	-0.391821295829503	6.05650926435643	-3.83617225014281	10.6163623203045	-5.78546201806219	-8.15124682016525
NA20904	1	GIH	Gujarati Indian in Houston,TX	SAS	90.9725677647371	59.9514494609557	69.2422424219273	30.1540412976884	-3.07745810477922	0.107389045112332	-1.4019962599793	-1.18176606785202	-3.49651527570626	-3.13790699375818	10.1584301991816	-7.12340705393794	3.02814841825538	-5.00171671908833	3.37180315423215	11.3759999244537	4.55236097575668	25.9695574176945	-21.9907810346867	-10.622315055142
NA20905	1	GIH	Gujarati Indian in Houston,TX	SAS	88.6564657468249	35.7383357002704	100.138703991708	40.5653254713385	-3.44655682203516	2.47236416580661	0.102646186032675	-3.59067884815465	-6.85986873654737	0.868757264468356	-3.04498659848161	-3.95235849662729	1.28271135112038	-3.82296759661	-1.47999262650514	5.75463661276754	3.02561137372842	3.75911640164772	-1.6932228085197	3.23689316557403
NA20906	2	GIH	Gujarati Indian in Houston,TX	SAS	88.2081609892042	21.5997451289925	103.823435398952	45.36825601371	-0.67881774116324	-0.566904564545476	-2.420839148485	-0.358689131939904	16.5493691221102	0.269266557867807	0.0481560026781966	0.134862426486907	-0.158858763216289	5.79091106865572	-3.74925808668533	7.61722250609858	-3.72270773706806	-8.53878030552315	3.91914202721401	3.3412141128966
NA20908	2	GIH	Gujarati Indian in Houston,TX	SAS	88.8715746612332	24.1978967306986	104.628835244493	45.5269742228423	0.10388304130617	-0.0750126253128214	0.0559712670101889	-0.544691755979387	11.7353932601384	0.473319961341815	2.09009983792547	4.42733801705216	0.514300475138181	0.913599009353226	-6.06632645057523	6.78042186258162	-4.6492180877145	-6.6884852308495	4.13706300602287	-0.782248473517716
NA20910	2	GIH	Gujarati Indian in Houston,TX	SAS	88.5471700835859	58.2416145724541	73.3771236954384	27.2403908400459	-4.79139326884836	2.23212012978078	-1.2816308051217	1.6288034871207	-6.66101181206823	-5.4208183312355	10.3767276814286	-4.79134050963553	-0.446188019008468	-11.173482770049	3.8146072505677	10.438305042628	-0.389308598172201	23.8746887908573	-17.0520535113006	-11.9551322994059
NA20911	1	GIH	Gujarati Indian in Houston,TX	SAS	88.3427613526357	30.4627158007204	104.671642672294	45.1586636221221	-0.33653125467265	0.475888951946266	3.27025034380428	-0.322611926260251	-78.0386191136027	6.48693950150592	-12.3353661329562	4.4511413647276	-6.65924492567027	3.77996458574714	-13.2231968964248	-3.96135620999514	1.8283272045129	-7.32262784493524	0.609405820519787	0.0783540082122782
NA21086	2	GIH	Gujarati Indian in Houston,TX	SAS	90.1687943328382	30.3094879914156	105.718461255717	44.0001056676175	-3.85936605828442	-1.81124188505787	1.2975854821209	1.68538438128454	-68.1580266457681	5.47468799654854	-6.31761860044063	2.79724634809282	-12.8417599750719	3.61760629911148	-0.396652538241499	-2.56699963849867	-1.40380822452815	-6.8425483431057	3.24027940014198	0.503061008016219
NA21087	1	GIH	Gujarati Indian in Houston,TX	SAS	90.3138182020236	30.5641319413431	107.856583334386	46.9840120377231	-3.59389630866866	-1.91719044343679	-0.867615613766165	1.64725885392753	-69.9094194900216	0.671032101285393	-11.2830154959561	5.19625765350144	-10.9205641011988	-3.32884855501517	2.01801926929665	-5.26516993926858	-5.70335897135697	-4.47153164333864	2.97994364866144	3.76358330591651
NA21088	2	GIH	Gujarati Indian in Houston,TX	SAS	90.2543082799575	34.9984882133657	105.193794553758	46.1312554111235	-5.18020961495238	0.708344091183034	3.53920194780097	-1.27521555371164	-75.5321601740156	4.96491780177135	-9.47293202818465	3.91241035060987	-6.62701977924527	0.969981414360835	3.09116749048098	-3.14884468277043	2.24970796550172	-9.68628407488209	3.39944652862858	-0.869286029149466
NA21089	2	GIH	Gujarati Indian in Houston,TX	SAS	89.2291635671763	34.5490415417933	107.557865964564	45.1468589705993	-3.4409665377345	0.0620616085492467	3.11781855861035	-1.62236941220508	-91.5258392935321	3.61588001034686	-9.20061052508484	4.68199574018031	-8.70504134775408	0.375376482955309	-0.0746954880256987	-13.8306303468426	-0.73602346077666	-11.9001065089801	2.07158960990532	3.87577597768069
NA21090	1	GIH	Gujarati Indian in Houston,TX	SAS	87.7441770084184	29.530450271921	112.82805516349	50.6068957414509	-3.84408998203545	-1.04685756592091	0.234458119823056	-1.35174205027422	-81.7768008950453	3.9641691582977	-12.3019977755313	4.81278856408443	-15.9393859028751	1.6293366703117	-3.04829006306891	-11.0114265441851	-4.04936781086141	-12.053612669797	5.3807460643087	1.99803880470211
NA21091	1	GIH	Gujarati Indian in Houston,TX	SAS	88.605637726887	32.9685288515564	109.088633162292	45.4317596706141	-5.49671201980189	0.899669022750383	1.50011084596064	0.366732850445687	-76.0080635485915	4.19214888453336	-10.0498099576775	9.25284778325743	-11.596051707436	1.06359870318778	-2.26994123940199	-2.13500086129737	1.32715758215319	-13.0429177921798	0.901396948608229	0.0790911372171696
NA21092	1	GIH	Gujarati Indian in Houston,TX	SAS	91.2052249984197	37.7340721673449	94.7423190923812	40.9949665341567	1.93779644270582	-0.0851068072475493	3.7374422282437	-2.12478257516939	-5.82888855272389	0.957675499429811	4.96792920731749	1.33211949353751	3.93810796295885	-4.81171437773907	-5.97587578731603	6.73481069902188	0.0915780990523812	9.38560577196284	-7.04189247119432	-5.65770161049203
NA21093	1	GIH	Gujarati Indian in Houston,TX	SAS	90.4000436825418	30.3250634554508	111.739107524739	48.8866796087166	-4.10702906980983	-0.607676909123296	1.07410738559621	-0.466103690891406	-90.7407207864809	4.18441429457849	-13.034075675663	7.55731416984333	-10.5807689746949	4.49827914227617	-3.77197144352999	-12.2241992556332	-0.600026107919037	-12.2182447695142	2.88382773886456	-4.72021490482121
NA21094	1	GIH	Gujarati Indian in Houston,TX	SAS	87.6670442652095	30.6153307047377	108.882295417959	49.7343761157805	-0.204839288495768	-0.801332509902208	0.96325564782965	-2.46573457387539	-92.3391646847966	5.54384243855236	-13.6812184866524	11.6800497990112	-10.8824910284895	0.387038002181597	-6.89789228895809	-5.1357651720614	1.36524415169034	-2.28555203791601	0.420709574454572	-1.68740410528728
NA21095	1	GIH	Gujarati Indian in Houston,TX	SAS	90.234053755368	29.8904188232028	102.682108031885	46.9033675046517	-1.95968339135525	-0.472684876740505	-2.79151611622462	-0.550054838923993	-0.216076146423103	0.397500407445903	2.03637181860291	-6.20564562073715	6.81020171152499	3.94770604227228	2.27091294995561	4.3803190184452	-1.0337408419011	11.1267384626939	0.40689346689748	0.703049003932366
NA21097	2	GIH	Gujarati Indian in Houston,TX	SAS	88.9251248374633	36.1388109967139	97.6034018179099	43.4860386001687	-0.229227398335581	-0.848084540883727	2.22958775516707	1.2416460389422	-6.84878057435112	1.28441628538688	4.55905376850645	2.84934299512958	3.42460239500653	-2.50666577871952	-4.18248643996023	9.23113207204528	2.34547369518334	8.63819652788914	-7.39758117118225	0.447034498074386
NA21098	1	GIH	Gujarati Indian in Houston,TX	SAS	88.4195820029855	29.75888968499	106.43750542257	47.3873805783332	-1.66372066419177	-1.52582333857255	-0.0690907755240763	0.390032186657122	-90.501317515178	4.15196287363177	-12.8767118234528	6.89320101909395	-11.1012132902149	3.78178719638415	-2.02383249763747	-11.4321632788732	-3.83125871453009	-7.12455310429332	5.18277062521582	0.967322784335258
NA21099	1	GIH	Gujarati Indian in Houston,TX	SAS	89.2986919804466	35.7920050681731	103.520981424806	44.148495355601	-1.74104871783046	-0.795362829443812	0.136582076259305	-0.90311076090994	-84.7063768184408	6.03485341814959	-12.8260891896819	3.17346995260593	-8.85468764260709	-4.49363694809614	1.51614365822299	-8.57234286175268	-3.06776511663122	-1.25808092034447	0.754618507255272	0.698103602512164
NA21100	1	GIH	Gujarati Indian in Houston,TX	SAS	87.9653021549866	31.6399873087328	107.082557138075	49.0717155602483	-4.14045831348056	1.41952320304961	1.78835772318426	-1.310227757276	-92.3954004629844	6.57274653493861	-14.4518920573245	7.81555892940255	-10.0934689734715	7.47663333009055	3.33024791094375	-6.71535833729227	-0.58829642002256	-5.75341577595492	4.15891616757057	4.33570219587736
NA21101	2	GIH	Gujarati Indian in Houston,TX	SAS	88.9988043827647	32.3466796196354	102.88171571569	47.1046038819704	-0.856798941977887	-0.541673737352862	0.81953112354398	2.48396863717032	-58.5000666239786	5.12778593062667	-8.2639692108085	2.83029809764248	-6.31675092731376	4.55323396605922	-2.33160580838667	-4.60220589274088	-4.00330675747369	-0.41435916120852	1.23446527178734	3.45333120633008
NA21102	2	GIH	Gujarati Indian in Houston,TX	SAS	88.9240685881157	33.0345723524609	109.439763362402	48.8378662187495	-1.68355203688129	1.0307604918667	1.99977523556259	-1.18474203359146	-81.057809332134	4.13254291527696	-11.0287569586957	4.19187001679225	-8.0838904444139	1.04242566248676	-5.03778572728294	-11.9327889411641	-2.1306615935082	-7.27611209815231	4.32113716792302	5.69264470319959
NA21103	2	GIH	Gujarati Indian in Houston,TX	SAS	86.9668090818004	30.3174862552086	108.956407298531	46.9963651053869	-2.80849381062617	-0.382576745661915	1.27274045581765	-0.643270998147019	-88.1346842947611	4.88574324486849	-9.24351115223436	5.82104692976147	-14.3953509294137	1.64625193107238	-1.29722617652944	-6.83480998841442	1.92868481321356	-7.23611602347837	-0.528471296971755	0.786267477630993
NA21104	1	GIH	Gujarati Indian in Houston,TX	SAS	87.8412685276031	31.7864386333461	107.148288206401	49.6910324067196	-4.81071407801904	1.32757233175115	4.59319430495187	-0.963774400587549	-84.6679814181638	5.03235091683229	-13.0208725589858	4.0859793939253	-11.8463354495456	3.46851152633601	-2.58482850084202	-9.39374563717317	-2.81032007068439	-15.0952985601806	-1.01401178354264	3.66940451405151
NA21105	1	GIH	Gujarati Indian in Houston,TX	SAS	90.1095482363299	36.0515167114085	101.681783404498	41.099432909295	-2.95377528229229	-1.35081096848312	3.58966517585151	-1.65032708678338	-54.2700170617496	4.55848495373783	-10.4675083036396	-1.01974043679372	-10.9030099501436	-0.625091454173196	-6.62329383090676	-2.86532541529332	2.51112306228923	-2.96063242200221	2.84467229700231	-2.32955676454372
NA21106	2	GIH	Gujarati Indian in Houston,TX	SAS	89.5869483701452	30.825975376704	109.802683977712	49.3905301334337	-1.90504510198123	0.937396550296964	1.94546197083072	1.87084063350099	-85.1141322035548	8.09857569441594	-15.82346822586	5.07415269398947	-13.3632362353268	3.19823129022813	-4.64320943134899	-10.459453389738	-1.33374920692858	-7.01038017558816	4.2905987853104	1.68588251402935
NA21107	1	GIH	Gujarati Indian in Houston,TX	SAS	89.252742500263	35.5532011773798	106.7299643583	46.4509231769323	-1.93036009695219	1.86742806857447	-1.79928752311276	-1.92639582941326	-86.5450980452679	7.29815029559501	-10.8749865925404	7.43806842134036	-8.91393313217726	2.14113873656452	0.325578930924106	-10.8894530840017	-3.80044570847937	-3.26834274830305	0.39866433375567	2.62382857442911
NA21108	2	GIH	Gujarati Indian in Houston,TX	SAS	87.4156171713595	56.4270574544468	77.2767899170877	29.7587441636792	-5.60476588149298	1.77791669530842	-1.8078337547841	-0.727000997561209	-11.4685554341099	-3.21598048089931	5.69951247036342	-9.13832376142093	5.44759345501364	-1.04102182016052	-0.147716043387904	11.6082164077144	3.54286063694686	27.9396288858978	-18.2702725495238	-12.5232125746078
NA21109	1	GIH	Gujarati Indian in Houston,TX	SAS	86.9213871510508	33.0509215376147	107.360482495248	47.7773402981213	-0.571108688406039	-1.12542348035773	4.43912694135157	-1.80386122917436	-85.992253517277	5.04833578456248	-13.2080831482747	4.23677438172359	-12.9206024137367	-0.325081291735769	0.839419085148181	-6.53393258992131	-3.64874386188144	-3.01451606557081	2.74951921822409	-4.37709174284129
NA21110	2	GIH	Gujarati Indian in Houston,TX	SAS	89.1479792406507	33.2510237916307	107.554429482038	46.1239810549978	-2.52084329650332	0.0339013659459367	0.99735851288302	-2.5590174216553	-85.0437256844942	6.08678082154521	-12.8416218404575	1.66945250983257	-10.7277978738144	-1.54833312352643	-4.10933425167096	-5.12879024501638	-4.15629043459782	-5.54566660121014	3.68983861810298	-2.82922324987518
NA21111	1	GIH	Gujarati Indian in Houston,TX	SAS	89.8184695399989	33.5981245769956	103.192088543993	45.8758708563192	-4.45244979185566	0.519491657563635	-0.400681414197512	-0.379780634064023	-75.3112027224616	2.74024266723325	-9.36503594332558	2.82669060198431	-7.34463786681701	-1.30428830522312	-3.72100561189072	-7.61238278535856	-3.25152345755866	-1.36066779376087	4.03971993472076	5.4985948691798
NA21112	1	GIH	Gujarati Indian in Houston,TX	SAS	88.8107601152168	31.4798775776294	106.621984133762	46.1041942727107	-4.48202937324837	1.33342558004424	-0.981696926199407	1.21129820981823	-81.4841810379814	8.54303259273033	-13.2418808432328	6.37865806090715	-13.3662699200506	2.49931890395077	-0.267733008193856	-2.12699664618166	-3.61332431375658	-9.33364796218681	3.78946143691497	4.70306678049554
NA21113	1	GIH	Gujarati Indian in Houston,TX	SAS	87.6335488685098	30.5028828835595	107.839470202705	45.8173855650492	1.40644315582534	-1.52331688301003	1.82748647216029	-1.83439699519147	-86.4226788527424	4.4849868488241	-13.3591725602545	4.33166584124878	-11.9910463661925	-3.17568287580137	-3.48130777387212	-7.53733640480576	-1.19952087756894	-5.83442591514096	1.17380569265105	-1.47767398330172
NA21114	1	GIH	Gujarati Indian in Houston,TX	SAS	89.5569569132318	33.2856097288466	104.483519874782	44.2114057250105	-2.08260537071781	0.216946527183741	-0.206608482550419	0.202089950469594	-77.5308563582603	6.97064476079071	-9.76442839317484	10.6046429931239	-14.1986526568895	-0.362655030548536	-0.857148434657396	-11.3928576044003	-1.12864787188473	-14.3431740816304	5.15899875103143	9.93863978387511
NA21115	1	GIH	Gujarati Indian in Houston,TX	SAS	89.5675493600846	31.0671687155627	106.022698381512	47.8246606311841	-1.86577794224192	-0.826236526960452	0.55306483269077	-1.15072955625427	-86.1364939649599	9.77497536017193	-20.3052856508371	4.36649792822493	-15.8536198388076	2.81132446468095	4.8305179280983	-11.679547572891	-2.47081175760045	-8.32544458052791	4.22687663686193	2.37830234851773
NA21116	1	GIH	Gujarati Indian in Houston,TX	SAS	90.0450772094344	35.3597280872082	96.424907527006	43.5733863451655	-1.70078478728092	-0.0617077851832842	-2.63474314942353	-1.62095217812692	-11.3219345294942	0.677276056936046	3.65206920312881	-1.98460614215271	-0.269841447621989	1.30068559985884	3.83852067511795	3.01290023175718	-0.608013182407289	9.42573591521847	-9.96238407768963	-5.58272590765039
NA21117	1	GIH	Gujarati Indian in Houston,TX	SAS	89.9526716580001	31.5382023309399	104.11773930245	45.6472817787532	-6.13483439798315	0.57155268757491	0.908028208045079	-2.51522625757821	-76.2538967697107	5.31733790478772	-11.7223706043907	-4.06058288200462	-11.9773777873532	4.58698673918144	-5.7367114909085	-13.045476257848	-1.62182137060757	2.14221373438051	2.48635265937973	-1.24010903891485
NA21118	1	GIH	Gujarati Indian in Houston,TX	SAS	89.8564895579019	32.8433287800168	108.468829328288	47.0392488591238	-1.19116334923257	-1.04798547441783	-3.48129111034404	-0.427165015324551	-88.0557023696513	4.86567267168056	-16.6572527122235	3.12444671454527	-14.5884237514413	1.5931786463437	-1.56088731744739	-8.90323782547982	3.11438366549104	-10.3394753406092	5.78479814760605	5.87378228193219
NA21119	1	GIH	Gujarati Indian in Houston,TX	SAS	88.2942173516764	31.0803112820374	111.198748302374	47.7475423803215	0.664927315633871	-1.13119785644628	2.71925293711363	-1.94627096136094	-93.427216985229	7.49329237320415	-12.057921433002	7.06251151079862	-16.6042449206811	0.188843518036424	-3.41715734118418	-13.5447750755308	0.613659016960035	-9.17991129318386	7.89927781267761	4.40492999551195
NA21120	2	GIH	Gujarati Indian in Houston,TX	SAS	89.6444826362652	38.5580673700855	91.3877306934183	37.7522939015884	0.425457836386114	0.765540740007482	1.67767772775178	0.449853220445208	-2.27329872823744	-1.74352327250675	3.64910619811881	-1.69275415775743	3.78888569161508	-10.9261455020511	-4.06128774774895	9.83596351010851	3.76869829391185	9.04985469176922	-9.26872012103932	-3.90244234260817
NA21122	2	GIH	Gujarati Indian in Houston,TX	SAS	88.1644436500747	32.3611395272512	108.516887485081	43.9699586322884	-3.6817976613496	0.459283325440679	1.24954020995057	1.30575858811785	-91.1022471250236	3.79775322238514	-16.5729641533762	1.69906458493279	-6.41409880936796	2.77879642744257	0.320476456709503	-11.0463820284546	0.893538841259772	-5.48915096515055	4.66356545925676	-0.0103223526982367
NA21123	1	GIH	Gujarati Indian in Houston,TX	SAS	87.9583420914921	33.4966877777029	106.726241707614	48.066054444775	-2.58478802773708	1.07233090963875	1.77451916875453	-0.85854420543164	-83.5357451582953	5.05666057937077	-10.0438633479299	3.28280719969856	-14.5202149290573	-5.21475627467929	-4.02362811451028	-13.2929759617669	-0.961891400357027	-7.17414465174267	3.33049281651446	2.10553664537255
NA21124	1	GIH	Gujarati Indian in Houston,TX	SAS	90.7725612035573	31.4853356531363	107.526301658814	47.3474844810686	-3.61065397704461	-0.328347020062328	2.61021040600777	-1.39653087303031	-84.384904183236	4.76417972742349	-8.94183476578091	1.65457653655823	-11.5595256201579	-5.57777695452974	-3.6913674235755	-9.6661224445431	-1.86068563821746	-7.47158071508988	-1.2809307917421	-1.068012047201
NA21125	2	GIH	Gujarati Indian in Houston,TX	SAS	89.703414753754	32.2219545446189	107.922170503925	47.1427626359975	-6.17369759347186	-0.263735353389955	3.46996795094048	1.05282679292684	-91.5635664015546	1.25742250366935	-13.0752144824216	10.0164466581042	-12.1626700907008	1.60167777844529	-4.49736300285833	-5.7363285819213	0.855728006213866	-8.56811773509664	5.40245713113962	1.28342928448521
NA21126	1	GIH	Gujarati Indian in Houston,TX	SAS	90.1894796512532	30.4123873855019	108.57765877323	46.8883809027699	-4.6140339898534	0.59993239155128	-0.392659666697539	-0.56132171210159	-82.9414932525598	4.52945629336277	-12.6131339526335	2.26188396814317	-19.1836443502824	-4.01397009197847	-1.48050218339559	-10.2027423529521	0.998190664681662	-11.0161733902723	2.01104123615761	4.25714991857906
NA21127	1	GIH	Gujarati Indian in Houston,TX	SAS	88.9615943104989	31.6267443927957	108.667611058926	47.3600735341137	-4.48933443026306	0.677481154050207	2.98320120540653	-1.55026136830055	-85.8091175487847	7.44693489731455	-12.7452996496285	3.3543850921998	-12.384007663062	2.53367448614476	-0.781880757070939	-8.27406648085109	-1.64818251720025	-2.03282693147046	1.23221842921318	4.55198056692809
NA21128	1	GIH	Gujarati Indian in Houston,TX	SAS	90.0610668791499	32.3824291389602	106.630239198617	47.9499929335935	-4.24614061855479	-0.188028717572718	-1.87253792927113	-1.58271373755729	-82.8348454645426	1.6668897933781	-12.6820282308841	1.65757046962286	-12.196285460361	0.829906751009145	2.65559548212557	-10.8293627431056	0.964366987841057	-3.50933318271859	4.13112580128014	2.64872397682562
NA21129	1	GIH	Gujarati Indian in Houston,TX	SAS	90.8344386620562	29.5239519877187	112.042970387949	46.5337920721739	-3.46072040861068	1.23133127368054	1.65396925294611	-2.76996475337302	-86.1847606436339	6.32998561291948	-14.6001060663859	5.82478706421326	-13.0912026308011	4.04733327196167	0.0882732725410614	-11.4338828514434	-1.70766430292376	-10.4068839202375	3.03995051171579	1.10645214933341
NA21130	1	GIH	Gujarati Indian in Houston,TX	SAS	90.7290191588133	36.1504800038896	104.653311515168	43.3986951367573	-5.35281370289506	-1.62185954582351	1.40430342405678	-0.220115277008234	-81.4137130242344	4.76641127289499	-13.0407869908404	4.33213330814057	-13.2074413594083	4.82234590751378	-8.38038048300951	-8.78438758351809	-2.62716098157154	5.11358133948377	1.01497935752117	4.88700953349804
NA21133	1	GIH	Gujarati Indian in Houston,TX	SAS	90.8550416406883	30.3165494609079	104.086206916215	46.1988240885567	-2.58830794947593	0.270416938215654	-1.61924217980276	1.57341828263289	-83.3558507462713	9.32617930536244	-15.5021745898479	4.11492050349113	-8.16929498288997	8.70906753937649	-2.40735699216127	-11.7065529870076	0.803889083647019	-10.1586032127073	8.73447626734476	6.20401002094278
NA21137	2	GIH	Gujarati Indian in Houston,TX	SAS	89.2591612851346	32.5892995459638	106.530628281242	46.9712393690698	-4.78762595695096	1.14115687071881	0.527493259423427	-1.99193822630399	-79.4610382896462	3.68110760286772	-7.81788373035388	6.51959024896855	-14.2259477720919	-6.45214125499991	-5.42703405039185	-8.99427700023226	-0.400839604799305	-6.41026388844999	5.66778534708788	7.59867635594462
NA21141	2	GIH	Gujarati Indian in Houston,TX	SAS	89.0967498263567	32.7450795329295	108.843177846512	48.421253017291	-2.20293386456603	1.0497070641594	-2.88592539875385	-0.45041907723011	-88.6373501397815	6.98206868610565	-15.4772094581185	5.29902129255361	-10.9400756879989	3.84447833836467	0.998853766644096	-6.97826889187984	-3.43128496530065	-6.27702258384453	11.7147610176858	5.55532378188055
NA21142	2	GIH	Gujarati Indian in Houston,TX	SAS	89.4029010671742	31.5771195817788	107.643652994324	48.1851465201123	-1.78866300765614	-1.6321062804257	-1.32398088195401	-2.83901732943933	-91.3090400261306	3.37151072571752	-12.2375093799848	4.11675016017888	-13.53934940507	3.64622410059862	1.51732632304939	-6.31547372531264	-0.483709246629228	-10.4393428847429	-1.61487363514442	0.945305874207876
NA21143	2	GIH	Gujarati Indian in Houston,TX	SAS	89.9488154165056	29.9437671560001	110.055085811961	48.0121121863873	-2.62964097840631	0.166628040994465	0.506332156804559	-1.43357496204003	-87.2403564753952	6.87910622280838	-15.3123851313564	8.51970986687081	-8.96160329380424	6.64996037875005	-3.02641150141626	-3.50186176785641	0.368904894065865	-12.7083154328272	4.5891582922945	5.55576274789203
NA21144	2	GIH	Gujarati Indian in Houston,TX	SAS	88.8083064260196	31.2665752116183	109.741821984917	45.3990563511292	-0.970159801576175	0.60450892048394	1.2296901210173	2.96898134521653	-96.8201712884745	6.46327015602908	-15.6503903694175	4.25840968110821	-9.87394840184473	-6.49244769879045	-4.09342163089184	-6.30583705947503	-1.18470721259992	-5.10860022720293	0.690847600625656	-3.41538891432459
